{"level":"info","message":"Server running on port 3000","timestamp":"2026-05-20T07:51:44.815Z"}
{"level":"info","message":"Server running on port 3000","timestamp":"2026-05-20T07:53:23.017Z"}
{"level":"info","message":"Server running on port 3000","timestamp":"2026-05-20T07:54:13.160Z"}
{"level":"info","message":"Server running on port 3000","timestamp":"2026-05-20T08:50:57.986Z"}
{"email":"prajaktapare33@yopmail.com","first_name":"Prajakta","level":"info","link":"http://localhost:3000/auth/verify-email?uid=40&token=a717d4a1c4dc755761b4","message":"EMAIL DEBUG","timestamp":"2026-05-20T08:52:22.727Z"}
{"level":"info","message":"SENDING VERIFICATION EMAIL TO prajaktapare33@yopmail.com","timestamp":"2026-05-20T08:52:22.728Z"}
{"code":"ENOENT","errno":-4058,"level":"error","message":"SMTP ERROR IN EMAIL SERVICE ENOENT: no such file or directory, open 'D:\\About_LexiconNetworks\\Library_Management_System\\backend\\src\\utils\\templates\\email_template.html'","path":"D:\\About_LexiconNetworks\\Library_Management_System\\backend\\src\\utils\\templates\\email_template.html","stack":"Error: ENOENT: no such file or directory, open 'D:\\About_LexiconNetworks\\Library_Management_System\\backend\\src\\utils\\templates\\email_template.html'\n    at Object.readFileSync (node:fs:440:20)\n    at sendVerificationEmail (file:///D:/About_LexiconNetworks/Library_Management_System/backend/src/services/email.service.js:26:26)\n    at register (file:///D:/About_LexiconNetworks/Library_Management_System/backend/src/controllers/auth.controller.js:34:11)\n    at process.processTicksAndRejections (node:internal/process/task_queues:103:5)","syscall":"open","timestamp":"2026-05-20T08:52:22.737Z"}
{"level":"error","message":"REGISTER ERROR EMAIL_SEND_FAILED","stack":"Error: EMAIL_SEND_FAILED\n    at sendVerificationEmail (file:///D:/About_LexiconNetworks/Library_Management_System/backend/src/services/email.service.js:50:11)\n    at register (file:///D:/About_LexiconNetworks/Library_Management_System/backend/src/controllers/auth.controller.js:34:11)\n    at process.processTicksAndRejections (node:internal/process/task_queues:103:5)","timestamp":"2026-05-20T08:52:22.739Z"}
{"level":"info","message":"Server running on port 3000","timestamp":"2026-05-20T08:53:27.722Z"}
{"level":"info","message":"Server running on port 3000","timestamp":"2026-05-20T08:53:31.596Z"}
{"email":"prajaktapare333@yopmail.com","first_name":"Prajakta","level":"info","link":"http://localhost:3000/auth/verify-email?uid=41&token=298d8031bb19198be879","message":"EMAIL DEBUG","timestamp":"2026-05-20T08:53:51.111Z"}
{"level":"info","message":"SENDING VERIFICATION EMAIL TO prajaktapare333@yopmail.com","timestamp":"2026-05-20T08:53:51.113Z"}
{"code":"ENOENT","errno":-4058,"level":"error","message":"SMTP ERROR IN EMAIL SERVICE ENOENT: no such file or directory, open 'D:\\About_LexiconNetworks\\Library_Management_System\\backend\\src\\utils\\templates\\auth.email.template.html'","path":"D:\\About_LexiconNetworks\\Library_Management_System\\backend\\src\\utils\\templates\\auth.email.template.html","stack":"Error: ENOENT: no such file or directory, open 'D:\\About_LexiconNetworks\\Library_Management_System\\backend\\src\\utils\\templates\\auth.email.template.html'\n    at Object.readFileSync (node:fs:440:20)\n    at sendVerificationEmail (file:///D:/About_LexiconNetworks/Library_Management_System/backend/src/services/email.service.js:26:26)\n    at register (file:///D:/About_LexiconNetworks/Library_Management_System/backend/src/controllers/auth.controller.js:34:11)\n    at process.processTicksAndRejections (node:internal/process/task_queues:103:5)","syscall":"open","timestamp":"2026-05-20T08:53:51.114Z"}
{"level":"error","message":"REGISTER ERROR EMAIL_SEND_FAILED","stack":"Error: EMAIL_SEND_FAILED\n    at sendVerificationEmail (file:///D:/About_LexiconNetworks/Library_Management_System/backend/src/services/email.service.js:50:11)\n    at register (file:///D:/About_LexiconNetworks/Library_Management_System/backend/src/controllers/auth.controller.js:34:11)\n    at process.processTicksAndRejections (node:internal/process/task_queues:103:5)","timestamp":"2026-05-20T08:53:51.116Z"}
{"level":"info","message":"Server running on port 3000","timestamp":"2026-05-20T08:56:10.361Z"}
{"level":"info","message":"Server running on port 3000","timestamp":"2026-05-20T08:56:12.696Z"}
{"code":"ER_DUP_ENTRY","errno":1062,"level":"error","message":"REGISTER ERROR Duplicate entry '9980000022' for key 'users.phone'","sql":"INSERT INTO users(first_name,last_name,email,password_hash,phone,is_active,is_verified,verification_token)\n       VALUES(?,?,?,?,?,?,?,?)","sqlMessage":"Duplicate entry '9980000022' for key 'users.phone'","sqlState":"23000","stack":"Error: Duplicate entry '9980000022' for key 'users.phone'\n    at register (file:///D:/About_LexiconNetworks/Library_Management_System/backend/src/controllers/auth.controller.js:24:31)","timestamp":"2026-05-20T08:56:19.604Z"}
{"email":"prajaktapare13@yopmail.com","first_name":"Prajakta","level":"info","link":"http://localhost:3000/auth/verify-email?uid=43&token=3199d9dedb4558d2fd02","message":"EMAIL DEBUG","timestamp":"2026-05-20T08:56:26.330Z"}
{"level":"info","message":"SENDING VERIFICATION EMAIL TO prajaktapare13@yopmail.com","timestamp":"2026-05-20T08:56:26.331Z"}
{"code":"ENOENT","errno":-4058,"level":"error","message":"SMTP ERROR IN EMAIL SERVICE ENOENT: no such file or directory, open 'D:\\About_LexiconNetworks\\Library_Management_System\\backend\\src\\utils\\templates\\auth.email.template.html'","path":"D:\\About_LexiconNetworks\\Library_Management_System\\backend\\src\\utils\\templates\\auth.email.template.html","stack":"Error: ENOENT: no such file or directory, open 'D:\\About_LexiconNetworks\\Library_Management_System\\backend\\src\\utils\\templates\\auth.email.template.html'\n    at Object.readFileSync (node:fs:440:20)\n    at sendVerificationEmail (file:///D:/About_LexiconNetworks/Library_Management_System/backend/src/services/email.service.js:26:26)\n    at register (file:///D:/About_LexiconNetworks/Library_Management_System/backend/src/controllers/auth.controller.js:34:11)\n    at process.processTicksAndRejections (node:internal/process/task_queues:103:5)","syscall":"open","timestamp":"2026-05-20T08:56:26.332Z"}
{"level":"error","message":"REGISTER ERROR EMAIL_SEND_FAILED","stack":"Error: EMAIL_SEND_FAILED\n    at sendVerificationEmail (file:///D:/About_LexiconNetworks/Library_Management_System/backend/src/services/email.service.js:50:11)\n    at register (file:///D:/About_LexiconNetworks/Library_Management_System/backend/src/controllers/auth.controller.js:34:11)\n    at process.processTicksAndRejections (node:internal/process/task_queues:103:5)","timestamp":"2026-05-20T08:56:26.332Z"}
{"level":"info","message":"Server running on port 3000","timestamp":"2026-05-20T08:57:05.082Z"}
{"email":"student@yopmail.com","first_name":"Prajakta","level":"info","link":"http://localhost:3000/auth/verify-email?uid=44&token=107e41264628b5b5abcb","message":"EMAIL DEBUG","timestamp":"2026-05-20T08:57:27.258Z"}
{"level":"info","message":"SENDING VERIFICATION EMAIL TO student@yopmail.com","timestamp":"2026-05-20T08:57:27.259Z"}
{"level":"info","message":"EMAIL TEMPLATE LOADED SUCCESSFULLY","timestamp":"2026-05-20T08:57:27.260Z"}
{"level":"info","message":"EMAIL TEMPLATE VARIABLES REPLACED","timestamp":"2026-05-20T08:57:27.261Z"}
{"level":"info","message":"VERIFICATION EMAIL SENT SUCCESSFULLY TO student@yopmail.com","timestamp":"2026-05-20T08:57:29.881Z"}
{"level":"info","message":"EMAIL MESSAGE ID: <406fc6a5-1516-7600-44b0-299c3d1dec75@undefined>","timestamp":"2026-05-20T08:57:29.882Z"}
{"level":"info","message":"USER REGISTERED:44","timestamp":"2026-05-20T08:57:29.883Z"}
{"level":"info","message":"EMAIL VERIFY REQUEST","timestamp":"2026-05-20T08:57:42.099Z"}
{"level":"info","message":"EMAIL VERIFIED:44","timestamp":"2026-05-20T08:57:42.189Z"}
{"level":"info","message":"EMAIL VERIFY REQUEST","timestamp":"2026-05-20T08:57:45.508Z"}
{"level":"error","message":"VERIFY EMAIL ERROR USER_ALREADY_VERIFIED","stack":"Error: USER_ALREADY_VERIFIED\n    at verifyEmail (file:///D:/About_LexiconNetworks/Library_Management_System/backend/src/controllers/auth.controller.js:157:39)\n    at process.processTicksAndRejections (node:internal/process/task_queues:103:5)","timestamp":"2026-05-20T08:57:45.511Z"}
{"code":"ER_DUP_ENTRY","errno":1062,"level":"error","message":"REGISTER ERROR Duplicate entry 'student@yopmail.com' for key 'users.email'","sql":"INSERT INTO users(first_name,last_name,email,password_hash,phone,is_active,is_verified,verification_token)\n       VALUES(?,?,?,?,?,?,?,?)","sqlMessage":"Duplicate entry 'student@yopmail.com' for key 'users.email'","sqlState":"23000","stack":"Error: Duplicate entry 'student@yopmail.com' for key 'users.email'\n    at register (file:///D:/About_LexiconNetworks/Library_Management_System/backend/src/controllers/auth.controller.js:24:31)","timestamp":"2026-05-20T08:57:52.363Z"}
{"body":"\n   \r\n\n\n\r\n\n\r\n{\r\n    \"email\": \"student@yopmail.com\",\r\n\n}","expose":true,"level":"error","message":"GLOBAL ERROR Expected double-quoted property name in JSON at position 54 (line 11 column 1)","stack":"SyntaxError: Expected double-quoted property name in JSON at position 54 (line 11 column 1)\n    at JSON.parse (<anonymous>)\n    at parse (D:\\About_LexiconNetworks\\Library_Management_System\\backend\\node_modules\\body-parser\\lib\\types\\json.js:72:19)\n    at D:\\About_LexiconNetworks\\Library_Management_System\\backend\\node_modules\\body-parser\\lib\\read.js:162:18\n    at AsyncResource.runInAsyncScope (node:async_hooks:214:14)\n    at invokeCallback (D:\\About_LexiconNetworks\\Library_Management_System\\backend\\node_modules\\raw-body\\index.js:238:16)\n    at done (D:\\About_LexiconNetworks\\Library_Management_System\\backend\\node_modules\\raw-body\\index.js:227:7)\n    at IncomingMessage.onEnd (D:\\About_LexiconNetworks\\Library_Management_System\\backend\\node_modules\\raw-body\\index.js:287:7)\n    at IncomingMessage.emit (node:events:519:28)\n    at endReadableNT (node:internal/streams/readable:1698:12)\n    at process.processTicksAndRejections (node:internal/process/task_queues:89:21)","status":400,"statusCode":400,"timestamp":"2026-05-20T08:58:15.138Z","type":"entity.parse.failed"}
{"0":{"instancePath":"","keyword":"errorMessage","message":"PASSWORD_REQUIRED","params":{"errors":[{"emUsed":true,"instancePath":"","keyword":"required","message":"must have required property 'password'","params":{"missingProperty":"password"},"schemaPath":"#/required"}]},"schemaPath":"#/errorMessage"},"level":"warn","message":"AJV VALIDATION FAILED","timestamp":"2026-05-20T08:58:19.377Z"}
{"level":"info","message":"LOGIN REQUEST RECEIVED","timestamp":"2026-05-20T08:58:28.783Z"}
{"level":"error","message":"LOGIN ERROR USER_NOT_FOUND","stack":"Error: USER_NOT_FOUND\n    at login (file:///D:/About_LexiconNetworks/Library_Management_System/backend/src/controllers/auth.controller.js:88:22)\n    at process.processTicksAndRejections (node:internal/process/task_queues:103:5)","timestamp":"2026-05-20T08:58:28.807Z"}
{"level":"info","message":"LOGIN REQUEST RECEIVED","timestamp":"2026-05-20T08:58:36.163Z"}
{"level":"error","message":"LOGIN ERROR INVALID_PASSWORD","stack":"Error: INVALID_PASSWORD\n    at login (file:///D:/About_LexiconNetworks/Library_Management_System/backend/src/controllers/auth.controller.js:95:25)","timestamp":"2026-05-20T08:58:36.273Z"}
{"0":{"instancePath":"","keyword":"errorMessage","message":"EXTRA_FIELDS_NOT_ALLOWED","params":{"errors":[{"emUsed":true,"instancePath":"","keyword":"additionalProperties","message":"must NOT have additional properties","params":{"additionalProperty":"role_id"},"schemaPath":"#/additionalProperties"}]},"schemaPath":"#/errorMessage"},"level":"warn","message":"AJV VALIDATION FAILED","timestamp":"2026-05-20T08:58:53.334Z"}
{"level":"info","message":"LOGIN REQUEST RECEIVED","timestamp":"2026-05-20T08:58:59.547Z"}
{"level":"info","message":"GENERATING JWT TOKEN FOR USER ID 44","timestamp":"2026-05-20T08:58:59.618Z"}
{"level":"info","message":"JWT TOKEN GENERATED FOR USER ID 44","timestamp":"2026-05-20T08:58:59.624Z"}
{"level":"info","message":"LOGIN SUCCESS:student@yopmail.com","timestamp":"2026-05-20T08:58:59.625Z"}
{"level":"info","message":"VERIFYING JWT TOKEN","timestamp":"2026-05-20T08:59:16.268Z"}
{"level":"info","message":"JWT TOKEN VERIFIED FOR USER ID 44","timestamp":"2026-05-20T08:59:16.272Z"}
{"level":"info","message":"USER AUTHENTICATED: 44","timestamp":"2026-05-20T08:59:16.272Z"}
{"level":"info","message":"VERIFYING JWT TOKEN","timestamp":"2026-05-20T08:59:45.646Z"}
{"expiredAt":"2026-05-20T08:31:22.000Z","level":"error","message":"JWT VERIFICATION FAILED jwt expired","name":"TokenExpiredError","stack":"TokenExpiredError: jwt expired\n    at D:\\About_LexiconNetworks\\Library_Management_System\\backend\\node_modules\\jsonwebtoken\\verify.js:190:21\n    at getSecret (D:\\About_LexiconNetworks\\Library_Management_System\\backend\\node_modules\\jsonwebtoken\\verify.js:97:14)\n    at module.exports [as verify] (D:\\About_LexiconNetworks\\Library_Management_System\\backend\\node_modules\\jsonwebtoken\\verify.js:101:10)\n    at verifyToken (file:///D:/About_LexiconNetworks/Library_Management_System/backend/src/services/jwt.service.js:61:23)\n    at verifyJWT (file:///D:/About_LexiconNetworks/Library_Management_System/backend/src/middlewares/auth.middleware.js:55:21)\n    at Layer.handleRequest (D:\\About_LexiconNetworks\\Library_Management_System\\backend\\node_modules\\router\\lib\\layer.js:152:17)\n    at next (D:\\About_LexiconNetworks\\Library_Management_System\\backend\\node_modules\\router\\lib\\route.js:157:13)\n    at Route.dispatch (D:\\About_LexiconNetworks\\Library_Management_System\\backend\\node_modules\\router\\lib\\route.js:117:3)\n    at handle (D:\\About_LexiconNetworks\\Library_Management_System\\backend\\node_modules\\router\\index.js:435:11)\n    at Layer.handleRequest (D:\\About_LexiconNetworks\\Library_Management_System\\backend\\node_modules\\router\\lib\\layer.js:152:17)","timestamp":"2026-05-20T08:59:45.647Z"}
{"level":"info","message":"VERIFYING JWT TOKEN","timestamp":"2026-05-20T08:59:51.927Z"}
{"level":"info","message":"JWT TOKEN VERIFIED FOR USER ID 44","timestamp":"2026-05-20T08:59:51.928Z"}
{"level":"info","message":"USER AUTHENTICATED: 44","timestamp":"2026-05-20T08:59:51.928Z"}
{"level":"info","message":"VERIFYING JWT TOKEN","timestamp":"2026-05-20T08:59:57.068Z"}
{"level":"info","message":"JWT TOKEN VERIFIED FOR USER ID 44","timestamp":"2026-05-20T08:59:57.069Z"}
{"level":"info","message":"USER AUTHENTICATED: 44","timestamp":"2026-05-20T08:59:57.069Z"}
{"level":"info","message":"VERIFYING JWT TOKEN","timestamp":"2026-05-20T09:00:12.635Z"}
{"level":"info","message":"JWT TOKEN VERIFIED FOR USER ID 44","timestamp":"2026-05-20T09:00:12.636Z"}
{"level":"info","message":"USER AUTHENTICATED: 44","timestamp":"2026-05-20T09:00:12.636Z"}
{"level":"info","message":"USER ROLE: 2","timestamp":"2026-05-20T09:00:12.636Z"}
{"level":"info","message":"ALLOWED ROLES: 1","timestamp":"2026-05-20T09:00:12.637Z"}
{"level":"warn","message":"ACCESS DENIED - ROLE 2","timestamp":"2026-05-20T09:00:12.637Z"}
{"level":"info","message":"LOGIN REQUEST RECEIVED","timestamp":"2026-05-20T09:00:25.055Z"}
{"level":"info","message":"GENERATING JWT TOKEN FOR USER ID 2","timestamp":"2026-05-20T09:00:25.129Z"}
{"level":"info","message":"JWT TOKEN GENERATED FOR USER ID 2","timestamp":"2026-05-20T09:00:25.131Z"}
{"level":"info","message":"LOGIN SUCCESS:admin@gmail.com","timestamp":"2026-05-20T09:00:25.131Z"}
{"level":"info","message":"VERIFYING JWT TOKEN","timestamp":"2026-05-20T09:01:07.455Z"}
{"level":"info","message":"JWT TOKEN VERIFIED FOR USER ID 2","timestamp":"2026-05-20T09:01:07.456Z"}
{"level":"info","message":"USER AUTHENTICATED: 2","timestamp":"2026-05-20T09:01:07.456Z"}
{"level":"info","message":"USER ROLE: 1","timestamp":"2026-05-20T09:01:07.456Z"}
{"level":"info","message":"ALLOWED ROLES: 1","timestamp":"2026-05-20T09:01:07.456Z"}
{"level":"info","message":"USER AUTHORIZED SUCCESSFULLY","timestamp":"2026-05-20T09:01:07.457Z"}
{"email":"siya@yopmail.com","first_name":"Siya","level":"info","link":"http://localhost:3000/auth/verify-email?uid=46&token=5eb6a55d98f625e89aa9","message":"EMAIL DEBUG","timestamp":"2026-05-20T09:01:07.629Z"}
{"level":"info","message":"SENDING VERIFICATION EMAIL TO siya@yopmail.com","timestamp":"2026-05-20T09:01:07.629Z"}
{"level":"info","message":"EMAIL TEMPLATE LOADED SUCCESSFULLY","timestamp":"2026-05-20T09:01:07.630Z"}
{"level":"info","message":"EMAIL TEMPLATE VARIABLES REPLACED","timestamp":"2026-05-20T09:01:07.630Z"}
{"level":"info","message":"VERIFICATION EMAIL SENT SUCCESSFULLY TO siya@yopmail.com","timestamp":"2026-05-20T09:01:10.757Z"}
{"level":"info","message":"EMAIL MESSAGE ID: <19dc59bb-2d91-7af0-7880-66832692cc22@undefined>","timestamp":"2026-05-20T09:01:10.757Z"}
{"level":"info","message":"VERIFYING JWT TOKEN","timestamp":"2026-05-20T09:01:24.775Z"}
{"level":"info","message":"JWT TOKEN VERIFIED FOR USER ID 2","timestamp":"2026-05-20T09:01:24.776Z"}
{"level":"info","message":"USER AUTHENTICATED: 2","timestamp":"2026-05-20T09:01:24.776Z"}
{"level":"info","message":"USER ROLE: 1","timestamp":"2026-05-20T09:01:24.776Z"}
{"level":"info","message":"ALLOWED ROLES: 1","timestamp":"2026-05-20T09:01:24.776Z"}
{"level":"info","message":"USER AUTHORIZED SUCCESSFULLY","timestamp":"2026-05-20T09:01:24.776Z"}
{"level":"info","message":"VERIFYING JWT TOKEN","timestamp":"2026-05-20T09:01:38.091Z"}
{"level":"info","message":"JWT TOKEN VERIFIED FOR USER ID 2","timestamp":"2026-05-20T09:01:38.092Z"}
{"level":"info","message":"USER AUTHENTICATED: 2","timestamp":"2026-05-20T09:01:38.092Z"}
{"level":"info","message":"USER ROLE: 1","timestamp":"2026-05-20T09:01:38.093Z"}
{"level":"info","message":"ALLOWED ROLES: 1","timestamp":"2026-05-20T09:01:38.093Z"}
{"level":"info","message":"USER AUTHORIZED SUCCESSFULLY","timestamp":"2026-05-20T09:01:38.093Z"}
{"level":"error","message":"GET ALL USERS ERROR INVALID_QUERY_PARAMS:is_active","stack":"Error: INVALID_QUERY_PARAMS:is_active\n    at getAllUsers (file:///D:/About_LexiconNetworks/Library_Management_System/backend/src/controllers/user.controller.js:50:21)\n    at Layer.handleRequest (D:\\About_LexiconNetworks\\Library_Management_System\\backend\\node_modules\\router\\lib\\layer.js:152:17)\n    at next (D:\\About_LexiconNetworks\\Library_Management_System\\backend\\node_modules\\router\\lib\\route.js:157:13)\n    at file:///D:/About_LexiconNetworks/Library_Management_System/backend/src/middlewares/auth.middleware.js:112:7\n    at Layer.handleRequest (D:\\About_LexiconNetworks\\Library_Management_System\\backend\\node_modules\\router\\lib\\layer.js:152:17)\n    at next (D:\\About_LexiconNetworks\\Library_Management_System\\backend\\node_modules\\router\\lib\\route.js:157:13)\n    at verifyJWT (file:///D:/About_LexiconNetworks/Library_Management_System/backend/src/middlewares/auth.middleware.js:64:5)\n    at Layer.handleRequest (D:\\About_LexiconNetworks\\Library_Management_System\\backend\\node_modules\\router\\lib\\layer.js:152:17)\n    at next (D:\\About_LexiconNetworks\\Library_Management_System\\backend\\node_modules\\router\\lib\\route.js:157:13)\n    at Route.dispatch (D:\\About_LexiconNetworks\\Library_Management_System\\backend\\node_modules\\router\\lib\\route.js:117:3)","statusCode":400,"timestamp":"2026-05-20T09:01:38.094Z"}
{"level":"info","message":"VERIFYING JWT TOKEN","timestamp":"2026-05-20T09:01:51.956Z"}
{"level":"info","message":"JWT TOKEN VERIFIED FOR USER ID 2","timestamp":"2026-05-20T09:01:51.957Z"}
{"level":"info","message":"USER AUTHENTICATED: 2","timestamp":"2026-05-20T09:01:51.957Z"}
{"level":"info","message":"USER ROLE: 1","timestamp":"2026-05-20T09:01:51.957Z"}
{"level":"info","message":"ALLOWED ROLES: 1","timestamp":"2026-05-20T09:01:51.957Z"}
{"level":"info","message":"USER AUTHORIZED SUCCESSFULLY","timestamp":"2026-05-20T09:01:51.957Z"}
{"level":"error","message":"GET ALL USERS ERROR INVALID_QUERY_PARAMS:fisrt_name","stack":"Error: INVALID_QUERY_PARAMS:fisrt_name\n    at getAllUsers (file:///D:/About_LexiconNetworks/Library_Management_System/backend/src/controllers/user.controller.js:50:21)\n    at Layer.handleRequest (D:\\About_LexiconNetworks\\Library_Management_System\\backend\\node_modules\\router\\lib\\layer.js:152:17)\n    at next (D:\\About_LexiconNetworks\\Library_Management_System\\backend\\node_modules\\router\\lib\\route.js:157:13)\n    at file:///D:/About_LexiconNetworks/Library_Management_System/backend/src/middlewares/auth.middleware.js:112:7\n    at Layer.handleRequest (D:\\About_LexiconNetworks\\Library_Management_System\\backend\\node_modules\\router\\lib\\layer.js:152:17)\n    at next (D:\\About_LexiconNetworks\\Library_Management_System\\backend\\node_modules\\router\\lib\\route.js:157:13)\n    at verifyJWT (file:///D:/About_LexiconNetworks/Library_Management_System/backend/src/middlewares/auth.middleware.js:64:5)\n    at Layer.handleRequest (D:\\About_LexiconNetworks\\Library_Management_System\\backend\\node_modules\\router\\lib\\layer.js:152:17)\n    at next (D:\\About_LexiconNetworks\\Library_Management_System\\backend\\node_modules\\router\\lib\\route.js:157:13)\n    at Route.dispatch (D:\\About_LexiconNetworks\\Library_Management_System\\backend\\node_modules\\router\\lib\\route.js:117:3)","statusCode":400,"timestamp":"2026-05-20T09:01:51.957Z"}
{"level":"info","message":"VERIFYING JWT TOKEN","timestamp":"2026-05-20T09:02:03.235Z"}
{"level":"info","message":"JWT TOKEN VERIFIED FOR USER ID 2","timestamp":"2026-05-20T09:02:03.236Z"}
{"level":"info","message":"USER AUTHENTICATED: 2","timestamp":"2026-05-20T09:02:03.237Z"}
{"level":"info","message":"USER ROLE: 1","timestamp":"2026-05-20T09:02:03.237Z"}
{"level":"info","message":"ALLOWED ROLES: 1","timestamp":"2026-05-20T09:02:03.237Z"}
{"level":"info","message":"USER AUTHORIZED SUCCESSFULLY","timestamp":"2026-05-20T09:02:03.237Z"}
{"level":"info","message":"VERIFYING JWT TOKEN","timestamp":"2026-05-20T09:02:19.801Z"}
{"level":"info","message":"JWT TOKEN VERIFIED FOR USER ID 2","timestamp":"2026-05-20T09:02:19.802Z"}
{"level":"info","message":"USER AUTHENTICATED: 2","timestamp":"2026-05-20T09:02:19.802Z"}
{"level":"info","message":"USER ROLE: 1","timestamp":"2026-05-20T09:02:19.802Z"}
{"level":"info","message":"ALLOWED ROLES: 1","timestamp":"2026-05-20T09:02:19.802Z"}
{"level":"info","message":"USER AUTHORIZED SUCCESSFULLY","timestamp":"2026-05-20T09:02:19.802Z"}
{"0":{"instancePath":"","keyword":"type","message":"must be object","params":{"type":"object"},"schemaPath":"#/type"},"level":"warn","message":"AJV VALIDATION FAILED","timestamp":"2026-05-20T09:02:19.803Z"}
{"level":"info","message":"Server running on port 3000","timestamp":"2026-05-20T09:04:51.494Z"}
{"level":"info","message":"Server running on port 3000","timestamp":"2026-05-20T09:10:00.889Z"}
{"level":"info","message":"VERIFYING JWT TOKEN","timestamp":"2026-05-20T09:10:05.569Z"}
{"level":"info","message":"JWT TOKEN VERIFIED FOR USER ID 2","timestamp":"2026-05-20T09:10:05.573Z"}
{"level":"info","message":"USER AUTHENTICATED: 2","timestamp":"2026-05-20T09:10:05.573Z"}
{"level":"info","message":"USER ROLE: 1","timestamp":"2026-05-20T09:10:05.574Z"}
{"level":"info","message":"ALLOWED ROLES: 1","timestamp":"2026-05-20T09:10:05.575Z"}
{"level":"info","message":"USER AUTHORIZED SUCCESSFULLY","timestamp":"2026-05-20T09:10:05.575Z"}
{"0":{"instancePath":"/id","keyword":"type","message":"must be integer","params":{"type":"integer"},"schemaPath":"#/properties/id/type"},"level":"warn","message":"AJV VALIDATION FAILED","timestamp":"2026-05-20T09:10:05.577Z"}
{"level":"info","message":"Server running on port 3000","timestamp":"2026-05-20T09:12:21.630Z"}
{"level":"info","message":"VERIFYING JWT TOKEN","timestamp":"2026-05-20T09:12:25.242Z"}
{"level":"info","message":"JWT TOKEN VERIFIED FOR USER ID 2","timestamp":"2026-05-20T09:12:25.248Z"}
{"level":"info","message":"USER AUTHENTICATED: 2","timestamp":"2026-05-20T09:12:25.249Z"}
{"level":"info","message":"USER ROLE: 1","timestamp":"2026-05-20T09:12:25.250Z"}
{"level":"info","message":"ALLOWED ROLES: 1","timestamp":"2026-05-20T09:12:25.250Z"}
{"level":"info","message":"USER AUTHORIZED SUCCESSFULLY","timestamp":"2026-05-20T09:12:25.251Z"}
{"level":"info","message":"Server running on port 3000","timestamp":"2026-05-20T09:13:00.285Z"}
{"level":"info","message":"Server running on port 3000","timestamp":"2026-05-20T09:13:11.035Z"}
{"level":"info","message":"Server running on port 3000","timestamp":"2026-05-20T09:13:25.908Z"}
{"level":"info","message":"Server running on port 3000","timestamp":"2026-05-20T09:13:36.785Z"}
{"level":"info","message":"Server running on port 3000","timestamp":"2026-05-20T09:14:07.098Z"}
{"level":"info","message":"VERIFYING JWT TOKEN","timestamp":"2026-05-20T09:15:07.491Z"}
{"expiredAt":"2026-05-20T09:09:44.000Z","level":"error","message":"JWT VERIFICATION FAILED jwt expired","name":"TokenExpiredError","stack":"TokenExpiredError: jwt expired\n    at D:\\About_LexiconNetworks\\Library_Management_System\\backend\\node_modules\\jsonwebtoken\\verify.js:190:21\n    at getSecret (D:\\About_LexiconNetworks\\Library_Management_System\\backend\\node_modules\\jsonwebtoken\\verify.js:97:14)\n    at module.exports [as verify] (D:\\About_LexiconNetworks\\Library_Management_System\\backend\\node_modules\\jsonwebtoken\\verify.js:101:10)\n    at verifyToken (file:///D:/About_LexiconNetworks/Library_Management_System/backend/src/services/jwt.service.js:61:23)\n    at verifyJWT (file:///D:/About_LexiconNetworks/Library_Management_System/backend/src/middlewares/auth.middleware.js:55:21)\n    at Layer.handleRequest (D:\\About_LexiconNetworks\\Library_Management_System\\backend\\node_modules\\router\\lib\\layer.js:152:17)\n    at next (D:\\About_LexiconNetworks\\Library_Management_System\\backend\\node_modules\\router\\lib\\route.js:157:13)\n    at Route.dispatch (D:\\About_LexiconNetworks\\Library_Management_System\\backend\\node_modules\\router\\lib\\route.js:117:3)\n    at handle (D:\\About_LexiconNetworks\\Library_Management_System\\backend\\node_modules\\router\\index.js:435:11)\n    at Layer.handleRequest (D:\\About_LexiconNetworks\\Library_Management_System\\backend\\node_modules\\router\\lib\\layer.js:152:17)","timestamp":"2026-05-20T09:15:07.494Z"}
{"level":"info","message":"VERIFYING JWT TOKEN","timestamp":"2026-05-20T09:15:27.161Z"}
{"level":"info","message":"JWT TOKEN VERIFIED FOR USER ID 2","timestamp":"2026-05-20T09:15:27.163Z"}
{"level":"info","message":"USER AUTHENTICATED: 2","timestamp":"2026-05-20T09:15:27.163Z"}
{"level":"info","message":"USER ROLE: 1","timestamp":"2026-05-20T09:15:27.163Z"}
{"level":"info","message":"ALLOWED ROLES: 1","timestamp":"2026-05-20T09:15:27.164Z"}
{"level":"info","message":"USER AUTHORIZED SUCCESSFULLY","timestamp":"2026-05-20T09:15:27.164Z"}
{"level":"error","message":"PATCH USER ERROR USER_NOT_FOUND","stack":"Error: USER_NOT_FOUND\n    at patchUser (file:///D:/About_LexiconNetworks/Library_Management_System/backend/src/controllers/user.controller.js:221:21)\n    at process.processTicksAndRejections (node:internal/process/task_queues:103:5)","statusCode":404,"timestamp":"2026-05-20T09:15:27.192Z"}
{"level":"info","message":"VERIFYING JWT TOKEN","timestamp":"2026-05-20T09:15:39.394Z"}
{"level":"info","message":"JWT TOKEN VERIFIED FOR USER ID 2","timestamp":"2026-05-20T09:15:39.395Z"}
{"level":"info","message":"USER AUTHENTICATED: 2","timestamp":"2026-05-20T09:15:39.396Z"}
{"level":"info","message":"USER ROLE: 1","timestamp":"2026-05-20T09:15:39.396Z"}
{"level":"info","message":"ALLOWED ROLES: 1","timestamp":"2026-05-20T09:15:39.396Z"}
{"level":"info","message":"USER AUTHORIZED SUCCESSFULLY","timestamp":"2026-05-20T09:15:39.396Z"}
{"level":"info","message":"VERIFYING JWT TOKEN","timestamp":"2026-05-20T09:15:50.179Z"}
{"level":"info","message":"JWT TOKEN VERIFIED FOR USER ID 2","timestamp":"2026-05-20T09:15:50.180Z"}
{"level":"info","message":"USER AUTHENTICATED: 2","timestamp":"2026-05-20T09:15:50.180Z"}
{"level":"info","message":"USER ROLE: 1","timestamp":"2026-05-20T09:15:50.180Z"}
{"level":"info","message":"ALLOWED ROLES: 1","timestamp":"2026-05-20T09:15:50.181Z"}
{"level":"info","message":"USER AUTHORIZED SUCCESSFULLY","timestamp":"2026-05-20T09:15:50.181Z"}
{"level":"info","message":"VERIFYING JWT TOKEN","timestamp":"2026-05-20T09:16:16.025Z"}
{"expiredAt":"2026-05-20T09:09:44.000Z","level":"error","message":"JWT VERIFICATION FAILED jwt expired","name":"TokenExpiredError","stack":"TokenExpiredError: jwt expired\n    at D:\\About_LexiconNetworks\\Library_Management_System\\backend\\node_modules\\jsonwebtoken\\verify.js:190:21\n    at getSecret (D:\\About_LexiconNetworks\\Library_Management_System\\backend\\node_modules\\jsonwebtoken\\verify.js:97:14)\n    at module.exports [as verify] (D:\\About_LexiconNetworks\\Library_Management_System\\backend\\node_modules\\jsonwebtoken\\verify.js:101:10)\n    at verifyToken (file:///D:/About_LexiconNetworks/Library_Management_System/backend/src/services/jwt.service.js:61:23)\n    at verifyJWT (file:///D:/About_LexiconNetworks/Library_Management_System/backend/src/middlewares/auth.middleware.js:55:21)\n    at Layer.handleRequest (D:\\About_LexiconNetworks\\Library_Management_System\\backend\\node_modules\\router\\lib\\layer.js:152:17)\n    at next (D:\\About_LexiconNetworks\\Library_Management_System\\backend\\node_modules\\router\\lib\\route.js:157:13)\n    at Route.dispatch (D:\\About_LexiconNetworks\\Library_Management_System\\backend\\node_modules\\router\\lib\\route.js:117:3)\n    at handle (D:\\About_LexiconNetworks\\Library_Management_System\\backend\\node_modules\\router\\index.js:435:11)\n    at Layer.handleRequest (D:\\About_LexiconNetworks\\Library_Management_System\\backend\\node_modules\\router\\lib\\layer.js:152:17)","timestamp":"2026-05-20T09:16:16.026Z"}
{"level":"info","message":"VERIFYING JWT TOKEN","timestamp":"2026-05-20T09:16:23.192Z"}
{"level":"info","message":"JWT TOKEN VERIFIED FOR USER ID 2","timestamp":"2026-05-20T09:16:23.193Z"}
{"level":"info","message":"USER AUTHENTICATED: 2","timestamp":"2026-05-20T09:16:23.193Z"}
{"level":"info","message":"USER ROLE: 1","timestamp":"2026-05-20T09:16:23.193Z"}
{"level":"info","message":"ALLOWED ROLES: 1","timestamp":"2026-05-20T09:16:23.194Z"}
{"level":"info","message":"USER AUTHORIZED SUCCESSFULLY","timestamp":"2026-05-20T09:16:23.194Z"}
{"level":"error","message":"PUT USER ERROR data and salt arguments required","stack":"Error: data and salt arguments required\n    at Object.hash (D:\\About_LexiconNetworks\\Library_Management_System\\backend\\node_modules\\bcrypt\\bcrypt.js:133:17)\n    at D:\\About_LexiconNetworks\\Library_Management_System\\backend\\node_modules\\bcrypt\\promises.js:26:12\n    at new Promise (<anonymous>)\n    at Object.promise (D:\\About_LexiconNetworks\\Library_Management_System\\backend\\node_modules\\bcrypt\\promises.js:17:12)\n    at Object.hash (D:\\About_LexiconNetworks\\Library_Management_System\\backend\\node_modules\\bcrypt\\bcrypt.js:129:25)\n    at putUser (file:///D:/About_LexiconNetworks/Library_Management_System/backend/src/controllers/user.controller.js:299:40)\n    at process.processTicksAndRejections (node:internal/process/task_queues:103:5)","timestamp":"2026-05-20T09:16:23.196Z"}
{"level":"info","message":"Server running on port 3000","timestamp":"2026-05-20T09:18:13.776Z"}
{"level":"info","message":"Server running on port 3000","timestamp":"2026-05-20T09:20:10.366Z"}
{"level":"info","message":"VERIFYING JWT TOKEN","timestamp":"2026-05-20T09:20:26.521Z"}
{"level":"info","message":"JWT TOKEN VERIFIED FOR USER ID 2","timestamp":"2026-05-20T09:20:26.525Z"}
{"level":"info","message":"USER AUTHENTICATED: 2","timestamp":"2026-05-20T09:20:26.525Z"}
{"level":"info","message":"USER ROLE: 1","timestamp":"2026-05-20T09:20:26.526Z"}
{"level":"info","message":"ALLOWED ROLES: 1","timestamp":"2026-05-20T09:20:26.526Z"}
{"level":"info","message":"USER AUTHORIZED SUCCESSFULLY","timestamp":"2026-05-20T09:20:26.527Z"}
{"level":"info","message":"VERIFYING JWT TOKEN","timestamp":"2026-05-20T09:21:06.066Z"}
{"level":"info","message":"JWT TOKEN VERIFIED FOR USER ID 2","timestamp":"2026-05-20T09:21:06.067Z"}
{"level":"info","message":"USER AUTHENTICATED: 2","timestamp":"2026-05-20T09:21:06.068Z"}
{"level":"info","message":"USER ROLE: 1","timestamp":"2026-05-20T09:21:06.068Z"}
{"level":"info","message":"ALLOWED ROLES: 1","timestamp":"2026-05-20T09:21:06.068Z"}
{"level":"info","message":"USER AUTHORIZED SUCCESSFULLY","timestamp":"2026-05-20T09:21:06.069Z"}
{"level":"info","message":"Server running on port 3000","timestamp":"2026-05-20T09:26:52.625Z"}
{"level":"info","message":"Server running on port 3000","timestamp":"2026-05-20T09:27:25.159Z"}
{"level":"info","message":"Server running on port 3000","timestamp":"2026-05-20T09:29:09.354Z"}
{"level":"warn","message":"AUTH HEADER MISSING","timestamp":"2026-05-20T09:29:54.414Z"}
{"level":"info","message":"VERIFYING JWT TOKEN","timestamp":"2026-05-20T09:30:16.879Z"}
{"level":"info","message":"JWT TOKEN VERIFIED FOR USER ID 2","timestamp":"2026-05-20T09:30:16.882Z"}
{"level":"info","message":"USER AUTHENTICATED: 2","timestamp":"2026-05-20T09:30:16.883Z"}
{"level":"info","message":"USER LOGOUT SUCCESS","timestamp":"2026-05-20T09:30:16.885Z"}
{"level":"info","message":"VERIFYING JWT TOKEN","timestamp":"2026-05-20T09:30:23.297Z"}
{"level":"info","message":"JWT TOKEN VERIFIED FOR USER ID 44","timestamp":"2026-05-20T09:30:23.298Z"}
{"level":"info","message":"USER AUTHENTICATED: 44","timestamp":"2026-05-20T09:30:23.299Z"}
{"level":"warn","message":"AUTH HEADER MISSING","timestamp":"2026-05-20T09:30:30.998Z"}
{"level":"info","message":"Server running on port 3000","timestamp":"2026-05-20T12:36:37.899Z"}
{"level":"info","message":"Server running on port 3000","timestamp":"2026-05-20T12:37:39.086Z"}
{"level":"info","message":"Server running on port 3000","timestamp":"2026-05-20T12:37:41.358Z"}
{"level":"info","message":"Server running on port 3000","timestamp":"2026-05-20T12:37:42.359Z"}
{"level":"info","message":"Server running on port 3000","timestamp":"2026-05-20T12:37:51.151Z"}
{"level":"info","message":"Server running on port 3000","timestamp":"2026-05-20T12:37:54.408Z"}
{"level":"info","message":"Server running on port 3000","timestamp":"2026-05-20T12:37:59.925Z"}
{"level":"info","message":"Server running on port 3000","timestamp":"2026-05-20T12:38:01.911Z"}
{"level":"info","message":"Server running on port 3000","timestamp":"2026-05-20T12:38:06.102Z"}
{"level":"info","message":"Server running on port 3000","timestamp":"2026-05-20T12:38:10.297Z"}
{"level":"info","message":"Server running on port 3000","timestamp":"2026-05-20T12:38:13.067Z"}
{"level":"info","message":"Server running on port 3000","timestamp":"2026-05-20T12:39:30.697Z"}
{"level":"info","message":"Server running on port 3000","timestamp":"2026-05-20T12:39:32.837Z"}
{"level":"info","message":"Server running on port 3000","timestamp":"2026-05-20T12:39:36.024Z"}
{"level":"info","message":"Server running on port 3000","timestamp":"2026-05-20T12:39:38.873Z"}
{"level":"info","message":"Server running on port 3000","timestamp":"2026-05-20T12:39:40.725Z"}
{"level":"info","message":"Server running on port 3000","timestamp":"2026-05-20T12:39:41.866Z"}
{"level":"info","message":"Server running on port 3000","timestamp":"2026-05-20T12:41:29.698Z"}
{"level":"info","message":"Server running on port 3000","timestamp":"2026-05-20T12:41:31.114Z"}
{"level":"info","message":"Server running on port 3000","timestamp":"2026-05-20T12:41:40.341Z"}
{"level":"info","message":"Server running on port 3000","timestamp":"2026-05-20T13:58:22.868Z"}
{"level":"info","message":"Server running on port 3000","timestamp":"2026-05-20T13:58:25.145Z"}
{"level":"info","message":"Server running on port 3000","timestamp":"2026-05-20T13:58:27.606Z"}
{"level":"info","message":"Server running on port 3000","timestamp":"2026-05-20T13:58:30.090Z"}
{"level":"info","message":"Server running on port 3000","timestamp":"2026-05-20T14:02:29.631Z"}
{"level":"info","message":"Server running on port 3000","timestamp":"2026-05-20T14:02:35.919Z"}
{"level":"info","message":"LOGIN REQUEST RECEIVED","timestamp":"2026-05-20T14:03:15.178Z"}
{"level":"info","message":"GENERATING JWT TOKEN FOR USER ID 2","timestamp":"2026-05-20T14:03:15.335Z"}
{"level":"info","message":"JWT TOKEN GENERATED FOR USER ID 2","timestamp":"2026-05-20T14:03:15.348Z"}
{"level":"info","message":"LOGIN SUCCESS:admin@gmail.com","timestamp":"2026-05-20T14:03:15.350Z"}
{"level":"info","message":"VERIFYING JWT TOKEN","timestamp":"2026-05-20T14:03:37.269Z"}
{"level":"info","message":"JWT TOKEN VERIFIED FOR USER ID 2","timestamp":"2026-05-20T14:03:37.295Z"}
{"level":"info","message":"USER AUTHENTICATED: 2","timestamp":"2026-05-20T14:03:37.297Z"}
{"level":"info","message":"USER ROLE: 1","timestamp":"2026-05-20T14:03:37.299Z"}
{"level":"info","message":"ALLOWED ROLES: 1","timestamp":"2026-05-20T14:03:37.301Z"}
{"level":"info","message":"USER AUTHORIZED SUCCESSFULLY","timestamp":"2026-05-20T14:03:37.302Z"}
{"level":"info","message":"Server running on port 3000","timestamp":"2026-05-20T14:05:04.022Z"}
{"level":"info","message":"VERIFYING JWT TOKEN","timestamp":"2026-05-20T14:06:39.913Z"}
{"level":"info","message":"JWT TOKEN VERIFIED FOR USER ID 2","timestamp":"2026-05-20T14:06:39.926Z"}
{"level":"info","message":"USER AUTHENTICATED: 2","timestamp":"2026-05-20T14:06:39.929Z"}
{"level":"info","message":"USER ROLE: 1","timestamp":"2026-05-20T14:06:39.932Z"}
{"level":"info","message":"ALLOWED ROLES: 1","timestamp":"2026-05-20T14:06:39.935Z"}
{"level":"info","message":"USER AUTHORIZED SUCCESSFULLY","timestamp":"2026-05-20T14:06:39.937Z"}
{"level":"info","message":"VERIFYING JWT TOKEN","timestamp":"2026-05-20T14:07:56.434Z"}
{"level":"info","message":"JWT TOKEN VERIFIED FOR USER ID 2","timestamp":"2026-05-20T14:07:56.438Z"}
{"level":"info","message":"USER AUTHENTICATED: 2","timestamp":"2026-05-20T14:07:56.440Z"}
{"level":"info","message":"USER ROLE: 1","timestamp":"2026-05-20T14:07:56.448Z"}
{"level":"info","message":"ALLOWED ROLES: 1","timestamp":"2026-05-20T14:07:56.449Z"}
{"level":"info","message":"USER AUTHORIZED SUCCESSFULLY","timestamp":"2026-05-20T14:07:56.451Z"}
{"level":"info","message":"VERIFYING JWT TOKEN","timestamp":"2026-05-20T14:08:03.692Z"}
{"level":"info","message":"JWT TOKEN VERIFIED FOR USER ID 2","timestamp":"2026-05-20T14:08:03.697Z"}
{"level":"info","message":"USER AUTHENTICATED: 2","timestamp":"2026-05-20T14:08:03.699Z"}
{"level":"info","message":"USER ROLE: 1","timestamp":"2026-05-20T14:08:03.701Z"}
{"level":"info","message":"ALLOWED ROLES: 1","timestamp":"2026-05-20T14:08:03.702Z"}
{"level":"info","message":"USER AUTHORIZED SUCCESSFULLY","timestamp":"2026-05-20T14:08:03.703Z"}
{"level":"info","message":"VERIFYING JWT TOKEN","timestamp":"2026-05-20T14:11:26.889Z"}
{"level":"info","message":"JWT TOKEN VERIFIED FOR USER ID 2","timestamp":"2026-05-20T14:11:26.892Z"}
{"level":"info","message":"USER AUTHENTICATED: 2","timestamp":"2026-05-20T14:11:26.892Z"}
{"level":"info","message":"USER ROLE: 1","timestamp":"2026-05-20T14:11:26.893Z"}
{"level":"info","message":"ALLOWED ROLES: 1","timestamp":"2026-05-20T14:11:26.894Z"}
{"level":"info","message":"USER AUTHORIZED SUCCESSFULLY","timestamp":"2026-05-20T14:11:26.894Z"}
{"level":"info","message":"Server running on port 3000","timestamp":"2026-05-20T14:16:38.124Z"}
{"level":"info","message":"Server running on port 3000","timestamp":"2026-05-20T14:18:48.849Z"}
{"level":"info","message":"Server running on port 3000","timestamp":"2026-05-20T14:19:18.174Z"}
{"level":"info","message":"Server running on port 3000","timestamp":"2026-05-20T14:19:41.173Z"}
{"level":"info","message":"Server running on port 3000","timestamp":"2026-05-20T14:20:45.605Z"}
{"level":"info","message":"Server running on port 3000","timestamp":"2026-05-20T14:20:52.237Z"}
{"level":"info","message":"Server running on port 3000","timestamp":"2026-05-20T14:20:56.791Z"}
{"level":"info","message":"Server running on port 3000","timestamp":"2026-05-20T14:20:59.988Z"}
{"level":"info","message":"Server running on port 3000","timestamp":"2026-05-20T14:21:02.996Z"}
{"level":"info","message":"Server running on port 3000","timestamp":"2026-05-20T14:21:08.694Z"}
{"level":"info","message":"Server running on port 3000","timestamp":"2026-05-20T14:21:18.452Z"}
{"level":"info","message":"Server running on port 3000","timestamp":"2026-05-20T14:21:20.492Z"}
{"level":"info","message":"Server running on port 3000","timestamp":"2026-05-20T14:21:30.242Z"}
{"level":"info","message":"Server running on port 3000","timestamp":"2026-05-20T14:21:48.060Z"}
{"level":"info","message":"Server running on port 3000","timestamp":"2026-05-20T14:22:43.666Z"}
{"level":"info","message":"Server running on port 3000","timestamp":"2026-05-20T14:22:50.149Z"}
{"level":"info","message":"Server running on port 3000","timestamp":"2026-05-20T14:22:54.319Z"}
{"level":"info","message":"Server running on port 3000","timestamp":"2026-05-20T14:22:55.494Z"}
{"level":"info","message":"Server running on port 3000","timestamp":"2026-05-20T14:23:19.636Z"}
{"level":"info","message":"Server running on port 3000","timestamp":"2026-05-20T14:24:47.786Z"}
{"level":"info","message":"Server running on port 3000","timestamp":"2026-05-20T14:25:51.525Z"}
{"level":"info","message":"Server running on port 3000","timestamp":"2026-05-20T14:26:19.317Z"}
{"level":"info","message":"Server running on port 3000","timestamp":"2026-05-20T14:33:32.547Z"}
{"level":"info","message":"Server running on port 3000","timestamp":"2026-05-20T14:33:49.314Z"}
{"level":"info","message":"Server running on port 3000","timestamp":"2026-05-20T14:34:05.481Z"}
{"level":"info","message":"Server running on port 3000","timestamp":"2026-05-20T14:34:37.562Z"}
{"level":"info","message":"Server running on port 3000","timestamp":"2026-05-20T19:23:40.051Z"}
{"level":"info","message":"Server running on port 3000","timestamp":"2026-05-20T19:23:47.869Z"}
{"level":"info","message":"Server running on port 3000","timestamp":"2026-05-20T19:25:22.008Z"}
{"level":"info","message":"Server running on port 3000","timestamp":"2026-05-20T19:26:23.100Z"}
{"level":"info","message":"Server running on port 3000","timestamp":"2026-05-20T19:27:05.959Z"}
{"level":"info","message":"Server running on port 3000","timestamp":"2026-05-20T19:28:18.285Z"}
{"level":"info","message":"LOGIN REQUEST RECEIVED","timestamp":"2026-05-21T03:30:07.342Z"}
{"level":"info","message":"GENERATING JWT TOKEN FOR USER ID 2","timestamp":"2026-05-21T03:30:07.679Z"}
{"level":"info","message":"JWT TOKEN GENERATED FOR USER ID 2","timestamp":"2026-05-21T03:30:07.687Z"}
{"level":"info","message":"LOGIN SUCCESS:admin@gmail.com","timestamp":"2026-05-21T03:30:07.691Z"}
{"level":"info","message":"VERIFYING JWT TOKEN","timestamp":"2026-05-21T03:30:34.243Z"}
{"level":"info","message":"JWT TOKEN VERIFIED FOR USER ID 2","timestamp":"2026-05-21T03:30:34.272Z"}
{"level":"info","message":"USER AUTHENTICATED: 2","timestamp":"2026-05-21T03:30:34.273Z"}
{"level":"info","message":"USER ROLE: 1","timestamp":"2026-05-21T03:30:34.274Z"}
{"level":"info","message":"ALLOWED ROLES: 1","timestamp":"2026-05-21T03:30:34.274Z"}
{"level":"info","message":"USER AUTHORIZED SUCCESSFULLY","timestamp":"2026-05-21T03:30:34.275Z"}
{"level":"info","message":"VERIFYING JWT TOKEN","timestamp":"2026-05-21T03:30:49.427Z"}
{"level":"info","message":"JWT TOKEN VERIFIED FOR USER ID 2","timestamp":"2026-05-21T03:30:49.429Z"}
{"level":"info","message":"USER AUTHENTICATED: 2","timestamp":"2026-05-21T03:30:49.429Z"}
{"level":"info","message":"USER ROLE: 1","timestamp":"2026-05-21T03:30:49.430Z"}
{"level":"info","message":"ALLOWED ROLES: 1","timestamp":"2026-05-21T03:30:49.430Z"}
{"level":"info","message":"USER AUTHORIZED SUCCESSFULLY","timestamp":"2026-05-21T03:30:49.431Z"}
{"level":"info","message":"VERIFYING JWT TOKEN","timestamp":"2026-05-21T03:31:08.558Z"}
{"level":"info","message":"JWT TOKEN VERIFIED FOR USER ID 2","timestamp":"2026-05-21T03:31:08.560Z"}
{"level":"info","message":"USER AUTHENTICATED: 2","timestamp":"2026-05-21T03:31:08.560Z"}
{"level":"info","message":"USER ROLE: 1","timestamp":"2026-05-21T03:31:08.561Z"}
{"level":"info","message":"ALLOWED ROLES: 1","timestamp":"2026-05-21T03:31:08.562Z"}
{"level":"info","message":"USER AUTHORIZED SUCCESSFULLY","timestamp":"2026-05-21T03:31:08.562Z"}
{"level":"info","message":"VERIFYING JWT TOKEN","timestamp":"2026-05-21T03:32:52.236Z"}
{"level":"info","message":"JWT TOKEN VERIFIED FOR USER ID 2","timestamp":"2026-05-21T03:32:52.237Z"}
{"level":"info","message":"USER AUTHENTICATED: 2","timestamp":"2026-05-21T03:32:52.237Z"}
{"level":"info","message":"USER ROLE: 1","timestamp":"2026-05-21T03:32:52.238Z"}
{"level":"info","message":"ALLOWED ROLES: 1","timestamp":"2026-05-21T03:32:52.238Z"}
{"level":"info","message":"USER AUTHORIZED SUCCESSFULLY","timestamp":"2026-05-21T03:32:52.238Z"}
{"level":"info","message":"Server running on port 3000","timestamp":"2026-05-21T03:34:01.654Z"}
{"level":"info","message":"Server running on port 3000","timestamp":"2026-05-21T03:34:28.084Z"}
{"level":"info","message":"Server running on port 3000","timestamp":"2026-05-21T03:35:16.609Z"}
{"level":"info","message":"VERIFYING JWT TOKEN","timestamp":"2026-05-21T03:35:32.300Z"}
{"level":"info","message":"JWT TOKEN VERIFIED FOR USER ID 2","timestamp":"2026-05-21T03:35:32.305Z"}
{"level":"info","message":"USER AUTHENTICATED: 2","timestamp":"2026-05-21T03:35:32.307Z"}
{"level":"info","message":"USER ROLE: 1","timestamp":"2026-05-21T03:35:32.308Z"}
{"level":"info","message":"ALLOWED ROLES: 1","timestamp":"2026-05-21T03:35:32.310Z"}
{"level":"info","message":"USER AUTHORIZED SUCCESSFULLY","timestamp":"2026-05-21T03:35:32.312Z"}
{"0":{"instancePath":"","keyword":"errorMessage","message":"INVALID_QUERY_PARAMETER","params":{"errors":[{"emUsed":true,"instancePath":"","keyword":"additionalProperties","message":"must NOT have additional properties","params":{"additionalProperty":"salary"},"schemaPath":"#/additionalProperties"}]},"schemaPath":"#/errorMessage"},"level":"warn","message":"AJV VALIDATION FAILED","timestamp":"2026-05-21T03:35:32.319Z"}
{"level":"info","message":"Server running on port 3000","timestamp":"2026-05-21T03:36:19.295Z"}
{"level":"info","message":"Server running on port 3000","timestamp":"2026-05-21T03:37:06.304Z"}
{"level":"info","message":"Server running on port 3000","timestamp":"2026-05-21T03:37:20.660Z"}
{"level":"info","message":"Server running on port 3000","timestamp":"2026-05-21T03:37:23.394Z"}
{"level":"info","message":"Server running on port 3000","timestamp":"2026-05-21T03:37:34.732Z"}
{"level":"info","message":"Server running on port 3000","timestamp":"2026-05-21T03:38:06.028Z"}
{"level":"info","message":"Server running on port 3000","timestamp":"2026-05-21T03:38:08.427Z"}
{"level":"info","message":"VERIFYING JWT TOKEN","timestamp":"2026-05-21T03:38:31.055Z"}
{"level":"info","message":"JWT TOKEN VERIFIED FOR USER ID 2","timestamp":"2026-05-21T03:38:31.061Z"}
{"level":"info","message":"USER AUTHENTICATED: 2","timestamp":"2026-05-21T03:38:31.063Z"}
{"level":"info","message":"USER ROLE: 1","timestamp":"2026-05-21T03:38:31.064Z"}
{"level":"info","message":"ALLOWED ROLES: 1","timestamp":"2026-05-21T03:38:31.064Z"}
{"level":"info","message":"USER AUTHORIZED SUCCESSFULLY","timestamp":"2026-05-21T03:38:31.066Z"}
{"0":{"instancePath":"","keyword":"errorMessage","message":"required","params":{"errors":[{"emUsed":true,"instancePath":"","keyword":"required","message":"must have required property 'role_id'","params":{"missingProperty":"role_id"},"schemaPath":"#/required"}]},"schemaPath":"#/errorMessage"},"level":"warn","message":"AJV VALIDATION FAILED","timestamp":"2026-05-21T03:38:31.071Z"}
{"level":"info","message":"Server running on port 3000","timestamp":"2026-05-21T03:38:50.027Z"}
{"level":"info","message":"Server running on port 3000","timestamp":"2026-05-21T03:38:52.383Z"}
{"level":"info","message":"Server running on port 3000","timestamp":"2026-05-21T03:38:53.916Z"}
{"level":"info","message":"Server running on port 3000","timestamp":"2026-05-21T03:38:56.621Z"}
{"level":"info","message":"Server running on port 3000","timestamp":"2026-05-21T03:39:00.028Z"}
{"level":"info","message":"VERIFYING JWT TOKEN","timestamp":"2026-05-21T03:39:02.218Z"}
{"level":"info","message":"JWT TOKEN VERIFIED FOR USER ID 2","timestamp":"2026-05-21T03:39:02.221Z"}
{"level":"info","message":"USER AUTHENTICATED: 2","timestamp":"2026-05-21T03:39:02.221Z"}
{"level":"info","message":"USER ROLE: 1","timestamp":"2026-05-21T03:39:02.222Z"}
{"level":"info","message":"ALLOWED ROLES: 1","timestamp":"2026-05-21T03:39:02.222Z"}
{"level":"info","message":"USER AUTHORIZED SUCCESSFULLY","timestamp":"2026-05-21T03:39:02.223Z"}
{"0":{"instancePath":"","keyword":"errorMessage","message":"ROLE_ID_REQUIRED","params":{"errors":[{"emUsed":true,"instancePath":"","keyword":"required","message":"must have required property 'role_id'","params":{"missingProperty":"role_id"},"schemaPath":"#/required"}]},"schemaPath":"#/errorMessage"},"level":"warn","message":"AJV VALIDATION FAILED","timestamp":"2026-05-21T03:39:02.224Z"}
{"level":"info","message":"VERIFYING JWT TOKEN","timestamp":"2026-05-21T03:42:14.241Z"}
{"level":"info","message":"JWT TOKEN VERIFIED FOR USER ID 2","timestamp":"2026-05-21T03:42:14.244Z"}
{"level":"info","message":"USER AUTHENTICATED: 2","timestamp":"2026-05-21T03:42:14.244Z"}
{"level":"info","message":"USER ROLE: 1","timestamp":"2026-05-21T03:42:14.245Z"}
{"level":"info","message":"ALLOWED ROLES: 1","timestamp":"2026-05-21T03:42:14.245Z"}
{"level":"info","message":"USER AUTHORIZED SUCCESSFULLY","timestamp":"2026-05-21T03:42:14.245Z"}
{"email":"riya@yopmail.com","first_name":"Siya","level":"info","link":"http://localhost:3000/auth/verify-email?uid=47&token=8a48a8a5772ef5efffb3","message":"EMAIL DEBUG","timestamp":"2026-05-21T03:42:14.539Z"}
{"level":"info","message":"SENDING VERIFICATION EMAIL TO riya@yopmail.com","timestamp":"2026-05-21T03:42:14.539Z"}
{"level":"info","message":"EMAIL TEMPLATE LOADED SUCCESSFULLY","timestamp":"2026-05-21T03:42:14.571Z"}
{"level":"info","message":"EMAIL TEMPLATE VARIABLES REPLACED","timestamp":"2026-05-21T03:42:14.572Z"}
{"level":"info","message":"VERIFICATION EMAIL SENT SUCCESSFULLY TO riya@yopmail.com","timestamp":"2026-05-21T03:42:17.327Z"}
{"level":"info","message":"EMAIL MESSAGE ID: <cd288bfa-402b-c4d3-af82-32e228cdb29f@undefined>","timestamp":"2026-05-21T03:42:17.328Z"}
{"level":"info","message":"VERIFYING JWT TOKEN","timestamp":"2026-05-21T03:42:27.568Z"}
{"level":"info","message":"JWT TOKEN VERIFIED FOR USER ID 2","timestamp":"2026-05-21T03:42:27.569Z"}
{"level":"info","message":"USER AUTHENTICATED: 2","timestamp":"2026-05-21T03:42:27.570Z"}
{"level":"info","message":"USER ROLE: 1","timestamp":"2026-05-21T03:42:27.570Z"}
{"level":"info","message":"ALLOWED ROLES: 1","timestamp":"2026-05-21T03:42:27.571Z"}
{"level":"info","message":"USER AUTHORIZED SUCCESSFULLY","timestamp":"2026-05-21T03:42:27.571Z"}
{"code":"ER_DUP_ENTRY","errno":1062,"level":"error","message":"CREATE USER ERROR Duplicate entry '9123622789' for key 'users.phone'","sql":"INSERT INTO users(email,password_hash,first_name,last_name,phone,role_id,is_active,is_verified,is_deleted,verification_token)\n       VALUES (?,?,?,?,?,?,?,?,?,?)","sqlMessage":"Duplicate entry '9123622789' for key 'users.phone'","sqlState":"23000","stack":"Error: Duplicate entry '9123622789' for key 'users.phone'\n    at postUser (file:///D:/About_LexiconNetworks/Library_Management_System/backend/src/controllers/user.controller.js:123:31)","timestamp":"2026-05-21T03:42:27.848Z"}
{"level":"info","message":"VERIFYING JWT TOKEN","timestamp":"2026-05-21T03:42:41.985Z"}
{"level":"info","message":"JWT TOKEN VERIFIED FOR USER ID 2","timestamp":"2026-05-21T03:42:41.987Z"}
{"level":"info","message":"USER AUTHENTICATED: 2","timestamp":"2026-05-21T03:42:41.987Z"}
{"level":"info","message":"USER ROLE: 1","timestamp":"2026-05-21T03:42:41.987Z"}
{"level":"info","message":"ALLOWED ROLES: 1","timestamp":"2026-05-21T03:42:41.987Z"}
{"level":"info","message":"USER AUTHORIZED SUCCESSFULLY","timestamp":"2026-05-21T03:42:41.988Z"}
{"code":"ER_NO_REFERENCED_ROW_2","errno":1452,"level":"error","message":"CREATE USER ERROR Cannot add or update a child row: a foreign key constraint fails (`db_practice`.`users`, CONSTRAINT `fk_user_role` FOREIGN KEY (`role_id`) REFERENCES `roles` (`id`))","sql":"INSERT INTO users(email,password_hash,first_name,last_name,phone,role_id,is_active,is_verified,is_deleted,verification_token)\n       VALUES (?,?,?,?,?,?,?,?,?,?)","sqlMessage":"Cannot add or update a child row: a foreign key constraint fails (`db_practice`.`users`, CONSTRAINT `fk_user_role` FOREIGN KEY (`role_id`) REFERENCES `roles` (`id`))","sqlState":"23000","stack":"Error: Cannot add or update a child row: a foreign key constraint fails (`db_practice`.`users`, CONSTRAINT `fk_user_role` FOREIGN KEY (`role_id`) REFERENCES `roles` (`id`))\n    at postUser (file:///D:/About_LexiconNetworks/Library_Management_System/backend/src/controllers/user.controller.js:123:31)","timestamp":"2026-05-21T03:42:42.220Z"}
{"level":"info","message":"Server running on port 3000","timestamp":"2026-05-21T03:44:58.809Z"}
{"level":"info","message":"Server running on port 3000","timestamp":"2026-05-21T03:45:03.928Z"}
{"level":"info","message":"VERIFYING JWT TOKEN","timestamp":"2026-05-21T03:45:07.763Z"}
{"level":"info","message":"JWT TOKEN VERIFIED FOR USER ID 2","timestamp":"2026-05-21T03:45:07.767Z"}
{"level":"info","message":"USER AUTHENTICATED: 2","timestamp":"2026-05-21T03:45:07.768Z"}
{"level":"info","message":"USER ROLE: 1","timestamp":"2026-05-21T03:45:07.769Z"}
{"level":"info","message":"ALLOWED ROLES: 1","timestamp":"2026-05-21T03:45:07.769Z"}
{"level":"info","message":"USER AUTHORIZED SUCCESSFULLY","timestamp":"2026-05-21T03:45:07.770Z"}
{"0":{"instancePath":"/role_id","keyword":"errorMessage","message":"ROLE_ID_INVALID","params":{"errors":[{"emUsed":true,"instancePath":"/role_id","keyword":"enum","message":"must be equal to one of the allowed values","params":{"allowedValues":[1,2]},"schemaPath":"#/properties/role_id/enum"}]},"schemaPath":"#/errorMessage"},"level":"warn","message":"AJV VALIDATION FAILED","timestamp":"2026-05-21T03:45:07.772Z"}
{"level":"info","message":"VERIFYING JWT TOKEN","timestamp":"2026-05-21T03:45:21.233Z"}
{"level":"info","message":"JWT TOKEN VERIFIED FOR USER ID 2","timestamp":"2026-05-21T03:45:21.236Z"}
{"level":"info","message":"USER AUTHENTICATED: 2","timestamp":"2026-05-21T03:45:21.237Z"}
{"level":"info","message":"USER ROLE: 1","timestamp":"2026-05-21T03:45:21.237Z"}
{"level":"info","message":"ALLOWED ROLES: 1","timestamp":"2026-05-21T03:45:21.237Z"}
{"level":"info","message":"USER AUTHORIZED SUCCESSFULLY","timestamp":"2026-05-21T03:45:21.238Z"}
{"0":{"instancePath":"","keyword":"errorMessage","message":"ROLE_ID_REQUIRED","params":{"errors":[{"emUsed":true,"instancePath":"","keyword":"required","message":"must have required property 'role_id'","params":{"missingProperty":"role_id"},"schemaPath":"#/required"}]},"schemaPath":"#/errorMessage"},"level":"warn","message":"AJV VALIDATION FAILED","timestamp":"2026-05-21T03:45:21.239Z"}
{"level":"info","message":"VERIFYING JWT TOKEN","timestamp":"2026-05-21T03:45:30.211Z"}
{"level":"info","message":"JWT TOKEN VERIFIED FOR USER ID 2","timestamp":"2026-05-21T03:45:30.213Z"}
{"level":"info","message":"USER AUTHENTICATED: 2","timestamp":"2026-05-21T03:45:30.214Z"}
{"level":"info","message":"USER ROLE: 1","timestamp":"2026-05-21T03:45:30.214Z"}
{"level":"info","message":"ALLOWED ROLES: 1","timestamp":"2026-05-21T03:45:30.215Z"}
{"level":"info","message":"USER AUTHORIZED SUCCESSFULLY","timestamp":"2026-05-21T03:45:30.216Z"}
{"email":"riyaa@yopmail.com","first_name":"Siya","level":"info","link":"http://localhost:3000/auth/verify-email?uid=50&token=c1f4a113560e7db78667","message":"EMAIL DEBUG","timestamp":"2026-05-21T03:45:30.486Z"}
{"level":"info","message":"SENDING VERIFICATION EMAIL TO riyaa@yopmail.com","timestamp":"2026-05-21T03:45:30.487Z"}
{"level":"info","message":"EMAIL TEMPLATE LOADED SUCCESSFULLY","timestamp":"2026-05-21T03:45:30.487Z"}
{"level":"info","message":"EMAIL TEMPLATE VARIABLES REPLACED","timestamp":"2026-05-21T03:45:30.488Z"}
{"level":"info","message":"VERIFICATION EMAIL SENT SUCCESSFULLY TO riyaa@yopmail.com","timestamp":"2026-05-21T03:45:33.115Z"}
{"level":"info","message":"EMAIL MESSAGE ID: <8d925ac7-623d-7bd9-a03e-041c4b0f370a@undefined>","timestamp":"2026-05-21T03:45:33.116Z"}
{"level":"info","message":"Server running on port 3000","timestamp":"2026-05-21T03:50:03.172Z"}
{"level":"info","message":"Server running on port 3000","timestamp":"2026-05-21T03:50:09.211Z"}
{"level":"info","message":"Server running on port 3000","timestamp":"2026-05-21T03:51:39.905Z"}
{"level":"info","message":"Server running on port 3000","timestamp":"2026-05-21T03:55:04.253Z"}
{"level":"info","message":"Server running on port 3000","timestamp":"2026-05-21T03:55:17.397Z"}
{"level":"info","message":"Server running on port 3000","timestamp":"2026-05-21T03:55:27.153Z"}
{"level":"info","message":"VERIFYING JWT TOKEN","timestamp":"2026-05-21T03:57:42.520Z"}
{"level":"info","message":"JWT TOKEN VERIFIED FOR USER ID 2","timestamp":"2026-05-21T03:57:42.527Z"}
{"level":"info","message":"USER AUTHENTICATED: 2","timestamp":"2026-05-21T03:57:42.531Z"}
{"level":"info","message":"USER ROLE: 1","timestamp":"2026-05-21T03:57:42.533Z"}
{"level":"info","message":"ALLOWED ROLES: 1","timestamp":"2026-05-21T03:57:42.536Z"}
{"level":"info","message":"USER AUTHORIZED SUCCESSFULLY","timestamp":"2026-05-21T03:57:42.538Z"}
{"0":{"instancePath":"","keyword":"errorMessage","message":"INVALID_QUERY_PARAMETER","params":{"errors":[{"emUsed":true,"instancePath":"","keyword":"additionalProperties","message":"must NOT have additional properties","params":{"additionalProperty":"like"},"schemaPath":"#/additionalProperties"}]},"schemaPath":"#/errorMessage"},"level":"warn","message":"AJV VALIDATION FAILED","timestamp":"2026-05-21T03:57:42.546Z"}
{"level":"info","message":"Server running on port 3000","timestamp":"2026-05-21T03:59:11.580Z"}
{"level":"info","message":"Server running on port 3000","timestamp":"2026-05-21T03:59:16.468Z"}
{"level":"info","message":"Server running on port 3000","timestamp":"2026-05-21T03:59:19.878Z"}
{"level":"info","message":"Server running on port 3000","timestamp":"2026-05-21T03:59:55.324Z"}
{"level":"info","message":"VERIFYING JWT TOKEN","timestamp":"2026-05-21T04:00:16.632Z"}
{"level":"info","message":"JWT TOKEN VERIFIED FOR USER ID 2","timestamp":"2026-05-21T04:00:16.639Z"}
{"level":"info","message":"USER AUTHENTICATED: 2","timestamp":"2026-05-21T04:00:16.640Z"}
{"level":"info","message":"USER ROLE: 1","timestamp":"2026-05-21T04:00:16.642Z"}
{"level":"info","message":"ALLOWED ROLES: 1","timestamp":"2026-05-21T04:00:16.643Z"}
{"level":"info","message":"USER AUTHORIZED SUCCESSFULLY","timestamp":"2026-05-21T04:00:16.644Z"}
{"0":{"instancePath":"/is_deleted","keyword":"errorMessage","message":"INVALID_IS_DELETED","params":{"errors":[{"emUsed":true,"instancePath":"/is_deleted","keyword":"type","message":"must be integer","params":{"type":"integer"},"schemaPath":"#/properties/is_deleted/type"},{"emUsed":true,"instancePath":"/is_deleted","keyword":"enum","message":"must be equal to one of the allowed values","params":{"allowedValues":[0,1]},"schemaPath":"#/properties/is_deleted/enum"}]},"schemaPath":"#/properties/is_deleted/errorMessage"},"level":"warn","message":"AJV VALIDATION FAILED","timestamp":"2026-05-21T04:00:16.651Z"}
{"level":"info","message":"Server running on port 3000","timestamp":"2026-05-21T04:03:02.843Z"}
{"level":"info","message":"Server running on port 3000","timestamp":"2026-05-21T04:03:46.141Z"}
{"level":"info","message":"Server running on port 3000","timestamp":"2026-05-21T04:04:35.441Z"}
{"level":"info","message":"Server running on port 3000","timestamp":"2026-05-21T04:04:41.882Z"}
{"level":"info","message":"VERIFYING JWT TOKEN","timestamp":"2026-05-21T04:09:50.825Z"}
{"level":"info","message":"JWT TOKEN VERIFIED FOR USER ID 2","timestamp":"2026-05-21T04:09:50.831Z"}
{"level":"info","message":"USER AUTHENTICATED: 2","timestamp":"2026-05-21T04:09:50.832Z"}
{"level":"info","message":"USER ROLE: 1","timestamp":"2026-05-21T04:09:50.833Z"}
{"level":"info","message":"ALLOWED ROLES: 1","timestamp":"2026-05-21T04:09:50.835Z"}
{"level":"info","message":"USER AUTHORIZED SUCCESSFULLY","timestamp":"2026-05-21T04:09:50.835Z"}
{"0":{"instancePath":"","keyword":"errorMessage","message":"INVALID_QUERY_PARAMETER","params":{"errors":[{"emUsed":true,"instancePath":"","keyword":"additionalProperties","message":"must NOT have additional properties","params":{"additionalProperty":"filter"},"schemaPath":"#/additionalProperties"}]},"schemaPath":"#/errorMessage"},"level":"warn","message":"AJV VALIDATION FAILED","timestamp":"2026-05-21T04:09:50.842Z"}
{"level":"info","message":"Server running on port 3000","timestamp":"2026-05-21T04:20:05.503Z"}
{"level":"info","message":"Server running on port 3000","timestamp":"2026-05-21T04:20:19.303Z"}
{"level":"info","message":"VERIFYING JWT TOKEN","timestamp":"2026-05-21T04:20:22.398Z"}
{"level":"info","message":"JWT TOKEN VERIFIED FOR USER ID 2","timestamp":"2026-05-21T04:20:22.406Z"}
{"level":"info","message":"USER AUTHENTICATED: 2","timestamp":"2026-05-21T04:20:22.407Z"}
{"level":"info","message":"USER ROLE: 1","timestamp":"2026-05-21T04:20:22.410Z"}
{"level":"info","message":"ALLOWED ROLES: 1","timestamp":"2026-05-21T04:20:22.410Z"}
{"level":"info","message":"USER AUTHORIZED SUCCESSFULLY","timestamp":"2026-05-21T04:20:22.411Z"}
{"0":{"instancePath":"","keyword":"errorMessage","message":"INVALID_QUERY_PARAMETER","params":{"errors":[{"emUsed":true,"instancePath":"","keyword":"additionalProperties","message":"must NOT have additional properties","params":{"additionalProperty":"filter"},"schemaPath":"#/additionalProperties"}]},"schemaPath":"#/errorMessage"},"level":"warn","message":"AJV VALIDATION FAILED","timestamp":"2026-05-21T04:20:22.417Z"}
{"level":"info","message":"Server running on port 3000","timestamp":"2026-05-21T04:20:28.799Z"}
{"level":"info","message":"Server running on port 3000","timestamp":"2026-05-21T04:21:08.024Z"}
{"level":"info","message":"VERIFYING JWT TOKEN","timestamp":"2026-05-21T04:21:28.135Z"}
{"level":"info","message":"JWT TOKEN VERIFIED FOR USER ID 2","timestamp":"2026-05-21T04:21:28.142Z"}
{"level":"info","message":"USER AUTHENTICATED: 2","timestamp":"2026-05-21T04:21:28.146Z"}
{"level":"info","message":"USER ROLE: 1","timestamp":"2026-05-21T04:21:28.147Z"}
{"level":"info","message":"ALLOWED ROLES: 1","timestamp":"2026-05-21T04:21:28.147Z"}
{"level":"info","message":"USER AUTHORIZED SUCCESSFULLY","timestamp":"2026-05-21T04:21:28.148Z"}
{"level":"info","message":"VERIFYING JWT TOKEN","timestamp":"2026-05-21T04:22:11.942Z"}
{"level":"info","message":"JWT TOKEN VERIFIED FOR USER ID 2","timestamp":"2026-05-21T04:22:11.946Z"}
{"level":"info","message":"USER AUTHENTICATED: 2","timestamp":"2026-05-21T04:22:11.947Z"}
{"level":"info","message":"USER ROLE: 1","timestamp":"2026-05-21T04:22:11.948Z"}
{"level":"info","message":"ALLOWED ROLES: 1","timestamp":"2026-05-21T04:22:11.949Z"}
{"level":"info","message":"USER AUTHORIZED SUCCESSFULLY","timestamp":"2026-05-21T04:22:11.951Z"}
{"level":"info","message":"VERIFYING JWT TOKEN","timestamp":"2026-05-21T04:22:48.056Z"}
{"level":"info","message":"JWT TOKEN VERIFIED FOR USER ID 2","timestamp":"2026-05-21T04:22:48.058Z"}
{"level":"info","message":"USER AUTHENTICATED: 2","timestamp":"2026-05-21T04:22:48.059Z"}
{"level":"info","message":"USER ROLE: 1","timestamp":"2026-05-21T04:22:48.060Z"}
{"level":"info","message":"ALLOWED ROLES: 1","timestamp":"2026-05-21T04:22:48.060Z"}
{"level":"info","message":"USER AUTHORIZED SUCCESSFULLY","timestamp":"2026-05-21T04:22:48.061Z"}
{"level":"info","message":"Server running on port 3000","timestamp":"2026-05-21T04:25:10.951Z"}
{"level":"info","message":"Server running on port 3000","timestamp":"2026-05-21T04:28:00.189Z"}
{"level":"info","message":"Server running on port 3000","timestamp":"2026-05-21T04:28:15.667Z"}
{"level":"info","message":"Server running on port 3000","timestamp":"2026-05-21T04:28:41.397Z"}
{"level":"info","message":"VERIFYING JWT TOKEN","timestamp":"2026-05-21T04:29:20.015Z"}
{"level":"info","message":"JWT TOKEN VERIFIED FOR USER ID 2","timestamp":"2026-05-21T04:29:20.020Z"}
{"level":"info","message":"USER AUTHENTICATED: 2","timestamp":"2026-05-21T04:29:20.022Z"}
{"level":"info","message":"USER ROLE: 1","timestamp":"2026-05-21T04:29:20.023Z"}
{"level":"info","message":"ALLOWED ROLES: 1","timestamp":"2026-05-21T04:29:20.024Z"}
{"level":"info","message":"USER AUTHORIZED SUCCESSFULLY","timestamp":"2026-05-21T04:29:20.025Z"}
{"level":"info","message":"VERIFYING JWT TOKEN","timestamp":"2026-05-21T04:30:03.663Z"}
{"level":"info","message":"JWT TOKEN VERIFIED FOR USER ID 2","timestamp":"2026-05-21T04:30:03.664Z"}
{"level":"info","message":"USER AUTHENTICATED: 2","timestamp":"2026-05-21T04:30:03.666Z"}
{"level":"info","message":"USER ROLE: 1","timestamp":"2026-05-21T04:30:03.667Z"}
{"level":"info","message":"ALLOWED ROLES: 1","timestamp":"2026-05-21T04:30:03.668Z"}
{"level":"info","message":"USER AUTHORIZED SUCCESSFULLY","timestamp":"2026-05-21T04:30:03.669Z"}
{"level":"info","message":"VERIFYING JWT TOKEN","timestamp":"2026-05-21T04:30:40.556Z"}
{"level":"info","message":"JWT TOKEN VERIFIED FOR USER ID 2","timestamp":"2026-05-21T04:30:40.557Z"}
{"level":"info","message":"USER AUTHENTICATED: 2","timestamp":"2026-05-21T04:30:40.558Z"}
{"level":"info","message":"USER ROLE: 1","timestamp":"2026-05-21T04:30:40.559Z"}
{"level":"info","message":"ALLOWED ROLES: 1","timestamp":"2026-05-21T04:30:40.559Z"}
{"level":"info","message":"USER AUTHORIZED SUCCESSFULLY","timestamp":"2026-05-21T04:30:40.559Z"}
{"level":"info","message":"VERIFYING JWT TOKEN","timestamp":"2026-05-21T04:31:43.038Z"}
{"level":"info","message":"JWT TOKEN VERIFIED FOR USER ID 2","timestamp":"2026-05-21T04:31:43.040Z"}
{"level":"info","message":"USER AUTHENTICATED: 2","timestamp":"2026-05-21T04:31:43.042Z"}
{"level":"info","message":"USER ROLE: 1","timestamp":"2026-05-21T04:31:43.043Z"}
{"level":"info","message":"ALLOWED ROLES: 1","timestamp":"2026-05-21T04:31:43.046Z"}
{"level":"info","message":"USER AUTHORIZED SUCCESSFULLY","timestamp":"2026-05-21T04:31:43.046Z"}
{"level":"info","message":"VERIFYING JWT TOKEN","timestamp":"2026-05-21T04:31:59.271Z"}
{"level":"info","message":"JWT TOKEN VERIFIED FOR USER ID 2","timestamp":"2026-05-21T04:31:59.272Z"}
{"level":"info","message":"USER AUTHENTICATED: 2","timestamp":"2026-05-21T04:31:59.273Z"}
{"level":"info","message":"USER ROLE: 1","timestamp":"2026-05-21T04:31:59.274Z"}
{"level":"info","message":"ALLOWED ROLES: 1","timestamp":"2026-05-21T04:31:59.274Z"}
{"level":"info","message":"USER AUTHORIZED SUCCESSFULLY","timestamp":"2026-05-21T04:31:59.274Z"}
{"level":"info","message":"Server running on port 3000","timestamp":"2026-05-21T04:32:24.015Z"}
{"level":"info","message":"Server running on port 3000","timestamp":"2026-05-21T04:32:56.375Z"}
{"level":"info","message":"Server running on port 3000","timestamp":"2026-05-21T04:32:59.758Z"}
{"level":"info","message":"Server running on port 3000","timestamp":"2026-05-21T04:33:09.224Z"}
{"level":"info","message":"Server running on port 3000","timestamp":"2026-05-21T04:33:11.545Z"}
{"level":"info","message":"Server running on port 3000","timestamp":"2026-05-21T04:33:21.680Z"}
{"level":"info","message":"Server running on port 3000","timestamp":"2026-05-21T04:33:26.320Z"}
{"level":"info","message":"Server running on port 3000","timestamp":"2026-05-21T04:33:30.844Z"}
{"level":"info","message":"Server running on port 3000","timestamp":"2026-05-21T04:33:34.711Z"}
{"level":"info","message":"Server running on port 3000","timestamp":"2026-05-21T04:33:37.707Z"}
{"level":"info","message":"Server running on port 3000","timestamp":"2026-05-21T04:33:40.980Z"}
{"level":"info","message":"Server running on port 3000","timestamp":"2026-05-21T04:34:09.877Z"}
{"level":"info","message":"Server running on port 3000","timestamp":"2026-05-21T04:47:29.486Z"}
{"level":"info","message":"Server running on port 3000","timestamp":"2026-05-21T04:57:45.213Z"}
{"level":"info","message":"Server running on port 3000","timestamp":"2026-05-21T04:57:51.554Z"}
{"level":"info","message":"Server running on port 3000","timestamp":"2026-05-21T04:57:56.588Z"}
{"level":"info","message":"Server running on port 3000","timestamp":"2026-05-21T04:58:01.252Z"}
{"level":"info","message":"Server running on port 3000","timestamp":"2026-05-21T04:58:05.747Z"}
{"level":"info","message":"Server running on port 3000","timestamp":"2026-05-21T05:00:30.682Z"}
{"level":"info","message":"Server running on port 3000","timestamp":"2026-05-21T05:00:38.099Z"}
{"level":"info","message":"Server running on port 3000","timestamp":"2026-05-21T05:01:07.149Z"}
{"level":"info","message":"Server running on port 3000","timestamp":"2026-05-21T05:01:12.037Z"}
{"level":"info","message":"Server running on port 3000","timestamp":"2026-05-21T05:01:13.552Z"}
{"level":"info","message":"Server running on port 3000","timestamp":"2026-05-21T05:04:26.076Z"}
{"level":"info","message":"VERIFYING JWT TOKEN","timestamp":"2026-05-21T05:05:32.822Z"}
{"level":"info","message":"JWT TOKEN VERIFIED FOR USER ID 2","timestamp":"2026-05-21T05:05:32.829Z"}
{"level":"info","message":"USER AUTHENTICATED: 2","timestamp":"2026-05-21T05:05:32.830Z"}
{"level":"info","message":"USER ROLE: 1","timestamp":"2026-05-21T05:05:32.832Z"}
{"level":"info","message":"ALLOWED ROLES: 1","timestamp":"2026-05-21T05:05:32.833Z"}
{"level":"info","message":"USER AUTHORIZED SUCCESSFULLY","timestamp":"2026-05-21T05:05:32.835Z"}
{"level":"info","message":"Server running on port 3000","timestamp":"2026-05-21T05:08:18.176Z"}
{"level":"info","message":"Server running on port 3000","timestamp":"2026-05-21T05:10:00.378Z"}
{"level":"info","message":"Server running on port 3000","timestamp":"2026-05-21T05:20:07.629Z"}
{"level":"info","message":"Server running on port 3000","timestamp":"2026-05-21T05:20:42.300Z"}
{"level":"info","message":"Server running on port 3000","timestamp":"2026-05-21T05:20:43.999Z"}
{"level":"info","message":"Server running on port 3000","timestamp":"2026-05-21T05:25:37.277Z"}
{"level":"info","message":"Server running on port 3000","timestamp":"2026-05-21T05:25:38.856Z"}
{"level":"info","message":"LOGIN REQUEST RECEIVED","timestamp":"2026-05-21T05:27:13.157Z"}
{"level":"info","message":"GENERATING JWT TOKEN FOR USER ID 2","timestamp":"2026-05-21T05:27:13.247Z"}
{"level":"info","message":"JWT TOKEN GENERATED FOR USER ID 2","timestamp":"2026-05-21T05:27:13.250Z"}
{"level":"info","message":"LOGIN SUCCESS:admin@gmail.com","timestamp":"2026-05-21T05:27:13.251Z"}
{"level":"info","message":"Server running on port 3000","timestamp":"2026-05-21T05:27:57.336Z"}
{"level":"info","message":"Server running on port 3000","timestamp":"2026-05-21T05:29:19.476Z"}
{"level":"info","message":"Server running on port 3000","timestamp":"2026-05-21T05:30:58.562Z"}
{"level":"info","message":"VERIFYING JWT TOKEN","timestamp":"2026-05-21T05:31:14.533Z"}
{"level":"info","message":"JWT TOKEN VERIFIED FOR USER ID 2","timestamp":"2026-05-21T05:31:14.536Z"}
{"level":"info","message":"USER AUTHENTICATED: 2","timestamp":"2026-05-21T05:31:14.537Z"}
{"level":"info","message":"USER ROLE: 1","timestamp":"2026-05-21T05:31:14.537Z"}
{"level":"info","message":"ALLOWED ROLES: 1","timestamp":"2026-05-21T05:31:14.538Z"}
{"level":"info","message":"USER AUTHORIZED SUCCESSFULLY","timestamp":"2026-05-21T05:31:14.538Z"}
{"level":"warn","message":"AUTH HEADER MISSING","timestamp":"2026-05-21T05:32:09.784Z"}
{"level":"info","message":"Server running on port 3000","timestamp":"2026-05-21T05:32:22.950Z"}
{"level":"info","message":"VERIFYING JWT TOKEN","timestamp":"2026-05-21T05:32:58.431Z"}
{"level":"info","message":"JWT TOKEN VERIFIED FOR USER ID 2","timestamp":"2026-05-21T05:32:58.435Z"}
{"level":"info","message":"USER AUTHENTICATED: 2","timestamp":"2026-05-21T05:32:58.435Z"}
{"level":"info","message":"USER ROLE: 1","timestamp":"2026-05-21T05:32:58.436Z"}
{"level":"info","message":"ALLOWED ROLES: 1","timestamp":"2026-05-21T05:32:58.436Z"}
{"level":"info","message":"USER AUTHORIZED SUCCESSFULLY","timestamp":"2026-05-21T05:32:58.437Z"}
{"0":{"instancePath":"","keyword":"errorMessage","message":"TITLE_REQUIRED","params":{"errors":[{"emUsed":true,"instancePath":"","keyword":"required","message":"must have required property 'title'","params":{"missingProperty":"title"},"schemaPath":"#/required"}]},"schemaPath":"#/errorMessage"},"1":{"instancePath":"","keyword":"errorMessage","message":"AUTHOR_REQUIRED","params":{"errors":[{"emUsed":true,"instancePath":"","keyword":"required","message":"must have required property 'author'","params":{"missingProperty":"author"},"schemaPath":"#/required"}]},"schemaPath":"#/errorMessage"},"2":{"instancePath":"","keyword":"errorMessage","message":"BOOK_NUM_REQUIRED","params":{"errors":[{"emUsed":true,"instancePath":"","keyword":"required","message":"must have required property 'book_num'","params":{"missingProperty":"book_num"},"schemaPath":"#/required"}]},"schemaPath":"#/errorMessage"},"3":{"instancePath":"","keyword":"errorMessage","message":"CATEGORY_REQUIRED","params":{"errors":[{"emUsed":true,"instancePath":"","keyword":"required","message":"must have required property 'category'","params":{"missingProperty":"category"},"schemaPath":"#/required"}]},"schemaPath":"#/errorMessage"},"level":"warn","message":"AJV VALIDATION FAILED","timestamp":"2026-05-21T05:32:58.439Z"}
{"level":"info","message":"Server running on port 3000","timestamp":"2026-05-21T05:33:09.710Z"}
{"level":"info","message":"Server running on port 3000","timestamp":"2026-05-21T05:33:55.932Z"}
{"level":"info","message":"Server running on port 3000","timestamp":"2026-05-21T05:35:44.565Z"}
{"level":"info","message":"Server running on port 3000","timestamp":"2026-05-21T05:36:05.880Z"}
{"level":"info","message":"Server running on port 3000","timestamp":"2026-05-21T05:36:09.491Z"}
{"level":"info","message":"Server running on port 3000","timestamp":"2026-05-21T05:36:11.002Z"}
{"level":"info","message":"Server running on port 3000","timestamp":"2026-05-21T05:42:13.446Z"}
{"level":"info","message":"Server running on port 3000","timestamp":"2026-05-21T05:42:18.803Z"}
{"level":"info","message":"Server running on port 3000","timestamp":"2026-05-21T05:42:21.849Z"}
{"level":"info","message":"Server running on port 3000","timestamp":"2026-05-21T05:43:37.000Z"}
{"level":"info","message":"Server running on port 3000","timestamp":"2026-05-21T05:45:22.805Z"}
{"level":"info","message":"Server running on port 3000","timestamp":"2026-05-21T05:45:34.278Z"}
{"level":"info","message":"Server running on port 3000","timestamp":"2026-05-21T05:45:56.124Z"}
{"level":"info","message":"Server running on port 3000","timestamp":"2026-05-21T05:46:02.565Z"}
{"level":"info","message":"Server running on port 3000","timestamp":"2026-05-21T05:46:05.008Z"}
{"level":"info","message":"Server running on port 3000","timestamp":"2026-05-21T05:46:06.691Z"}
{"level":"info","message":"Server running on port 3000","timestamp":"2026-05-21T05:53:17.498Z"}
{"level":"info","message":"Server running on port 3000","timestamp":"2026-05-21T05:53:20.144Z"}
{"level":"info","message":"Server running on port 3000","timestamp":"2026-05-21T06:59:13.479Z"}
{"level":"info","message":"Server running on port 3000","timestamp":"2026-05-21T06:59:15.441Z"}
{"level":"info","message":"VERIFYING JWT TOKEN","timestamp":"2026-05-21T06:59:39.051Z"}
{"level":"info","message":"JWT TOKEN VERIFIED FOR USER ID 2","timestamp":"2026-05-21T06:59:39.057Z"}
{"level":"info","message":"USER AUTHENTICATED: 2","timestamp":"2026-05-21T06:59:39.057Z"}
{"level":"info","message":"USER ROLE: 1","timestamp":"2026-05-21T06:59:39.058Z"}
{"level":"info","message":"ALLOWED ROLES: 1","timestamp":"2026-05-21T06:59:39.058Z"}
{"level":"info","message":"USER AUTHORIZED SUCCESSFULLY","timestamp":"2026-05-21T06:59:39.059Z"}
{"level":"info","message":"Server running on port 3000","timestamp":"2026-05-21T07:15:53.060Z"}
{"level":"info","message":"Server running on port 3000","timestamp":"2026-05-21T07:17:49.846Z"}
{"level":"info","message":"Server running on port 3000","timestamp":"2026-05-21T07:58:08.590Z"}
{"level":"info","message":"Server running on port 3000","timestamp":"2026-05-21T07:58:16.286Z"}
{"level":"info","message":"Server running on port 3000","timestamp":"2026-05-21T08:34:44.216Z"}
{"level":"info","message":"LOGIN REQUEST RECEIVED","timestamp":"2026-05-21T10:05:37.406Z"}
{"level":"info","message":"GENERATING JWT TOKEN FOR USER ID 2","timestamp":"2026-05-21T10:05:37.512Z"}
{"level":"info","message":"JWT TOKEN GENERATED FOR USER ID 2","timestamp":"2026-05-21T10:05:37.518Z"}
{"level":"info","message":"LOGIN SUCCESS:admin@gmail.com","timestamp":"2026-05-21T10:05:37.519Z"}
{"level":"info","message":"VERIFYING JWT TOKEN","timestamp":"2026-05-21T10:06:14.587Z"}
{"level":"info","message":"JWT TOKEN VERIFIED FOR USER ID 2","timestamp":"2026-05-21T10:06:14.589Z"}
{"level":"info","message":"USER AUTHENTICATED: 2","timestamp":"2026-05-21T10:06:14.589Z"}
{"level":"info","message":"USER ROLE: 1","timestamp":"2026-05-21T10:06:14.590Z"}
{"level":"info","message":"ALLOWED ROLES: 1","timestamp":"2026-05-21T10:06:14.591Z"}
{"level":"info","message":"USER AUTHORIZED SUCCESSFULLY","timestamp":"2026-05-21T10:06:14.591Z"}
{"0":{"instancePath":"/filter","keyword":"type","message":"must be object","params":{"type":"object"},"schemaPath":"#/properties/filter/type"},"level":"warn","message":"AJV VALIDATION FAILED","timestamp":"2026-05-21T10:06:14.593Z"}
{"level":"info","message":"VERIFYING JWT TOKEN","timestamp":"2026-05-21T10:06:36.529Z"}
{"level":"info","message":"JWT TOKEN VERIFIED FOR USER ID 2","timestamp":"2026-05-21T10:06:36.530Z"}
{"level":"info","message":"USER AUTHENTICATED: 2","timestamp":"2026-05-21T10:06:36.531Z"}
{"level":"info","message":"USER ROLE: 1","timestamp":"2026-05-21T10:06:36.531Z"}
{"level":"info","message":"ALLOWED ROLES: 1","timestamp":"2026-05-21T10:06:36.531Z"}
{"level":"info","message":"USER AUTHORIZED SUCCESSFULLY","timestamp":"2026-05-21T10:06:36.532Z"}
{"0":{"instancePath":"/filter","keyword":"type","message":"must be object","params":{"type":"object"},"schemaPath":"#/properties/filter/type"},"level":"warn","message":"AJV VALIDATION FAILED","timestamp":"2026-05-21T10:06:36.532Z"}
{"level":"info","message":"Server running on port 3000","timestamp":"2026-05-21T10:08:12.522Z"}
{"level":"info","message":"Server running on port 3000","timestamp":"2026-05-21T10:08:23.435Z"}
{"level":"info","message":"VERIFYING JWT TOKEN","timestamp":"2026-05-21T10:08:26.359Z"}
{"level":"info","message":"JWT TOKEN VERIFIED FOR USER ID 2","timestamp":"2026-05-21T10:08:26.362Z"}
{"level":"info","message":"USER AUTHENTICATED: 2","timestamp":"2026-05-21T10:08:26.362Z"}
{"level":"info","message":"USER ROLE: 1","timestamp":"2026-05-21T10:08:26.363Z"}
{"level":"info","message":"ALLOWED ROLES: 1","timestamp":"2026-05-21T10:08:26.363Z"}
{"level":"info","message":"USER AUTHORIZED SUCCESSFULLY","timestamp":"2026-05-21T10:08:26.364Z"}
{"level":"info","message":"VERIFYING JWT TOKEN","timestamp":"2026-05-21T10:08:52.234Z"}
{"level":"info","message":"JWT TOKEN VERIFIED FOR USER ID 2","timestamp":"2026-05-21T10:08:52.236Z"}
{"level":"info","message":"USER AUTHENTICATED: 2","timestamp":"2026-05-21T10:08:52.236Z"}
{"level":"info","message":"USER ROLE: 1","timestamp":"2026-05-21T10:08:52.237Z"}
{"level":"info","message":"ALLOWED ROLES: 1","timestamp":"2026-05-21T10:08:52.237Z"}
{"level":"info","message":"USER AUTHORIZED SUCCESSFULLY","timestamp":"2026-05-21T10:08:52.237Z"}
{"level":"info","message":"VERIFYING JWT TOKEN","timestamp":"2026-05-21T10:09:14.614Z"}
{"level":"info","message":"JWT TOKEN VERIFIED FOR USER ID 2","timestamp":"2026-05-21T10:09:14.616Z"}
{"level":"info","message":"USER AUTHENTICATED: 2","timestamp":"2026-05-21T10:09:14.617Z"}
{"level":"info","message":"USER ROLE: 1","timestamp":"2026-05-21T10:09:14.617Z"}
{"level":"info","message":"ALLOWED ROLES: 1","timestamp":"2026-05-21T10:09:14.617Z"}
{"level":"info","message":"USER AUTHORIZED SUCCESSFULLY","timestamp":"2026-05-21T10:09:14.618Z"}
{"level":"info","message":"VERIFYING JWT TOKEN","timestamp":"2026-05-21T10:09:51.776Z"}
{"level":"info","message":"JWT TOKEN VERIFIED FOR USER ID 2","timestamp":"2026-05-21T10:09:51.777Z"}
{"level":"info","message":"USER AUTHENTICATED: 2","timestamp":"2026-05-21T10:09:51.777Z"}
{"level":"info","message":"USER ROLE: 1","timestamp":"2026-05-21T10:09:51.777Z"}
{"level":"info","message":"ALLOWED ROLES: 1","timestamp":"2026-05-21T10:09:51.778Z"}
{"level":"info","message":"USER AUTHORIZED SUCCESSFULLY","timestamp":"2026-05-21T10:09:51.778Z"}
{"level":"info","message":"VERIFYING JWT TOKEN","timestamp":"2026-05-21T10:10:08.427Z"}
{"level":"info","message":"JWT TOKEN VERIFIED FOR USER ID 2","timestamp":"2026-05-21T10:10:08.427Z"}
{"level":"info","message":"USER AUTHENTICATED: 2","timestamp":"2026-05-21T10:10:08.428Z"}
{"level":"info","message":"USER ROLE: 1","timestamp":"2026-05-21T10:10:08.428Z"}
{"level":"info","message":"ALLOWED ROLES: 1","timestamp":"2026-05-21T10:10:08.428Z"}
{"level":"info","message":"USER AUTHORIZED SUCCESSFULLY","timestamp":"2026-05-21T10:10:08.428Z"}
{"level":"info","message":"VERIFYING JWT TOKEN","timestamp":"2026-05-21T10:10:56.921Z"}
{"expiredAt":"2026-05-21T09:00:25.000Z","level":"error","message":"JWT VERIFICATION FAILED jwt expired","name":"TokenExpiredError","stack":"TokenExpiredError: jwt expired\n    at D:\\About_LexiconNetworks\\Library_Management_System\\backend\\node_modules\\jsonwebtoken\\verify.js:190:21\n    at getSecret (D:\\About_LexiconNetworks\\Library_Management_System\\backend\\node_modules\\jsonwebtoken\\verify.js:97:14)\n    at module.exports [as verify] (D:\\About_LexiconNetworks\\Library_Management_System\\backend\\node_modules\\jsonwebtoken\\verify.js:101:10)\n    at verifyToken (file:///D:/About_LexiconNetworks/Library_Management_System/backend/src/services/jwt.service.js:50:23)\n    at verifyJWT (file:///D:/About_LexiconNetworks/Library_Management_System/backend/src/middlewares/auth.middleware.js:55:21)\n    at Layer.handleRequest (D:\\About_LexiconNetworks\\Library_Management_System\\backend\\node_modules\\router\\lib\\layer.js:152:17)\n    at next (D:\\About_LexiconNetworks\\Library_Management_System\\backend\\node_modules\\router\\lib\\route.js:157:13)\n    at Route.dispatch (D:\\About_LexiconNetworks\\Library_Management_System\\backend\\node_modules\\router\\lib\\route.js:117:3)\n    at handle (D:\\About_LexiconNetworks\\Library_Management_System\\backend\\node_modules\\router\\index.js:435:11)\n    at Layer.handleRequest (D:\\About_LexiconNetworks\\Library_Management_System\\backend\\node_modules\\router\\lib\\layer.js:152:17)","timestamp":"2026-05-21T10:10:56.922Z"}
{"level":"info","message":"VERIFYING JWT TOKEN","timestamp":"2026-05-21T10:11:14.943Z"}
{"level":"info","message":"JWT TOKEN VERIFIED FOR USER ID 2","timestamp":"2026-05-21T10:11:14.944Z"}
{"level":"info","message":"USER AUTHENTICATED: 2","timestamp":"2026-05-21T10:11:14.944Z"}
{"level":"info","message":"USER ROLE: 1","timestamp":"2026-05-21T10:11:14.944Z"}
{"level":"info","message":"ALLOWED ROLES: 1","timestamp":"2026-05-21T10:11:14.945Z"}
{"level":"info","message":"USER AUTHORIZED SUCCESSFULLY","timestamp":"2026-05-21T10:11:14.945Z"}
{"level":"info","message":"VERIFYING JWT TOKEN","timestamp":"2026-05-21T10:11:22.375Z"}
{"level":"info","message":"JWT TOKEN VERIFIED FOR USER ID 2","timestamp":"2026-05-21T10:11:22.375Z"}
{"level":"info","message":"USER AUTHENTICATED: 2","timestamp":"2026-05-21T10:11:22.376Z"}
{"level":"info","message":"USER ROLE: 1","timestamp":"2026-05-21T10:11:22.376Z"}
{"level":"info","message":"ALLOWED ROLES: 1","timestamp":"2026-05-21T10:11:22.376Z"}
{"level":"info","message":"USER AUTHORIZED SUCCESSFULLY","timestamp":"2026-05-21T10:11:22.377Z"}
{"level":"info","message":"VERIFYING JWT TOKEN","timestamp":"2026-05-21T10:11:46.357Z"}
{"level":"info","message":"JWT TOKEN VERIFIED FOR USER ID 2","timestamp":"2026-05-21T10:11:46.358Z"}
{"level":"info","message":"USER AUTHENTICATED: 2","timestamp":"2026-05-21T10:11:46.359Z"}
{"level":"info","message":"USER ROLE: 1","timestamp":"2026-05-21T10:11:46.359Z"}
{"level":"info","message":"ALLOWED ROLES: 1","timestamp":"2026-05-21T10:11:46.359Z"}
{"level":"info","message":"USER AUTHORIZED SUCCESSFULLY","timestamp":"2026-05-21T10:11:46.359Z"}
{"code":"ER_DUP_ENTRY","errno":1062,"level":"error","message":"Duplicate entry 'riyaa@yopmail.com' for key 'users.email'","sql":"INSERT INTO users(email,password_hash,first_name,last_name,phone,role_id,is_active,is_verified,is_deleted,verification_token)\n       VALUES (?,?,?,?,?,?,?,?,?,?)","sqlMessage":"Duplicate entry 'riyaa@yopmail.com' for key 'users.email'","sqlState":"23000","stack":"Error: Duplicate entry 'riyaa@yopmail.com' for key 'users.email'\n    at postUser (file:///D:/About_LexiconNetworks/Library_Management_System/backend/src/controllers/user.controller.js:134:31)","timestamp":"2026-05-21T10:11:46.499Z"}
{"level":"info","message":"Server running on port 3000","timestamp":"2026-05-21T10:15:47.469Z"}
{"level":"info","message":"VERIFYING JWT TOKEN","timestamp":"2026-05-21T10:15:58.166Z"}
{"level":"info","message":"JWT TOKEN VERIFIED FOR USER ID 2","timestamp":"2026-05-21T10:15:58.169Z"}
{"level":"info","message":"USER AUTHENTICATED: 2","timestamp":"2026-05-21T10:15:58.170Z"}
{"level":"info","message":"USER ROLE: 1","timestamp":"2026-05-21T10:15:58.171Z"}
{"level":"info","message":"ALLOWED ROLES: 1","timestamp":"2026-05-21T10:15:58.171Z"}
{"level":"info","message":"USER AUTHORIZED SUCCESSFULLY","timestamp":"2026-05-21T10:15:58.171Z"}
{"level":"info","message":"VERIFYING JWT TOKEN","timestamp":"2026-05-21T10:16:03.985Z"}
{"level":"info","message":"JWT TOKEN VERIFIED FOR USER ID 2","timestamp":"2026-05-21T10:16:03.986Z"}
{"level":"info","message":"USER AUTHENTICATED: 2","timestamp":"2026-05-21T10:16:03.986Z"}
{"level":"info","message":"USER ROLE: 1","timestamp":"2026-05-21T10:16:03.986Z"}
{"level":"info","message":"ALLOWED ROLES: 1","timestamp":"2026-05-21T10:16:03.987Z"}
{"level":"info","message":"USER AUTHORIZED SUCCESSFULLY","timestamp":"2026-05-21T10:16:03.987Z"}
{"level":"info","message":"VERIFYING JWT TOKEN","timestamp":"2026-05-21T10:16:09.838Z"}
{"level":"info","message":"JWT TOKEN VERIFIED FOR USER ID 2","timestamp":"2026-05-21T10:16:09.839Z"}
{"level":"info","message":"USER AUTHENTICATED: 2","timestamp":"2026-05-21T10:16:09.839Z"}
{"level":"info","message":"USER ROLE: 1","timestamp":"2026-05-21T10:16:09.839Z"}
{"level":"info","message":"ALLOWED ROLES: 1","timestamp":"2026-05-21T10:16:09.839Z"}
{"level":"info","message":"USER AUTHORIZED SUCCESSFULLY","timestamp":"2026-05-21T10:16:09.840Z"}
{"email":"riyaaa@yopmail.com","first_name":"Siya","level":"info","link":"http://localhost:3000/auth/verify-email?uid=54&token=ee9aa8ed473978a3ad6b","message":"EMAIL DEBUG","timestamp":"2026-05-21T10:16:10.008Z"}
{"level":"info","message":"SENDING VERIFICATION EMAIL TO riyaaa@yopmail.com","timestamp":"2026-05-21T10:16:10.009Z"}
{"level":"info","message":"EMAIL TEMPLATE LOADED SUCCESSFULLY","timestamp":"2026-05-21T10:16:10.029Z"}
{"level":"info","message":"EMAIL TEMPLATE VARIABLES REPLACED","timestamp":"2026-05-21T10:16:10.029Z"}
{"level":"info","message":"VERIFICATION EMAIL SENT SUCCESSFULLY TO riyaaa@yopmail.com","timestamp":"2026-05-21T10:16:12.311Z"}
{"level":"info","message":"EMAIL MESSAGE ID: <3e68feeb-f167-c2bf-83b5-61d6c73d40e3@undefined>","timestamp":"2026-05-21T10:16:12.312Z"}
{"level":"info","message":"Server running on port 3000","timestamp":"2026-05-21T10:16:30.608Z"}
{"level":"info","message":"Server running on port 3000","timestamp":"2026-05-21T10:16:35.120Z"}
{"level":"info","message":"Server running on port 3000","timestamp":"2026-05-21T10:16:45.294Z"}
{"level":"info","message":"Server running on port 3000","timestamp":"2026-05-21T10:17:04.820Z"}
{"level":"info","message":"Server running on port 3000","timestamp":"2026-05-21T10:17:13.713Z"}
{"level":"info","message":"Server running on port 3000","timestamp":"2026-05-21T10:17:17.423Z"}
{"level":"info","message":"VERIFYING JWT TOKEN","timestamp":"2026-05-21T10:17:24.820Z"}
{"level":"info","message":"JWT TOKEN VERIFIED FOR USER ID 2","timestamp":"2026-05-21T10:17:24.823Z"}
{"level":"info","message":"USER AUTHENTICATED: 2","timestamp":"2026-05-21T10:17:24.823Z"}
{"level":"info","message":"USER ROLE: 1","timestamp":"2026-05-21T10:17:24.824Z"}
{"level":"info","message":"ALLOWED ROLES: 1","timestamp":"2026-05-21T10:17:24.824Z"}
{"level":"info","message":"USER AUTHORIZED SUCCESSFULLY","timestamp":"2026-05-21T10:17:24.824Z"}
{"email":"riyaaaa@yopmail.com","first_name":"Siya","level":"info","link":"http://localhost:3000/auth/verify-email?uid=55&token=7729dc3d9f5d6346695b","message":"EMAIL DEBUG","timestamp":"2026-05-21T10:17:25.018Z"}
{"level":"info","message":"SENDING VERIFICATION EMAIL TO riyaaaa@yopmail.com","timestamp":"2026-05-21T10:17:25.019Z"}
{"level":"info","message":"EMAIL TEMPLATE LOADED SUCCESSFULLY","timestamp":"2026-05-21T10:17:25.020Z"}
{"level":"info","message":"EMAIL TEMPLATE VARIABLES REPLACED","timestamp":"2026-05-21T10:17:25.020Z"}
{"level":"info","message":"VERIFICATION EMAIL SENT SUCCESSFULLY TO riyaaaa@yopmail.com","timestamp":"2026-05-21T10:17:27.599Z"}
{"level":"info","message":"EMAIL MESSAGE ID: <bf3963f6-859b-3723-7d36-0afae3fa54e4@undefined>","timestamp":"2026-05-21T10:17:27.600Z"}
{"level":"info","message":"EMAIL VERIFY REQUEST","timestamp":"2026-05-21T10:17:47.333Z"}
{"level":"info","message":"EMAIL VERIFIED:55","timestamp":"2026-05-21T10:17:47.434Z"}
{"level":"info","message":"EMAIL VERIFY REQUEST","timestamp":"2026-05-21T10:17:52.208Z"}
{"level":"error","message":"VERIFY EMAIL ERROR USER_ALREADY_VERIFIED","stack":"Error: USER_ALREADY_VERIFIED\n    at verifyEmail (file:///D:/About_LexiconNetworks/Library_Management_System/backend/src/controllers/auth.controller.js:98:39)\n    at process.processTicksAndRejections (node:internal/process/task_queues:103:5)","timestamp":"2026-05-21T10:17:52.211Z"}
{"level":"info","message":"LOGIN REQUEST RECEIVED","timestamp":"2026-05-21T10:18:26.265Z"}
{"level":"info","message":"GENERATING JWT TOKEN FOR USER ID 55","timestamp":"2026-05-21T10:18:26.341Z"}
{"level":"info","message":"JWT TOKEN GENERATED FOR USER ID 55","timestamp":"2026-05-21T10:18:26.344Z"}
{"level":"info","message":"LOGIN SUCCESS:riyaaaa@yopmail.com","timestamp":"2026-05-21T10:18:26.345Z"}
{"level":"info","message":"VERIFYING JWT TOKEN","timestamp":"2026-05-21T10:18:39.338Z"}
{"level":"info","message":"JWT TOKEN VERIFIED FOR USER ID 55","timestamp":"2026-05-21T10:18:39.339Z"}
{"level":"info","message":"USER AUTHENTICATED: 55","timestamp":"2026-05-21T10:18:39.340Z"}
{"level":"info","message":"VERIFYING JWT TOKEN","timestamp":"2026-05-21T10:19:15.836Z"}
{"level":"info","message":"JWT TOKEN VERIFIED FOR USER ID 55","timestamp":"2026-05-21T10:19:15.837Z"}
{"level":"info","message":"USER AUTHENTICATED: 55","timestamp":"2026-05-21T10:19:15.837Z"}
{"0":{"instancePath":"","keyword":"additionalProperties","message":"must NOT have additional properties","params":{"additionalProperty":"salary"},"schemaPath":"#/additionalProperties"},"level":"warn","message":"AJV VALIDATION FAILED","timestamp":"2026-05-21T10:19:15.838Z"}
{"body":"{\r\n  \"first_name\": \"riyaUtpated\",\r\n\r\n  \r\n\r\n}","expose":true,"level":"error","message":"GLOBAL ERROR Expected double-quoted property name in JSON at position 43 (line 6 column 1)","stack":"SyntaxError: Expected double-quoted property name in JSON at position 43 (line 6 column 1)\n    at JSON.parse (<anonymous>)\n    at parse (D:\\About_LexiconNetworks\\Library_Management_System\\backend\\node_modules\\body-parser\\lib\\types\\json.js:72:19)\n    at D:\\About_LexiconNetworks\\Library_Management_System\\backend\\node_modules\\body-parser\\lib\\read.js:162:18\n    at AsyncResource.runInAsyncScope (node:async_hooks:214:14)\n    at invokeCallback (D:\\About_LexiconNetworks\\Library_Management_System\\backend\\node_modules\\raw-body\\index.js:238:16)\n    at done (D:\\About_LexiconNetworks\\Library_Management_System\\backend\\node_modules\\raw-body\\index.js:227:7)\n    at IncomingMessage.onEnd (D:\\About_LexiconNetworks\\Library_Management_System\\backend\\node_modules\\raw-body\\index.js:287:7)\n    at IncomingMessage.emit (node:events:519:28)\n    at endReadableNT (node:internal/streams/readable:1698:12)\n    at process.processTicksAndRejections (node:internal/process/task_queues:89:21)","status":400,"statusCode":400,"timestamp":"2026-05-21T10:19:21.837Z","type":"entity.parse.failed"}
{"level":"info","message":"VERIFYING JWT TOKEN","timestamp":"2026-05-21T10:19:32.488Z"}
{"level":"info","message":"JWT TOKEN VERIFIED FOR USER ID 55","timestamp":"2026-05-21T10:19:32.488Z"}
{"level":"info","message":"USER AUTHENTICATED: 55","timestamp":"2026-05-21T10:19:32.489Z"}
{"level":"info","message":"VERIFYING JWT TOKEN","timestamp":"2026-05-21T10:19:37.834Z"}
{"level":"info","message":"JWT TOKEN VERIFIED FOR USER ID 55","timestamp":"2026-05-21T10:19:37.835Z"}
{"level":"info","message":"USER AUTHENTICATED: 55","timestamp":"2026-05-21T10:19:37.836Z"}
{"level":"info","message":"VERIFYING JWT TOKEN","timestamp":"2026-05-21T10:20:07.566Z"}
{"level":"info","message":"JWT TOKEN VERIFIED FOR USER ID 2","timestamp":"2026-05-21T10:20:07.567Z"}
{"level":"info","message":"USER AUTHENTICATED: 2","timestamp":"2026-05-21T10:20:07.567Z"}
{"level":"info","message":"USER ROLE: 1","timestamp":"2026-05-21T10:20:07.567Z"}
{"level":"info","message":"ALLOWED ROLES: 1","timestamp":"2026-05-21T10:20:07.568Z"}
{"level":"info","message":"USER AUTHORIZED SUCCESSFULLY","timestamp":"2026-05-21T10:20:07.568Z"}
{"level":"info","message":"VERIFYING JWT TOKEN","timestamp":"2026-05-21T10:20:12.616Z"}
{"level":"info","message":"JWT TOKEN VERIFIED FOR USER ID 55","timestamp":"2026-05-21T10:20:12.617Z"}
{"level":"info","message":"USER AUTHENTICATED: 55","timestamp":"2026-05-21T10:20:12.618Z"}
{"level":"info","message":"VERIFYING JWT TOKEN","timestamp":"2026-05-21T10:20:43.554Z"}
{"level":"info","message":"JWT TOKEN VERIFIED FOR USER ID 2","timestamp":"2026-05-21T10:20:43.555Z"}
{"level":"info","message":"USER AUTHENTICATED: 2","timestamp":"2026-05-21T10:20:43.555Z"}
{"level":"info","message":"USER ROLE: 1","timestamp":"2026-05-21T10:20:43.555Z"}
{"level":"info","message":"ALLOWED ROLES: 1","timestamp":"2026-05-21T10:20:43.556Z"}
{"level":"info","message":"USER AUTHORIZED SUCCESSFULLY","timestamp":"2026-05-21T10:20:43.556Z"}
{"code":"ER_DUP_ENTRY","errno":1062,"level":"error","message":"Duplicate entry 'BK1001' for key 'books.book_num'","sql":"INSERT INTO books\n      (title, author, book_num, category, sub_category, total_copies, available_copies, status)\n      VALUES (?, ?, ?, ?, ?, ?, ?, ?)","sqlMessage":"Duplicate entry 'BK1001' for key 'books.book_num'","sqlState":"23000","stack":"Error: Duplicate entry 'BK1001' for key 'books.book_num'\n    at createBook (file:///D:/About_LexiconNetworks/Library_Management_System/backend/src/controllers/book.controller.js:20:31)\n    at Layer.handleRequest (D:\\About_LexiconNetworks\\Library_Management_System\\backend\\node_modules\\router\\lib\\layer.js:152:17)\n    at next (D:\\About_LexiconNetworks\\Library_Management_System\\backend\\node_modules\\router\\lib\\route.js:157:13)\n    at file:///D:/About_LexiconNetworks/Library_Management_System/backend/src/middlewares/schema.validator.middleware.js:51:7\n    at Layer.handleRequest (D:\\About_LexiconNetworks\\Library_Management_System\\backend\\node_modules\\router\\lib\\layer.js:152:17)\n    at next (D:\\About_LexiconNetworks\\Library_Management_System\\backend\\node_modules\\router\\lib\\route.js:157:13)\n    at file:///D:/About_LexiconNetworks/Library_Management_System/backend/src/middlewares/auth.middleware.js:112:7\n    at Layer.handleRequest (D:\\About_LexiconNetworks\\Library_Management_System\\backend\\node_modules\\router\\lib\\layer.js:152:17)\n    at next (D:\\About_LexiconNetworks\\Library_Management_System\\backend\\node_modules\\router\\lib\\route.js:157:13)\n    at verifyJWT (file:///D:/About_LexiconNetworks/Library_Management_System/backend/src/middlewares/auth.middleware.js:64:5)","timestamp":"2026-05-21T10:20:43.581Z"}
{"level":"info","message":"VERIFYING JWT TOKEN","timestamp":"2026-05-21T10:21:20.111Z"}
{"level":"info","message":"JWT TOKEN VERIFIED FOR USER ID 55","timestamp":"2026-05-21T10:21:20.112Z"}
{"level":"info","message":"USER AUTHENTICATED: 55","timestamp":"2026-05-21T10:21:20.113Z"}
{"level":"info","message":"USER ROLE: 2","timestamp":"2026-05-21T10:21:20.113Z"}
{"level":"info","message":"ALLOWED ROLES: 1","timestamp":"2026-05-21T10:21:20.113Z"}
{"level":"warn","message":"ACCESS DENIED - ROLE 2","timestamp":"2026-05-21T10:21:20.113Z"}
{"level":"info","message":"VERIFYING JWT TOKEN","timestamp":"2026-05-21T10:21:28.349Z"}
{"level":"info","message":"JWT TOKEN VERIFIED FOR USER ID 55","timestamp":"2026-05-21T10:21:28.350Z"}
{"level":"info","message":"USER AUTHENTICATED: 55","timestamp":"2026-05-21T10:21:28.350Z"}
{"level":"info","message":"USER ROLE: 2","timestamp":"2026-05-21T10:21:28.350Z"}
{"level":"info","message":"ALLOWED ROLES: 1","timestamp":"2026-05-21T10:21:28.350Z"}
{"level":"warn","message":"ACCESS DENIED - ROLE 2","timestamp":"2026-05-21T10:21:28.350Z"}
{"level":"info","message":"LOGIN REQUEST RECEIVED","timestamp":"2026-05-21T10:21:37.578Z"}
{"level":"info","message":"GENERATING JWT TOKEN FOR USER ID 2","timestamp":"2026-05-21T10:21:37.651Z"}
{"level":"info","message":"JWT TOKEN GENERATED FOR USER ID 2","timestamp":"2026-05-21T10:21:37.652Z"}
{"level":"info","message":"LOGIN SUCCESS:admin@gmail.com","timestamp":"2026-05-21T10:21:37.653Z"}
{"level":"info","message":"VERIFYING JWT TOKEN","timestamp":"2026-05-21T10:21:49.480Z"}
{"level":"info","message":"JWT TOKEN VERIFIED FOR USER ID 2","timestamp":"2026-05-21T10:21:49.481Z"}
{"level":"info","message":"USER AUTHENTICATED: 2","timestamp":"2026-05-21T10:21:49.481Z"}
{"level":"info","message":"USER ROLE: 1","timestamp":"2026-05-21T10:21:49.481Z"}
{"level":"info","message":"ALLOWED ROLES: 1","timestamp":"2026-05-21T10:21:49.481Z"}
{"level":"info","message":"USER AUTHORIZED SUCCESSFULLY","timestamp":"2026-05-21T10:21:49.482Z"}
{"code":"ER_DUP_ENTRY","errno":1062,"level":"error","message":"Duplicate entry 'BK1001' for key 'books.book_num'","sql":"INSERT INTO books\n      (title, author, book_num, category, sub_category, total_copies, available_copies, status)\n      VALUES (?, ?, ?, ?, ?, ?, ?, ?)","sqlMessage":"Duplicate entry 'BK1001' for key 'books.book_num'","sqlState":"23000","stack":"Error: Duplicate entry 'BK1001' for key 'books.book_num'\n    at createBook (file:///D:/About_LexiconNetworks/Library_Management_System/backend/src/controllers/book.controller.js:20:31)\n    at Layer.handleRequest (D:\\About_LexiconNetworks\\Library_Management_System\\backend\\node_modules\\router\\lib\\layer.js:152:17)\n    at next (D:\\About_LexiconNetworks\\Library_Management_System\\backend\\node_modules\\router\\lib\\route.js:157:13)\n    at file:///D:/About_LexiconNetworks/Library_Management_System/backend/src/middlewares/schema.validator.middleware.js:51:7\n    at Layer.handleRequest (D:\\About_LexiconNetworks\\Library_Management_System\\backend\\node_modules\\router\\lib\\layer.js:152:17)\n    at next (D:\\About_LexiconNetworks\\Library_Management_System\\backend\\node_modules\\router\\lib\\route.js:157:13)\n    at file:///D:/About_LexiconNetworks/Library_Management_System/backend/src/middlewares/auth.middleware.js:112:7\n    at Layer.handleRequest (D:\\About_LexiconNetworks\\Library_Management_System\\backend\\node_modules\\router\\lib\\layer.js:152:17)\n    at next (D:\\About_LexiconNetworks\\Library_Management_System\\backend\\node_modules\\router\\lib\\route.js:157:13)\n    at verifyJWT (file:///D:/About_LexiconNetworks/Library_Management_System/backend/src/middlewares/auth.middleware.js:64:5)","timestamp":"2026-05-21T10:21:49.504Z"}
{"level":"warn","message":"AUTH HEADER MISSING","timestamp":"2026-05-21T10:23:09.445Z"}
{"level":"info","message":"VERIFYING JWT TOKEN","timestamp":"2026-05-21T10:23:45.059Z"}
{"level":"info","message":"JWT TOKEN VERIFIED FOR USER ID 2","timestamp":"2026-05-21T10:23:45.060Z"}
{"level":"info","message":"USER AUTHENTICATED: 2","timestamp":"2026-05-21T10:23:45.060Z"}
{"level":"warn","message":"AUTH HEADER MISSING","timestamp":"2026-05-21T10:25:23.076Z"}
{"level":"info","message":"VERIFYING JWT TOKEN","timestamp":"2026-05-21T10:25:36.029Z"}
{"level":"info","message":"JWT TOKEN VERIFIED FOR USER ID 2","timestamp":"2026-05-21T10:25:36.030Z"}
{"level":"info","message":"USER AUTHENTICATED: 2","timestamp":"2026-05-21T10:25:36.030Z"}
{"level":"info","message":"VERIFYING JWT TOKEN","timestamp":"2026-05-21T10:25:41.485Z"}
{"level":"info","message":"JWT TOKEN VERIFIED FOR USER ID 2","timestamp":"2026-05-21T10:25:41.485Z"}
{"level":"info","message":"USER AUTHENTICATED: 2","timestamp":"2026-05-21T10:25:41.486Z"}
{"level":"info","message":"VERIFYING JWT TOKEN","timestamp":"2026-05-21T10:25:51.030Z"}
{"level":"info","message":"JWT TOKEN VERIFIED FOR USER ID 2","timestamp":"2026-05-21T10:25:51.031Z"}
{"level":"info","message":"USER AUTHENTICATED: 2","timestamp":"2026-05-21T10:25:51.031Z"}
{"level":"warn","message":"AUTH HEADER MISSING","timestamp":"2026-05-21T10:27:04.542Z"}
{"level":"info","message":"VERIFYING JWT TOKEN","timestamp":"2026-05-21T10:27:14.392Z"}
{"level":"info","message":"JWT TOKEN VERIFIED FOR USER ID 2","timestamp":"2026-05-21T10:27:14.393Z"}
{"level":"info","message":"USER AUTHENTICATED: 2","timestamp":"2026-05-21T10:27:14.393Z"}
{"level":"info","message":"USER ROLE: 1","timestamp":"2026-05-21T10:27:14.394Z"}
{"level":"info","message":"ALLOWED ROLES: 1","timestamp":"2026-05-21T10:27:14.394Z"}
{"level":"info","message":"USER AUTHORIZED SUCCESSFULLY","timestamp":"2026-05-21T10:27:14.394Z"}
{"level":"info","message":"VERIFYING JWT TOKEN","timestamp":"2026-05-21T10:27:21.491Z"}
{"level":"info","message":"JWT TOKEN VERIFIED FOR USER ID 2","timestamp":"2026-05-21T10:27:21.492Z"}
{"level":"info","message":"USER AUTHENTICATED: 2","timestamp":"2026-05-21T10:27:21.492Z"}
{"level":"info","message":"VERIFYING JWT TOKEN","timestamp":"2026-05-21T10:28:35.055Z"}
{"level":"info","message":"JWT TOKEN VERIFIED FOR USER ID 2","timestamp":"2026-05-21T10:28:35.056Z"}
{"level":"info","message":"USER AUTHENTICATED: 2","timestamp":"2026-05-21T10:28:35.056Z"}
{"level":"info","message":"USER ROLE: 1","timestamp":"2026-05-21T10:28:35.056Z"}
{"level":"info","message":"ALLOWED ROLES: 1","timestamp":"2026-05-21T10:28:35.056Z"}
{"level":"info","message":"USER AUTHORIZED SUCCESSFULLY","timestamp":"2026-05-21T10:28:35.056Z"}
{"0":{"instancePath":"","keyword":"minProperties","message":"must NOT have fewer than 1 properties","params":{"limit":1},"schemaPath":"#/minProperties"},"level":"warn","message":"AJV VALIDATION FAILED","timestamp":"2026-05-21T10:28:35.057Z"}
{"level":"info","message":"Server running on port 3000","timestamp":"2026-05-21T10:29:08.937Z"}
{"level":"info","message":"Server running on port 3000","timestamp":"2026-05-21T10:29:13.013Z"}
{"level":"info","message":"Server running on port 3000","timestamp":"2026-05-21T10:29:26.520Z"}
{"level":"info","message":"Server running on port 3000","timestamp":"2026-05-21T10:29:30.905Z"}
{"level":"info","message":"Server running on port 3000","timestamp":"2026-05-21T10:29:32.024Z"}
{"level":"info","message":"Server running on port 3000","timestamp":"2026-05-21T10:29:48.661Z"}
{"level":"info","message":"Server running on port 3000","timestamp":"2026-05-21T10:30:03.272Z"}
{"level":"info","message":"Server running on port 3000","timestamp":"2026-05-21T10:30:17.467Z"}
{"level":"info","message":"Server running on port 3000","timestamp":"2026-05-21T12:39:12.248Z"}
{"level":"info","message":"Server running on port 3000","timestamp":"2026-05-21T12:39:19.159Z"}
{"level":"info","message":"Server running on port 3000","timestamp":"2026-05-21T12:39:20.777Z"}
{"level":"info","message":"Server running on port 3000","timestamp":"2026-05-21T12:39:22.922Z"}
{"level":"info","message":"Server running on port 3000","timestamp":"2026-05-21T12:39:24.343Z"}
{"level":"info","message":"Server running on port 3000","timestamp":"2026-05-21T12:39:28.974Z"}
{"level":"info","message":"Server running on port 3000","timestamp":"2026-05-21T12:43:40.942Z"}
{"level":"info","message":"VERIFYING JWT TOKEN","timestamp":"2026-05-21T12:44:46.262Z"}
{"level":"info","message":"JWT TOKEN VERIFIED FOR USER ID 2","timestamp":"2026-05-21T12:44:46.267Z"}
{"level":"info","message":"USER AUTHENTICATED: 2","timestamp":"2026-05-21T12:44:46.267Z"}
{"level":"info","message":"VERIFYING JWT TOKEN","timestamp":"2026-05-21T12:45:38.083Z"}
{"level":"info","message":"JWT TOKEN VERIFIED FOR USER ID 2","timestamp":"2026-05-21T12:45:38.084Z"}
{"level":"info","message":"USER AUTHENTICATED: 2","timestamp":"2026-05-21T12:45:38.085Z"}
{"level":"info","message":"Server running on port 3000","timestamp":"2026-05-21T12:52:32.941Z"}
{"level":"info","message":"Server running on port 3000","timestamp":"2026-05-21T12:52:40.463Z"}
{"level":"info","message":"Server running on port 3000","timestamp":"2026-05-21T12:52:50.277Z"}
{"level":"info","message":"Server running on port 3000","timestamp":"2026-05-21T12:52:53.291Z"}
{"level":"info","message":"Server running on port 3000","timestamp":"2026-05-21T12:52:54.367Z"}
{"level":"info","message":"Server running on port 3000","timestamp":"2026-05-21T12:52:57.667Z"}
{"level":"info","message":"Server running on port 3000","timestamp":"2026-05-21T12:52:58.836Z"}
{"level":"info","message":"Server running on port 3000","timestamp":"2026-05-21T12:53:18.889Z"}
{"level":"info","message":"Server running on port 3000","timestamp":"2026-05-21T12:53:21.622Z"}
{"level":"info","message":"Server running on port 3000","timestamp":"2026-05-21T12:53:24.928Z"}
{"level":"info","message":"Server running on port 3000","timestamp":"2026-05-21T12:53:34.840Z"}
{"level":"info","message":"Server running on port 3000","timestamp":"2026-05-21T12:53:37.692Z"}
{"level":"info","message":"Server running on port 3000","timestamp":"2026-05-21T12:53:41.191Z"}
{"level":"info","message":"Server running on port 3000","timestamp":"2026-05-21T12:53:44.494Z"}
{"level":"info","message":"Server running on port 3000","timestamp":"2026-05-21T12:53:51.573Z"}
{"level":"info","message":"Server running on port 3000","timestamp":"2026-05-21T12:53:53.305Z"}
{"level":"info","message":"Server running on port 3000","timestamp":"2026-05-21T12:53:57.735Z"}
{"level":"info","message":"Server running on port 3000","timestamp":"2026-05-21T12:53:58.783Z"}
{"level":"info","message":"Server running on port 3000","timestamp":"2026-05-21T12:54:42.843Z"}
{"level":"info","message":"Server running on port 3000","timestamp":"2026-05-21T12:54:44.933Z"}
{"level":"info","message":"Server running on port 3000","timestamp":"2026-05-21T12:54:50.080Z"}
{"level":"info","message":"Server running on port 3000","timestamp":"2026-05-21T12:54:51.508Z"}
{"level":"info","message":"Server running on port 3000","timestamp":"2026-05-21T12:54:53.160Z"}
{"level":"info","message":"VERIFYING JWT TOKEN","timestamp":"2026-05-21T12:54:58.221Z"}
{"level":"info","message":"JWT TOKEN VERIFIED FOR USER ID 2","timestamp":"2026-05-21T12:54:58.225Z"}
{"level":"info","message":"USER AUTHENTICATED: 2","timestamp":"2026-05-21T12:54:58.226Z"}
{"level":"error","message":"orderColumn is not defined","stack":"ReferenceError: orderColumn is not defined\n    at getAllBooks (file:///D:/About_LexiconNetworks/Library_Management_System/backend/src/controllers/book.controller.js:140:25)\n    at Layer.handleRequest (D:\\About_LexiconNetworks\\Library_Management_System\\backend\\node_modules\\router\\lib\\layer.js:152:17)\n    at next (D:\\About_LexiconNetworks\\Library_Management_System\\backend\\node_modules\\router\\lib\\route.js:157:13)\n    at verifyJWT (file:///D:/About_LexiconNetworks/Library_Management_System/backend/src/middlewares/auth.middleware.js:64:5)\n    at Layer.handleRequest (D:\\About_LexiconNetworks\\Library_Management_System\\backend\\node_modules\\router\\lib\\layer.js:152:17)\n    at next (D:\\About_LexiconNetworks\\Library_Management_System\\backend\\node_modules\\router\\lib\\route.js:157:13)\n    at Route.dispatch (D:\\About_LexiconNetworks\\Library_Management_System\\backend\\node_modules\\router\\lib\\route.js:117:3)\n    at handle (D:\\About_LexiconNetworks\\Library_Management_System\\backend\\node_modules\\router\\index.js:435:11)\n    at Layer.handleRequest (D:\\About_LexiconNetworks\\Library_Management_System\\backend\\node_modules\\router\\lib\\layer.js:152:17)\n    at D:\\About_LexiconNetworks\\Library_Management_System\\backend\\node_modules\\router\\index.js:295:15","timestamp":"2026-05-21T12:54:58.227Z"}
{"level":"info","message":"Server running on port 3000","timestamp":"2026-05-21T12:55:18.591Z"}
{"level":"info","message":"Server running on port 3000","timestamp":"2026-05-21T12:55:20.609Z"}
{"level":"info","message":"Server running on port 3000","timestamp":"2026-05-21T12:55:29.117Z"}
{"level":"info","message":"Server running on port 3000","timestamp":"2026-05-21T12:55:32.286Z"}
{"level":"info","message":"Server running on port 3000","timestamp":"2026-05-21T12:55:34.625Z"}
{"level":"info","message":"VERIFYING JWT TOKEN","timestamp":"2026-05-21T12:55:35.553Z"}
{"level":"info","message":"JWT TOKEN VERIFIED FOR USER ID 2","timestamp":"2026-05-21T12:55:35.555Z"}
{"level":"info","message":"USER AUTHENTICATED: 2","timestamp":"2026-05-21T12:55:35.555Z"}
{"level":"info","message":"Server running on port 3000","timestamp":"2026-05-21T12:58:19.790Z"}
{"level":"info","message":"Server running on port 3000","timestamp":"2026-05-21T12:58:23.959Z"}
{"level":"info","message":"VERIFYING JWT TOKEN","timestamp":"2026-05-21T12:58:26.798Z"}
{"level":"info","message":"JWT TOKEN VERIFIED FOR USER ID 2","timestamp":"2026-05-21T12:58:26.802Z"}
{"level":"info","message":"USER AUTHENTICATED: 2","timestamp":"2026-05-21T12:58:26.803Z"}
{"level":"error","message":"AUTHOR_NOT_FOUND","stack":"Error: AUTHOR_NOT_FOUND\n    at getAllBooks (file:///D:/About_LexiconNetworks/Library_Management_System/backend/src/controllers/book.controller.js:159:12)\n    at process.processTicksAndRejections (node:internal/process/task_queues:103:5)","timestamp":"2026-05-21T12:58:26.816Z"}
{"level":"info","message":"Server running on port 3000","timestamp":"2026-05-21T12:59:26.415Z"}
{"level":"info","message":"VERIFYING JWT TOKEN","timestamp":"2026-05-21T12:59:30.617Z"}
{"level":"info","message":"JWT TOKEN VERIFIED FOR USER ID 2","timestamp":"2026-05-21T12:59:30.620Z"}
{"level":"info","message":"USER AUTHENTICATED: 2","timestamp":"2026-05-21T12:59:30.621Z"}
{"level":"error","message":"AUTHOR_NOT_FOUND","stack":"Error: AUTHOR_NOT_FOUND\n    at getAllBooks (file:///D:/About_LexiconNetworks/Library_Management_System/backend/src/controllers/book.controller.js:159:12)\n    at process.processTicksAndRejections (node:internal/process/task_queues:103:5)","timestamp":"2026-05-21T12:59:30.628Z"}
{"level":"info","message":"VERIFYING JWT TOKEN","timestamp":"2026-05-21T12:59:43.382Z"}
{"level":"info","message":"JWT TOKEN VERIFIED FOR USER ID 2","timestamp":"2026-05-21T12:59:43.383Z"}
{"level":"info","message":"USER AUTHENTICATED: 2","timestamp":"2026-05-21T12:59:43.384Z"}
{"level":"error","message":"AUTHOR_NOT_FOUND","stack":"Error: AUTHOR_NOT_FOUND\n    at getAllBooks (file:///D:/About_LexiconNetworks/Library_Management_System/backend/src/controllers/book.controller.js:159:12)\n    at process.processTicksAndRejections (node:internal/process/task_queues:103:5)","timestamp":"2026-05-21T12:59:43.404Z"}
{"level":"info","message":"VERIFYING JWT TOKEN","timestamp":"2026-05-21T13:00:45.803Z"}
{"level":"info","message":"JWT TOKEN VERIFIED FOR USER ID 2","timestamp":"2026-05-21T13:00:45.804Z"}
{"level":"info","message":"USER AUTHENTICATED: 2","timestamp":"2026-05-21T13:00:45.804Z"}
{"level":"info","message":"Server running on port 3000","timestamp":"2026-05-21T13:03:18.885Z"}
{"level":"info","message":"Server running on port 3000","timestamp":"2026-05-21T13:03:59.997Z"}
{"level":"info","message":"Server running on port 3000","timestamp":"2026-05-21T13:04:09.690Z"}
{"level":"info","message":"Server running on port 3000","timestamp":"2026-05-21T13:04:11.285Z"}
{"level":"info","message":"Server running on port 3000","timestamp":"2026-05-21T13:04:59.057Z"}
{"level":"info","message":"Server running on port 3000","timestamp":"2026-05-21T13:05:21.392Z"}
{"level":"info","message":"Server running on port 3000","timestamp":"2026-05-21T13:05:24.508Z"}
{"level":"info","message":"Server running on port 3000","timestamp":"2026-05-21T13:05:28.484Z"}
{"level":"info","message":"Server running on port 3000","timestamp":"2026-05-21T13:05:32.370Z"}
{"level":"info","message":"Server running on port 3000","timestamp":"2026-05-21T13:05:38.894Z"}
{"level":"info","message":"Server running on port 3000","timestamp":"2026-05-21T13:06:43.750Z"}
{"level":"info","message":"Server running on port 3000","timestamp":"2026-05-21T13:07:04.076Z"}
{"level":"info","message":"Server running on port 3000","timestamp":"2026-05-21T13:07:52.184Z"}
{"level":"info","message":"Server running on port 3000","timestamp":"2026-05-21T13:07:54.540Z"}
{"level":"warn","message":"AUTH HEADER MISSING","timestamp":"2026-05-21T13:14:06.654Z"}
{"level":"info","message":"Server running on port 3000","timestamp":"2026-05-21T13:15:38.788Z"}
{"level":"warn","message":"AUTH HEADER MISSING","timestamp":"2026-05-21T13:16:24.381Z"}
{"level":"info","message":"VERIFYING JWT TOKEN","timestamp":"2026-05-21T13:16:48.222Z"}
{"level":"info","message":"JWT TOKEN VERIFIED FOR USER ID 2","timestamp":"2026-05-21T13:16:48.226Z"}
{"level":"info","message":"USER AUTHENTICATED: 2","timestamp":"2026-05-21T13:16:48.227Z"}
{"level":"info","message":"USER ROLE: 1","timestamp":"2026-05-21T13:16:48.228Z"}
{"level":"info","message":"ALLOWED ROLES: 1","timestamp":"2026-05-21T13:16:48.228Z"}
{"level":"info","message":"USER AUTHORIZED SUCCESSFULLY","timestamp":"2026-05-21T13:16:48.228Z"}
{"0":{"instancePath":"","keyword":"required","message":"must have required property 'id'","params":{"missingProperty":"id"},"schemaPath":"#/required"},"level":"warn","message":"AJV VALIDATION FAILED","timestamp":"2026-05-21T13:16:48.230Z"}
{"level":"info","message":"Server running on port 3000","timestamp":"2026-05-21T13:18:29.986Z"}
{"level":"info","message":"VERIFYING JWT TOKEN","timestamp":"2026-05-21T13:18:32.668Z"}
{"level":"info","message":"JWT TOKEN VERIFIED FOR USER ID 2","timestamp":"2026-05-21T13:18:32.671Z"}
{"level":"info","message":"USER AUTHENTICATED: 2","timestamp":"2026-05-21T13:18:32.672Z"}
{"level":"info","message":"USER ROLE: 1","timestamp":"2026-05-21T13:18:32.672Z"}
{"level":"info","message":"ALLOWED ROLES: 1","timestamp":"2026-05-21T13:18:32.673Z"}
{"level":"info","message":"USER AUTHORIZED SUCCESSFULLY","timestamp":"2026-05-21T13:18:32.674Z"}
{"level":"error","message":"BOOK_NOT_FOUND","stack":"Error: BOOK_NOT_FOUND\n    at deleteBook (file:///D:/About_LexiconNetworks/Library_Management_System/backend/src/controllers/book.controller.js:216:29)\n    at process.processTicksAndRejections (node:internal/process/task_queues:103:5)","timestamp":"2026-05-21T13:18:32.685Z"}
{"level":"info","message":"Server running on port 3000","timestamp":"2026-05-21T13:19:59.506Z"}
{"level":"info","message":"Server running on port 3000","timestamp":"2026-05-21T13:46:13.226Z"}
{"level":"info","message":"Server running on port 3000","timestamp":"2026-05-21T14:15:15.970Z"}
{"level":"info","message":"Server running on port 3000","timestamp":"2026-05-21T14:15:23.841Z"}
{"level":"info","message":"Server running on port 3000","timestamp":"2026-05-21T14:15:26.634Z"}
{"level":"info","message":"Server running on port 3000","timestamp":"2026-05-21T14:15:34.231Z"}
{"level":"info","message":"Server running on port 3000","timestamp":"2026-05-21T14:15:41.322Z"}
{"level":"info","message":"Server running on port 3000","timestamp":"2026-05-21T14:15:43.236Z"}
{"level":"info","message":"Server running on port 3000","timestamp":"2026-05-21T14:15:46.305Z"}
{"level":"info","message":"Server running on port 3000","timestamp":"2026-05-21T14:15:49.220Z"}
{"level":"info","message":"Server running on port 3000","timestamp":"2026-05-21T14:15:51.131Z"}
{"level":"info","message":"VERIFYING JWT TOKEN","timestamp":"2026-05-21T14:16:09.238Z"}
{"level":"info","message":"JWT TOKEN VERIFIED FOR USER ID 2","timestamp":"2026-05-21T14:16:09.256Z"}
{"level":"info","message":"USER AUTHENTICATED: 2","timestamp":"2026-05-21T14:16:09.258Z"}
{"level":"info","message":"Server running on port 3000","timestamp":"2026-05-21T14:18:13.147Z"}
{"level":"info","message":"Server running on port 3000","timestamp":"2026-05-21T14:18:17.567Z"}
{"level":"info","message":"Server running on port 3000","timestamp":"2026-05-21T14:18:22.374Z"}
{"level":"info","message":"Server running on port 3000","timestamp":"2026-05-21T14:18:24.943Z"}
{"level":"info","message":"Server running on port 3000","timestamp":"2026-05-21T14:18:27.329Z"}
{"level":"info","message":"Server running on port 3000","timestamp":"2026-05-21T14:18:36.465Z"}
{"level":"info","message":"Server running on port 3000","timestamp":"2026-05-21T14:18:41.299Z"}
{"level":"info","message":"Server running on port 3000","timestamp":"2026-05-21T14:18:43.925Z"}
{"level":"info","message":"Server running on port 3000","timestamp":"2026-05-21T14:18:47.918Z"}
{"level":"info","message":"Server running on port 3000","timestamp":"2026-05-21T14:18:53.403Z"}
{"level":"info","message":"VERIFYING JWT TOKEN","timestamp":"2026-05-21T14:18:55.971Z"}
{"level":"info","message":"JWT TOKEN VERIFIED FOR USER ID 2","timestamp":"2026-05-21T14:18:55.981Z"}
{"level":"info","message":"USER AUTHENTICATED: 2","timestamp":"2026-05-21T14:18:55.983Z"}
{"level":"info","message":"VERIFYING JWT TOKEN","timestamp":"2026-05-21T14:19:54.770Z"}
{"level":"info","message":"JWT TOKEN VERIFIED FOR USER ID 2","timestamp":"2026-05-21T14:19:54.774Z"}
{"level":"info","message":"USER AUTHENTICATED: 2","timestamp":"2026-05-21T14:19:54.776Z"}
{"level":"info","message":"VERIFYING JWT TOKEN","timestamp":"2026-05-21T14:21:08.623Z"}
{"level":"info","message":"JWT TOKEN VERIFIED FOR USER ID 2","timestamp":"2026-05-21T14:21:08.625Z"}
{"level":"info","message":"USER AUTHENTICATED: 2","timestamp":"2026-05-21T14:21:08.627Z"}
{"level":"info","message":"VERIFYING JWT TOKEN","timestamp":"2026-05-21T14:23:32.276Z"}
{"level":"info","message":"JWT TOKEN VERIFIED FOR USER ID 2","timestamp":"2026-05-21T14:23:32.277Z"}
{"level":"info","message":"USER AUTHENTICATED: 2","timestamp":"2026-05-21T14:23:32.279Z"}
{"level":"info","message":"VERIFYING JWT TOKEN","timestamp":"2026-05-21T14:23:48.580Z"}
{"level":"info","message":"JWT TOKEN VERIFIED FOR USER ID 2","timestamp":"2026-05-21T14:23:48.581Z"}
{"level":"info","message":"USER AUTHENTICATED: 2","timestamp":"2026-05-21T14:23:48.582Z"}
{"level":"error","message":"AUTHOR_SUB_CATEGORY_TOTAL_COPIES_NOT_FOUND","stack":"Error: AUTHOR_SUB_CATEGORY_TOTAL_COPIES_NOT_FOUND\n    at getAllBooks (file:///D:/About_LexiconNetworks/Library_Management_System/backend/src/controllers/book.controller.js:130:13)\n    at process.processTicksAndRejections (node:internal/process/task_queues:103:5)","timestamp":"2026-05-21T14:23:48.604Z"}
{"level":"info","message":"Server running on port 3000","timestamp":"2026-05-21T14:24:45.444Z"}
{"level":"info","message":"Server running on port 3000","timestamp":"2026-05-21T14:24:50.160Z"}
{"level":"info","message":"Server running on port 3000","timestamp":"2026-05-21T14:25:09.448Z"}
{"level":"info","message":"Server running on port 3000","timestamp":"2026-05-21T14:25:14.988Z"}
{"level":"info","message":"Server running on port 3000","timestamp":"2026-05-21T14:25:18.724Z"}
{"level":"info","message":"Server running on port 3000","timestamp":"2026-05-21T14:25:24.750Z"}
{"level":"info","message":"Server running on port 3000","timestamp":"2026-05-21T14:25:36.183Z"}
{"level":"info","message":"Server running on port 3000","timestamp":"2026-05-21T14:25:38.733Z"}
{"level":"info","message":"Server running on port 3000","timestamp":"2026-05-21T14:25:45.010Z"}
{"level":"info","message":"Server running on port 3000","timestamp":"2026-05-21T14:25:51.231Z"}
{"level":"info","message":"Server running on port 3000","timestamp":"2026-05-21T14:25:58.397Z"}
{"level":"info","message":"Server running on port 3000","timestamp":"2026-05-21T14:26:02.380Z"}
{"level":"info","message":"VERIFYING JWT TOKEN","timestamp":"2026-05-21T14:26:12.389Z"}
{"level":"info","message":"JWT TOKEN VERIFIED FOR USER ID 2","timestamp":"2026-05-21T14:26:12.399Z"}
{"level":"info","message":"USER AUTHENTICATED: 2","timestamp":"2026-05-21T14:26:12.400Z"}
{"level":"error","message":"error is not defined","stack":"ReferenceError: error is not defined\n    at getAllBooks (file:///D:/About_LexiconNetworks/Library_Management_System/backend/src/controllers/book.controller.js:129:9)\n    at process.processTicksAndRejections (node:internal/process/task_queues:103:5)","timestamp":"2026-05-21T14:26:12.450Z"}
{"level":"info","message":"Server running on port 3000","timestamp":"2026-05-21T14:26:39.962Z"}
{"level":"info","message":"Server running on port 3000","timestamp":"2026-05-21T14:26:48.729Z"}
{"level":"info","message":"Server running on port 3000","timestamp":"2026-05-21T14:26:51.888Z"}
{"level":"info","message":"Server running on port 3000","timestamp":"2026-05-21T14:26:53.935Z"}
{"level":"info","message":"Server running on port 3000","timestamp":"2026-05-21T14:27:01.492Z"}
{"level":"info","message":"Server running on port 3000","timestamp":"2026-05-21T14:27:14.911Z"}
{"level":"info","message":"Server running on port 3000","timestamp":"2026-05-21T14:27:21.109Z"}
{"level":"info","message":"Server running on port 3000","timestamp":"2026-05-21T14:27:23.595Z"}
{"level":"info","message":"VERIFYING JWT TOKEN","timestamp":"2026-05-21T14:27:28.381Z"}
{"level":"info","message":"JWT TOKEN VERIFIED FOR USER ID 2","timestamp":"2026-05-21T14:27:28.391Z"}
{"level":"info","message":"USER AUTHENTICATED: 2","timestamp":"2026-05-21T14:27:28.394Z"}
{"level":"error","message":"error is not defined","stack":"ReferenceError: error is not defined\n    at getAllBooks (file:///D:/About_LexiconNetworks/Library_Management_System/backend/src/controllers/book.controller.js:129:7)\n    at process.processTicksAndRejections (node:internal/process/task_queues:103:5)","timestamp":"2026-05-21T14:27:28.420Z"}
{"level":"info","message":"Server running on port 3000","timestamp":"2026-05-21T14:27:43.724Z"}
{"level":"info","message":"Server running on port 3000","timestamp":"2026-05-21T14:28:10.171Z"}
{"level":"info","message":"Server running on port 3000","timestamp":"2026-05-21T14:28:12.821Z"}
{"level":"info","message":"Server running on port 3000","timestamp":"2026-05-21T14:28:24.234Z"}
{"level":"info","message":"Server running on port 3000","timestamp":"2026-05-21T14:28:26.555Z"}
{"level":"info","message":"Server running on port 3000","timestamp":"2026-05-21T14:28:29.664Z"}
{"level":"info","message":"VERIFYING JWT TOKEN","timestamp":"2026-05-21T14:28:32.877Z"}
{"level":"info","message":"JWT TOKEN VERIFIED FOR USER ID 2","timestamp":"2026-05-21T14:28:32.886Z"}
{"level":"info","message":"USER AUTHENTICATED: 2","timestamp":"2026-05-21T14:28:32.887Z"}
{"level":"error","message":"NO_RECORDS_FOUND","stack":"Error: NO_RECORDS_FOUND\n    at getAllBooks (file:///D:/About_LexiconNetworks/Library_Management_System/backend/src/controllers/book.controller.js:129:13)\n    at process.processTicksAndRejections (node:internal/process/task_queues:103:5)","timestamp":"2026-05-21T14:28:32.908Z"}
{"level":"info","message":"Server running on port 3000","timestamp":"2026-05-21T14:42:14.601Z"}
{"level":"info","message":"Server running on port 3000","timestamp":"2026-05-21T14:42:18.238Z"}
{"level":"info","message":"Server running on port 3000","timestamp":"2026-05-21T14:42:21.030Z"}
{"level":"info","message":"Server running on port 3000","timestamp":"2026-05-21T14:42:23.887Z"}
{"level":"info","message":"Server running on port 3000","timestamp":"2026-05-21T14:42:28.080Z"}
{"level":"info","message":"Server running on port 3000","timestamp":"2026-05-21T14:42:30.020Z"}
{"level":"info","message":"Server running on port 3000","timestamp":"2026-05-21T14:42:55.384Z"}
{"level":"info","message":"Server running on port 3000","timestamp":"2026-05-21T14:43:01.433Z"}
{"level":"info","message":"Server running on port 3000","timestamp":"2026-05-21T14:43:14.335Z"}
{"level":"info","message":"VERIFYING JWT TOKEN","timestamp":"2026-05-21T14:43:28.536Z"}
{"level":"info","message":"JWT TOKEN VERIFIED FOR USER ID 2","timestamp":"2026-05-21T14:43:28.547Z"}
{"level":"info","message":"USER AUTHENTICATED: 2","timestamp":"2026-05-21T14:43:28.548Z"}
{"level":"error","message":"NO_RECORDS_FOUND","stack":"Error: NO_RECORDS_FOUND\n    at getAllBooks (file:///D:/About_LexiconNetworks/Library_Management_System/backend/src/controllers/book.controller.js:121:13)\n    at process.processTicksAndRejections (node:internal/process/task_queues:103:5)","timestamp":"2026-05-21T14:43:28.586Z"}
{"level":"info","message":"VERIFYING JWT TOKEN","timestamp":"2026-05-21T14:43:59.040Z"}
{"level":"info","message":"JWT TOKEN VERIFIED FOR USER ID 2","timestamp":"2026-05-21T14:43:59.043Z"}
{"level":"info","message":"USER AUTHENTICATED: 2","timestamp":"2026-05-21T14:43:59.044Z"}
{"level":"info","message":"Server running on port 3000","timestamp":"2026-05-21T19:23:30.083Z"}
{"level":"info","message":"Server running on port 3000","timestamp":"2026-05-21T19:33:56.160Z"}
{"level":"info","message":"Server running on port 3000","timestamp":"2026-05-21T19:38:10.935Z"}
{"level":"info","message":"Server running on port 3000","timestamp":"2026-05-21T19:38:13.524Z"}
{"level":"info","message":"Server running on port 3000","timestamp":"2026-05-21T19:45:35.661Z"}
{"level":"info","message":"Server running on port 3000","timestamp":"2026-05-21T19:47:03.413Z"}
{"level":"info","message":"Server running on port 3000","timestamp":"2026-05-21T19:47:04.946Z"}
{"level":"info","message":"Server running on port 3000","timestamp":"2026-05-21T19:47:18.569Z"}
{"level":"info","message":"Server running on port 3000","timestamp":"2026-05-21T19:47:21.737Z"}
{"level":"info","message":"Server running on port 3000","timestamp":"2026-05-21T19:57:33.343Z"}
{"level":"info","message":"Server running on port 3000","timestamp":"2026-05-21T19:57:36.031Z"}
{"level":"info","message":"Server running on port 3000","timestamp":"2026-05-21T19:58:24.319Z"}
{"level":"info","message":"Server running on port 3000","timestamp":"2026-05-21T19:58:34.403Z"}
{"level":"info","message":"Server running on port 3000","timestamp":"2026-05-21T19:58:52.781Z"}
{"level":"info","message":"Server running on port 3000","timestamp":"2026-05-21T19:59:14.259Z"}
{"level":"info","message":"Server running on port 3000","timestamp":"2026-05-21T20:03:09.219Z"}
{"level":"info","message":"Server running on port 3000","timestamp":"2026-05-21T20:03:11.760Z"}
{"level":"info","message":"Server running on port 3000","timestamp":"2026-05-21T20:03:17.005Z"}
{"level":"info","message":"Server running on port 3000","timestamp":"2026-05-21T20:04:16.520Z"}
{"level":"info","message":"Server running on port 3000","timestamp":"2026-05-22T03:52:20.893Z"}
{"level":"info","message":"Server running on port 3000","timestamp":"2026-05-22T03:52:39.286Z"}
{"level":"info","message":"Server running on port 3000","timestamp":"2026-05-22T03:52:41.354Z"}
{"level":"info","message":"Server running on port 3000","timestamp":"2026-05-22T03:52:45.277Z"}
{"level":"info","message":"Server running on port 3000","timestamp":"2026-05-22T04:14:09.925Z"}
{"level":"info","message":"LOGIN REQUEST RECEIVED","timestamp":"2026-05-22T04:19:13.095Z"}
{"level":"info","message":"GENERATING JWT TOKEN FOR USER ID 55","timestamp":"2026-05-22T04:19:13.214Z"}
{"level":"info","message":"JWT TOKEN GENERATED FOR USER ID 55","timestamp":"2026-05-22T04:19:13.221Z"}
{"level":"info","message":"LOGIN SUCCESS:riyaaaa@yopmail.com","timestamp":"2026-05-22T04:19:13.225Z"}
{"level":"info","message":"VERIFYING JWT TOKEN","timestamp":"2026-05-22T04:20:23.032Z"}
{"level":"info","message":"JWT TOKEN VERIFIED FOR USER ID 55","timestamp":"2026-05-22T04:20:23.041Z"}
{"level":"info","message":"USER AUTHENTICATED: 55","timestamp":"2026-05-22T04:20:23.042Z"}
{"level":"error","message":"INVALID_FILTER_FORMAT","stack":"Error: INVALID_FILTER_FORMAT\n    at buildFilterQuery (file:///D:/About_LexiconNetworks/Library_Management_System/backend/src/utils/query.filter.js:17:13)\n    at getAllBooks (file:///D:/About_LexiconNetworks/Library_Management_System/backend/src/controllers/book.controller.js:53:29)\n    at Layer.handleRequest (D:\\About_LexiconNetworks\\Library_Management_System\\backend\\node_modules\\router\\lib\\layer.js:152:17)\n    at next (D:\\About_LexiconNetworks\\Library_Management_System\\backend\\node_modules\\router\\lib\\route.js:157:13)\n    at verifyJWT (file:///D:/About_LexiconNetworks/Library_Management_System/backend/src/middlewares/auth.middleware.js:64:5)\n    at Layer.handleRequest (D:\\About_LexiconNetworks\\Library_Management_System\\backend\\node_modules\\router\\lib\\layer.js:152:17)\n    at next (D:\\About_LexiconNetworks\\Library_Management_System\\backend\\node_modules\\router\\lib\\route.js:157:13)\n    at Route.dispatch (D:\\About_LexiconNetworks\\Library_Management_System\\backend\\node_modules\\router\\lib\\route.js:117:3)\n    at handle (D:\\About_LexiconNetworks\\Library_Management_System\\backend\\node_modules\\router\\index.js:435:11)\n    at Layer.handleRequest (D:\\About_LexiconNetworks\\Library_Management_System\\backend\\node_modules\\router\\lib\\layer.js:152:17)","timestamp":"2026-05-22T04:20:23.045Z"}
{"level":"info","message":"VERIFYING JWT TOKEN","timestamp":"2026-05-22T04:20:30.287Z"}
{"level":"info","message":"JWT TOKEN VERIFIED FOR USER ID 55","timestamp":"2026-05-22T04:20:30.289Z"}
{"level":"info","message":"USER AUTHENTICATED: 55","timestamp":"2026-05-22T04:20:30.289Z"}
{"level":"info","message":"Server running on port 3000","timestamp":"2026-05-22T04:21:11.551Z"}
{"level":"info","message":"Server running on port 3000","timestamp":"2026-05-22T04:21:16.337Z"}
{"level":"info","message":"Server running on port 3000","timestamp":"2026-05-22T04:21:20.367Z"}
{"level":"info","message":"Server running on port 3000","timestamp":"2026-05-22T04:21:25.371Z"}
{"level":"info","message":"Server running on port 3000","timestamp":"2026-05-22T04:21:28.038Z"}
{"level":"info","message":"Server running on port 3000","timestamp":"2026-05-22T04:21:33.448Z"}
{"level":"info","message":"Server running on port 3000","timestamp":"2026-05-22T04:21:38.833Z"}
{"level":"info","message":"VERIFYING JWT TOKEN","timestamp":"2026-05-22T04:21:40.077Z"}
{"level":"info","message":"JWT TOKEN VERIFIED FOR USER ID 55","timestamp":"2026-05-22T04:21:40.079Z"}
{"level":"info","message":"USER AUTHENTICATED: 55","timestamp":"2026-05-22T04:21:40.080Z"}
{"level":"info","message":"VERIFYING JWT TOKEN","timestamp":"2026-05-22T04:23:30.475Z"}
{"level":"info","message":"JWT TOKEN VERIFIED FOR USER ID 55","timestamp":"2026-05-22T04:23:30.477Z"}
{"level":"info","message":"USER AUTHENTICATED: 55","timestamp":"2026-05-22T04:23:30.477Z"}
{"level":"error","message":"NO_RECORDS_FOUND","stack":"Error: NO_RECORDS_FOUND\n    at getAllBooks (file:///D:/About_LexiconNetworks/Library_Management_System/backend/src/controllers/book.controller.js:61:13)\n    at process.processTicksAndRejections (node:internal/process/task_queues:103:5)","timestamp":"2026-05-22T04:23:30.507Z"}
{"level":"info","message":"VERIFYING JWT TOKEN","timestamp":"2026-05-22T04:23:57.962Z"}
{"level":"info","message":"JWT TOKEN VERIFIED FOR USER ID 55","timestamp":"2026-05-22T04:23:57.965Z"}
{"level":"info","message":"USER AUTHENTICATED: 55","timestamp":"2026-05-22T04:23:57.965Z"}
{"level":"error","message":"NO_RECORDS_FOUND","stack":"Error: NO_RECORDS_FOUND\n    at getAllBooks (file:///D:/About_LexiconNetworks/Library_Management_System/backend/src/controllers/book.controller.js:61:13)\n    at process.processTicksAndRejections (node:internal/process/task_queues:103:5)","timestamp":"2026-05-22T04:23:57.970Z"}
{"level":"info","message":"VERIFYING JWT TOKEN","timestamp":"2026-05-22T04:24:30.137Z"}
{"level":"info","message":"JWT TOKEN VERIFIED FOR USER ID 55","timestamp":"2026-05-22T04:24:30.139Z"}
{"level":"info","message":"USER AUTHENTICATED: 55","timestamp":"2026-05-22T04:24:30.139Z"}
{"level":"info","message":"LOGIN REQUEST RECEIVED","timestamp":"2026-05-22T04:24:40.149Z"}
{"level":"info","message":"GENERATING JWT TOKEN FOR USER ID 2","timestamp":"2026-05-22T04:24:40.283Z"}
{"level":"info","message":"JWT TOKEN GENERATED FOR USER ID 2","timestamp":"2026-05-22T04:24:40.286Z"}
{"level":"info","message":"LOGIN SUCCESS:admin@gmail.com","timestamp":"2026-05-22T04:24:40.287Z"}
{"level":"info","message":"VERIFYING JWT TOKEN","timestamp":"2026-05-22T04:25:31.139Z"}
{"level":"info","message":"JWT TOKEN VERIFIED FOR USER ID 2","timestamp":"2026-05-22T04:25:31.141Z"}
{"level":"info","message":"USER AUTHENTICATED: 2","timestamp":"2026-05-22T04:25:31.141Z"}
{"level":"info","message":"USER ROLE: 1","timestamp":"2026-05-22T04:25:31.142Z"}
{"level":"info","message":"ALLOWED ROLES: 1","timestamp":"2026-05-22T04:25:31.142Z"}
{"level":"info","message":"USER AUTHORIZED SUCCESSFULLY","timestamp":"2026-05-22T04:25:31.143Z"}
{"0":{"instancePath":"/filter","keyword":"type","message":"must be object","params":{"type":"object"},"schemaPath":"#/properties/filter/type"},"level":"warn","message":"AJV VALIDATION FAILED","timestamp":"2026-05-22T04:25:31.144Z"}
{"level":"info","message":"Server running on port 3000","timestamp":"2026-05-22T04:26:26.243Z"}
{"level":"info","message":"Server running on port 3000","timestamp":"2026-05-22T04:26:34.019Z"}
{"level":"info","message":"Server running on port 3000","timestamp":"2026-05-22T04:26:43.979Z"}
{"level":"info","message":"VERIFYING JWT TOKEN","timestamp":"2026-05-22T04:26:48.495Z"}
{"level":"info","message":"JWT TOKEN VERIFIED FOR USER ID 2","timestamp":"2026-05-22T04:26:48.500Z"}
{"level":"info","message":"USER AUTHENTICATED: 2","timestamp":"2026-05-22T04:26:48.501Z"}
{"level":"info","message":"USER ROLE: 1","timestamp":"2026-05-22T04:26:48.503Z"}
{"level":"info","message":"ALLOWED ROLES: 1","timestamp":"2026-05-22T04:26:48.504Z"}
{"level":"info","message":"USER AUTHORIZED SUCCESSFULLY","timestamp":"2026-05-22T04:26:48.506Z"}
{"level":"info","message":"Server running on port 3000","timestamp":"2026-05-22T05:27:12.859Z"}
{"level":"info","message":"Server running on port 3000","timestamp":"2026-05-22T05:28:02.954Z"}
{"level":"info","message":"Server running on port 3000","timestamp":"2026-05-22T05:28:10.591Z"}
{"level":"info","message":"Server running on port 3000","timestamp":"2026-05-22T05:29:24.086Z"}
{"level":"info","message":"Server running on port 3000","timestamp":"2026-05-22T05:30:13.637Z"}
{"level":"info","message":"VERIFYING JWT TOKEN","timestamp":"2026-05-22T05:32:10.960Z"}
{"level":"info","message":"JWT TOKEN VERIFIED FOR USER ID 2","timestamp":"2026-05-22T05:32:10.964Z"}
{"level":"info","message":"USER AUTHENTICATED: 2","timestamp":"2026-05-22T05:32:10.965Z"}
{"level":"info","message":"USER ROLE: 1","timestamp":"2026-05-22T05:32:10.966Z"}
{"level":"info","message":"ALLOWED ROLES: 1","timestamp":"2026-05-22T05:32:10.966Z"}
{"level":"info","message":"USER AUTHORIZED SUCCESSFULLY","timestamp":"2026-05-22T05:32:10.966Z"}
{"level":"info","message":"VERIFYING JWT TOKEN","timestamp":"2026-05-22T05:45:47.723Z"}
{"level":"info","message":"JWT TOKEN VERIFIED FOR USER ID 2","timestamp":"2026-05-22T05:45:47.725Z"}
{"level":"info","message":"USER AUTHENTICATED: 2","timestamp":"2026-05-22T05:45:47.725Z"}
{"level":"info","message":"USER ROLE: 1","timestamp":"2026-05-22T05:45:47.726Z"}
{"level":"info","message":"ALLOWED ROLES: 1","timestamp":"2026-05-22T05:45:47.726Z"}
{"level":"info","message":"USER AUTHORIZED SUCCESSFULLY","timestamp":"2026-05-22T05:45:47.726Z"}
{"level":"info","message":"VERIFYING JWT TOKEN","timestamp":"2026-05-22T05:46:01.324Z"}
{"level":"info","message":"JWT TOKEN VERIFIED FOR USER ID 55","timestamp":"2026-05-22T05:46:01.325Z"}
{"level":"info","message":"USER AUTHENTICATED: 55","timestamp":"2026-05-22T05:46:01.326Z"}
{"level":"info","message":"VERIFYING JWT TOKEN","timestamp":"2026-05-22T05:46:15.229Z"}
{"level":"info","message":"JWT TOKEN VERIFIED FOR USER ID 2","timestamp":"2026-05-22T05:46:15.230Z"}
{"level":"info","message":"USER AUTHENTICATED: 2","timestamp":"2026-05-22T05:46:15.230Z"}
{"level":"error","message":"BOOK_NOT_FOUND","stack":"Error: BOOK_NOT_FOUND\n    at getBookById (file:///D:/About_LexiconNetworks/Library_Management_System/backend/src/controllers/book.controller.js:101:29)\n    at process.processTicksAndRejections (node:internal/process/task_queues:103:5)","timestamp":"2026-05-22T05:46:15.249Z"}
{"level":"info","message":"VERIFYING JWT TOKEN","timestamp":"2026-05-22T05:46:36.435Z"}
{"level":"info","message":"JWT TOKEN VERIFIED FOR USER ID 2","timestamp":"2026-05-22T05:46:36.436Z"}
{"level":"info","message":"USER AUTHENTICATED: 2","timestamp":"2026-05-22T05:46:36.436Z"}
{"level":"info","message":"VERIFYING JWT TOKEN","timestamp":"2026-05-22T05:47:02.145Z"}
{"level":"info","message":"JWT TOKEN VERIFIED FOR USER ID 2","timestamp":"2026-05-22T05:47:02.146Z"}
{"level":"info","message":"USER AUTHENTICATED: 2","timestamp":"2026-05-22T05:47:02.146Z"}
{"level":"info","message":"USER ROLE: 1","timestamp":"2026-05-22T05:47:02.147Z"}
{"level":"info","message":"ALLOWED ROLES: 1","timestamp":"2026-05-22T05:47:02.147Z"}
{"level":"info","message":"USER AUTHORIZED SUCCESSFULLY","timestamp":"2026-05-22T05:47:02.147Z"}
{"level":"info","message":"VERIFYING JWT TOKEN","timestamp":"2026-05-22T05:47:07.393Z"}
{"level":"info","message":"JWT TOKEN VERIFIED FOR USER ID 2","timestamp":"2026-05-22T05:47:07.397Z"}
{"level":"info","message":"USER AUTHENTICATED: 2","timestamp":"2026-05-22T05:47:07.398Z"}
{"level":"info","message":"VERIFYING JWT TOKEN","timestamp":"2026-05-22T05:47:20.708Z"}
{"level":"info","message":"JWT TOKEN VERIFIED FOR USER ID 2","timestamp":"2026-05-22T05:47:20.709Z"}
{"level":"info","message":"USER AUTHENTICATED: 2","timestamp":"2026-05-22T05:47:20.709Z"}
{"level":"info","message":"USER ROLE: 1","timestamp":"2026-05-22T05:47:20.709Z"}
{"level":"info","message":"ALLOWED ROLES: 1","timestamp":"2026-05-22T05:47:20.709Z"}
{"level":"info","message":"USER AUTHORIZED SUCCESSFULLY","timestamp":"2026-05-22T05:47:20.710Z"}
{"level":"error","message":"BOOK_NOT_FOUND","stack":"Error: BOOK_NOT_FOUND\n    at deleteBook (file:///D:/About_LexiconNetworks/Library_Management_System/backend/src/controllers/book.controller.js:181:29)\n    at process.processTicksAndRejections (node:internal/process/task_queues:103:5)","timestamp":"2026-05-22T05:47:20.712Z"}
{"level":"info","message":"VERIFYING JWT TOKEN","timestamp":"2026-05-22T05:47:29.220Z"}
{"level":"info","message":"JWT TOKEN VERIFIED FOR USER ID 2","timestamp":"2026-05-22T05:47:29.223Z"}
{"level":"info","message":"USER AUTHENTICATED: 2","timestamp":"2026-05-22T05:47:29.223Z"}
{"level":"info","message":"USER ROLE: 1","timestamp":"2026-05-22T05:47:29.224Z"}
{"level":"info","message":"ALLOWED ROLES: 1","timestamp":"2026-05-22T05:47:29.224Z"}
{"level":"info","message":"USER AUTHORIZED SUCCESSFULLY","timestamp":"2026-05-22T05:47:29.224Z"}
{"level":"info","message":"VERIFYING JWT TOKEN","timestamp":"2026-05-22T05:47:36.140Z"}
{"level":"info","message":"JWT TOKEN VERIFIED FOR USER ID 55","timestamp":"2026-05-22T05:47:36.141Z"}
{"level":"info","message":"USER AUTHENTICATED: 55","timestamp":"2026-05-22T05:47:36.142Z"}
{"level":"info","message":"VERIFYING JWT TOKEN","timestamp":"2026-05-22T05:48:31.788Z"}
{"level":"info","message":"JWT TOKEN VERIFIED FOR USER ID 2","timestamp":"2026-05-22T05:48:31.789Z"}
{"level":"info","message":"USER AUTHENTICATED: 2","timestamp":"2026-05-22T05:48:31.790Z"}
{"level":"info","message":"Server running on port 3000","timestamp":"2026-05-22T05:59:56.533Z"}
{"level":"info","message":"Server running on port 3000","timestamp":"2026-05-22T06:00:01.437Z"}
{"level":"info","message":"Server running on port 3000","timestamp":"2026-05-22T06:00:03.838Z"}
{"level":"info","message":"Server running on port 3000","timestamp":"2026-05-22T06:00:05.559Z"}
{"level":"info","message":"Server running on port 3000","timestamp":"2026-05-22T06:00:07.383Z"}
{"level":"info","message":"Server running on port 3000","timestamp":"2026-05-22T06:24:01.853Z"}
{"level":"info","message":"Server running on port 3000","timestamp":"2026-05-22T06:24:14.520Z"}
{"level":"info","message":"Server running on port 3000","timestamp":"2026-05-22T06:51:21.857Z"}
{"level":"info","message":"Server running on port 3000","timestamp":"2026-05-22T06:51:34.469Z"}
{"level":"info","message":"Server running on port 3000","timestamp":"2026-05-22T06:51:39.857Z"}
{"level":"info","message":"Server running on port 3000","timestamp":"2026-05-22T06:51:41.518Z"}
{"level":"info","message":"Server running on port 3000","timestamp":"2026-05-22T06:51:45.139Z"}
{"level":"info","message":"Server running on port 3000","timestamp":"2026-05-22T06:51:46.967Z"}
{"level":"info","message":"Server running on port 3000","timestamp":"2026-05-22T06:51:51.836Z"}
{"level":"info","message":"Server running on port 3000","timestamp":"2026-05-22T06:51:54.367Z"}
{"level":"info","message":"Server running on port 3000","timestamp":"2026-05-22T06:51:56.618Z"}
{"level":"info","message":"Server running on port 3000","timestamp":"2026-05-22T06:52:04.386Z"}
{"level":"info","message":"Server running on port 3000","timestamp":"2026-05-22T06:52:10.266Z"}
{"level":"info","message":"Server running on port 3000","timestamp":"2026-05-22T06:52:16.170Z"}
{"level":"info","message":"Server running on port 3000","timestamp":"2026-05-22T06:52:20.314Z"}
{"level":"info","message":"Server running on port 3000","timestamp":"2026-05-22T06:52:21.825Z"}
{"level":"info","message":"Server running on port 3000","timestamp":"2026-05-22T06:52:25.433Z"}
{"level":"info","message":"Server running on port 3000","timestamp":"2026-05-22T06:52:32.335Z"}
{"level":"info","message":"Server running on port 3000","timestamp":"2026-05-22T06:52:40.351Z"}
{"level":"info","message":"Server running on port 3000","timestamp":"2026-05-22T06:52:44.472Z"}
{"level":"info","message":"Server running on port 3000","timestamp":"2026-05-22T06:52:46.956Z"}
{"level":"info","message":"Server running on port 3000","timestamp":"2026-05-22T06:52:52.830Z"}
{"level":"info","message":"Server running on port 3000","timestamp":"2026-05-22T06:53:03.601Z"}
{"level":"info","message":"Server running on port 3000","timestamp":"2026-05-22T06:53:08.796Z"}
{"level":"info","message":"Server running on port 3000","timestamp":"2026-05-22T06:53:55.728Z"}
{"level":"info","message":"Server running on port 3000","timestamp":"2026-05-22T06:57:40.085Z"}
{"level":"info","message":"Server running on port 3000","timestamp":"2026-05-22T06:58:49.119Z"}
{"0":{"instancePath":"","keyword":"errorMessage","message":"EMAIL_REQUIRED","params":{"errors":[{"emUsed":true,"instancePath":"","keyword":"required","message":"must have required property 'email'","params":{"missingProperty":"email"},"schemaPath":"#/required"}]},"schemaPath":"#/errorMessage"},"level":"warn","message":"AJV VALIDATION FAILED","timestamp":"2026-05-22T06:59:59.351Z"}
{"email":"riyaaaa@yopmail.com","first_name":"UpdateRiyaa","level":"info","link":"http://localhost:3000/auth/reset-password?uid=55&token=d8862b7c777802a57206","message":"EMAIL DEBUG","timestamp":"2026-05-22T07:03:12.226Z"}
{"level":"info","message":"SENDING VERIFICATION EMAIL TO riyaaaa@yopmail.com","timestamp":"2026-05-22T07:03:12.226Z"}
{"level":"info","message":"EMAIL TEMPLATE LOADED SUCCESSFULLY","timestamp":"2026-05-22T07:03:12.227Z"}
{"level":"info","message":"EMAIL TEMPLATE VARIABLES REPLACED","timestamp":"2026-05-22T07:03:12.227Z"}
{"level":"info","message":"VERIFICATION EMAIL SENT SUCCESSFULLY TO riyaaaa@yopmail.com","timestamp":"2026-05-22T07:03:20.003Z"}
{"level":"info","message":"EMAIL MESSAGE ID: <72556c09-7035-730d-35d6-a70df64f1153@undefined>","timestamp":"2026-05-22T07:03:20.003Z"}
{"level":"info","message":"Server running on port 3000","timestamp":"2026-05-22T07:14:52.372Z"}
{"level":"info","message":"Server running on port 3000","timestamp":"2026-05-22T07:15:33.799Z"}
{"level":"info","message":"FORGOT PASSWORD REQUEST","timestamp":"2026-05-22T07:15:55.348Z"}
{"level":"info","message":"EMAIL TEMPLATE LOADING : forgot.password.email.html","timestamp":"2026-05-22T07:15:55.446Z"}
{"code":"EAUTH","command":"API","level":"error","message":"EMAIL SEND ERROR Missing credentials for \"PLAIN\"","stack":"Error: Missing credentials for \"PLAIN\"\n    at SMTPConnection._formatError (D:\\About_LexiconNetworks\\Library_Management_System\\backend\\node_modules\\nodemailer\\lib\\smtp-connection\\index.js:887:19)\n    at SMTPConnection.login (D:\\About_LexiconNetworks\\Library_Management_System\\backend\\node_modules\\nodemailer\\lib\\smtp-connection\\index.js:524:38)\n    at D:\\About_LexiconNetworks\\Library_Management_System\\backend\\node_modules\\nodemailer\\lib\\smtp-transport\\index.js:261:32\n    at SMTPConnection.<anonymous> (D:\\About_LexiconNetworks\\Library_Management_System\\backend\\node_modules\\nodemailer\\lib\\smtp-connection\\index.js:248:17)\n    at Object.onceWrapper (node:events:633:28)\n    at SMTPConnection.emit (node:events:519:28)\n    at SMTPConnection._actionEHLO (D:\\About_LexiconNetworks\\Library_Management_System\\backend\\node_modules\\nodemailer\\lib\\smtp-connection\\index.js:1479:14)\n    at SMTPConnection._processResponse (D:\\About_LexiconNetworks\\Library_Management_System\\backend\\node_modules\\nodemailer\\lib\\smtp-connection\\index.js:1072:20)\n    at SMTPConnection._onData (D:\\About_LexiconNetworks\\Library_Management_System\\backend\\node_modules\\nodemailer\\lib\\smtp-connection\\index.js:847:14)\n    at SMTPConnection._onSocketData (D:\\About_LexiconNetworks\\Library_Management_System\\backend\\node_modules\\nodemailer\\lib\\smtp-connection\\index.js:217:44)","timestamp":"2026-05-22T07:15:57.388Z"}
{"code":"EAUTH","command":"API","level":"error","message":"FORGOT PASSWORD ERROR Missing credentials for \"PLAIN\"","stack":"Error: Missing credentials for \"PLAIN\"\n    at SMTPConnection._formatError (D:\\About_LexiconNetworks\\Library_Management_System\\backend\\node_modules\\nodemailer\\lib\\smtp-connection\\index.js:887:19)\n    at SMTPConnection.login (D:\\About_LexiconNetworks\\Library_Management_System\\backend\\node_modules\\nodemailer\\lib\\smtp-connection\\index.js:524:38)\n    at D:\\About_LexiconNetworks\\Library_Management_System\\backend\\node_modules\\nodemailer\\lib\\smtp-transport\\index.js:261:32\n    at SMTPConnection.<anonymous> (D:\\About_LexiconNetworks\\Library_Management_System\\backend\\node_modules\\nodemailer\\lib\\smtp-connection\\index.js:248:17)\n    at Object.onceWrapper (node:events:633:28)\n    at SMTPConnection.emit (node:events:519:28)\n    at SMTPConnection._actionEHLO (D:\\About_LexiconNetworks\\Library_Management_System\\backend\\node_modules\\nodemailer\\lib\\smtp-connection\\index.js:1479:14)\n    at SMTPConnection._processResponse (D:\\About_LexiconNetworks\\Library_Management_System\\backend\\node_modules\\nodemailer\\lib\\smtp-connection\\index.js:1072:20)\n    at SMTPConnection._onData (D:\\About_LexiconNetworks\\Library_Management_System\\backend\\node_modules\\nodemailer\\lib\\smtp-connection\\index.js:847:14)\n    at SMTPConnection._onSocketData (D:\\About_LexiconNetworks\\Library_Management_System\\backend\\node_modules\\nodemailer\\lib\\smtp-connection\\index.js:217:44)","timestamp":"2026-05-22T07:15:57.390Z"}
{"level":"info","message":"Server running on port 3000","timestamp":"2026-05-22T07:16:48.371Z"}
{"level":"info","message":"Server running on port 3000","timestamp":"2026-05-22T07:19:46.657Z"}
{"level":"info","message":"FORGOT PASSWORD REQUEST","timestamp":"2026-05-22T07:20:12.352Z"}
{"level":"info","message":"EMAIL TEMPLATE LOADING : forgot.password.email.html","timestamp":"2026-05-22T07:20:12.447Z"}
{"code":"EAUTH","command":"API","level":"error","message":"EMAIL SEND ERROR Missing credentials for \"PLAIN\"","stack":"Error: Missing credentials for \"PLAIN\"\n    at SMTPConnection._formatError (D:\\About_LexiconNetworks\\Library_Management_System\\backend\\node_modules\\nodemailer\\lib\\smtp-connection\\index.js:887:19)\n    at SMTPConnection.login (D:\\About_LexiconNetworks\\Library_Management_System\\backend\\node_modules\\nodemailer\\lib\\smtp-connection\\index.js:524:38)\n    at D:\\About_LexiconNetworks\\Library_Management_System\\backend\\node_modules\\nodemailer\\lib\\smtp-transport\\index.js:261:32\n    at SMTPConnection.<anonymous> (D:\\About_LexiconNetworks\\Library_Management_System\\backend\\node_modules\\nodemailer\\lib\\smtp-connection\\index.js:248:17)\n    at Object.onceWrapper (node:events:633:28)\n    at SMTPConnection.emit (node:events:519:28)\n    at SMTPConnection._actionEHLO (D:\\About_LexiconNetworks\\Library_Management_System\\backend\\node_modules\\nodemailer\\lib\\smtp-connection\\index.js:1479:14)\n    at SMTPConnection._processResponse (D:\\About_LexiconNetworks\\Library_Management_System\\backend\\node_modules\\nodemailer\\lib\\smtp-connection\\index.js:1072:20)\n    at SMTPConnection._onData (D:\\About_LexiconNetworks\\Library_Management_System\\backend\\node_modules\\nodemailer\\lib\\smtp-connection\\index.js:847:14)\n    at SMTPConnection._onSocketData (D:\\About_LexiconNetworks\\Library_Management_System\\backend\\node_modules\\nodemailer\\lib\\smtp-connection\\index.js:217:44)","timestamp":"2026-05-22T07:20:15.267Z"}
{"code":"EAUTH","command":"API","level":"error","message":"FORGOT PASSWORD ERROR Missing credentials for \"PLAIN\"","stack":"Error: Missing credentials for \"PLAIN\"\n    at SMTPConnection._formatError (D:\\About_LexiconNetworks\\Library_Management_System\\backend\\node_modules\\nodemailer\\lib\\smtp-connection\\index.js:887:19)\n    at SMTPConnection.login (D:\\About_LexiconNetworks\\Library_Management_System\\backend\\node_modules\\nodemailer\\lib\\smtp-connection\\index.js:524:38)\n    at D:\\About_LexiconNetworks\\Library_Management_System\\backend\\node_modules\\nodemailer\\lib\\smtp-transport\\index.js:261:32\n    at SMTPConnection.<anonymous> (D:\\About_LexiconNetworks\\Library_Management_System\\backend\\node_modules\\nodemailer\\lib\\smtp-connection\\index.js:248:17)\n    at Object.onceWrapper (node:events:633:28)\n    at SMTPConnection.emit (node:events:519:28)\n    at SMTPConnection._actionEHLO (D:\\About_LexiconNetworks\\Library_Management_System\\backend\\node_modules\\nodemailer\\lib\\smtp-connection\\index.js:1479:14)\n    at SMTPConnection._processResponse (D:\\About_LexiconNetworks\\Library_Management_System\\backend\\node_modules\\nodemailer\\lib\\smtp-connection\\index.js:1072:20)\n    at SMTPConnection._onData (D:\\About_LexiconNetworks\\Library_Management_System\\backend\\node_modules\\nodemailer\\lib\\smtp-connection\\index.js:847:14)\n    at SMTPConnection._onSocketData (D:\\About_LexiconNetworks\\Library_Management_System\\backend\\node_modules\\nodemailer\\lib\\smtp-connection\\index.js:217:44)","timestamp":"2026-05-22T07:20:15.269Z"}
{"level":"info","message":"Server running on port 3000","timestamp":"2026-05-22T07:23:33.820Z"}
{"level":"info","message":"Server running on port 3000","timestamp":"2026-05-22T07:28:35.836Z"}
{"level":"info","message":"Server running on port 3000","timestamp":"2026-05-22T07:29:12.844Z"}
{"level":"info","message":"Server running on port 3000","timestamp":"2026-05-22T07:30:06.598Z"}
{"level":"info","message":"FORGOT PASSWORD REQUEST","timestamp":"2026-05-22T07:30:17.113Z"}
{"level":"info","message":"EMAIL SENT : <6cf6f4c8-515e-05f7-0403-966e0762916f@gmail.com>","timestamp":"2026-05-22T07:30:25.526Z"}
{"level":"info","message":"RESET EMAIL SENT : riyaaaa@yopmail.com","timestamp":"2026-05-22T07:30:25.526Z"}
{"level":"info","message":"FORGOT PASSWORD REQUEST","timestamp":"2026-05-22T07:33:02.226Z"}
{"level":"info","message":"EMAIL SENT : <e65bfdbd-78ac-443c-1530-afbb7a9476fa@gmail.com>","timestamp":"2026-05-22T07:33:08.377Z"}
{"level":"info","message":"RESET EMAIL SENT : riyaaaa@yopmail.com","timestamp":"2026-05-22T07:33:08.378Z"}
{"level":"info","message":"Server running on port 3000","timestamp":"2026-05-22T07:34:38.780Z"}
{"level":"info","message":"Server running on port 3000","timestamp":"2026-05-22T07:34:40.457Z"}
{"level":"info","message":"Server running on port 3000","timestamp":"2026-05-22T07:34:44.630Z"}
{"level":"info","message":"Server running on port 3000","timestamp":"2026-05-22T07:34:46.029Z"}
{"level":"info","message":"Server running on port 3000","timestamp":"2026-05-22T07:34:57.315Z"}
{"level":"info","message":"FORGOT PASSWORD REQUEST","timestamp":"2026-05-22T07:35:03.001Z"}
{"level":"info","message":"EMAIL SENT : <453af989-8697-ac6b-2212-6e17ef4ba5f1@gmail.com>","timestamp":"2026-05-22T07:35:12.005Z"}
{"level":"info","message":"RESET EMAIL SENT : riyaaaa@yopmail.com","timestamp":"2026-05-22T07:35:12.006Z"}
{"0":{"instancePath":"","keyword":"errorMessage","message":"EXTRA_FIELDS_NOT_ALLOWED","params":{"errors":[{"emUsed":true,"instancePath":"","keyword":"additionalProperties","message":"must NOT have additional properties","params":{"additionalProperty":"newPassword"},"schemaPath":"#/additionalProperties"}]},"schemaPath":"#/errorMessage"},"1":{"instancePath":"","keyword":"errorMessage","message":"UID_REQUIRED","params":{"errors":[{"emUsed":true,"instancePath":"","keyword":"required","message":"must have required property 'uid'","params":{"missingProperty":"uid"},"schemaPath":"#/required"}]},"schemaPath":"#/errorMessage"},"2":{"instancePath":"","keyword":"errorMessage","message":"PASSWORD_REQUIRED","params":{"errors":[{"emUsed":true,"instancePath":"","keyword":"required","message":"must have required property 'password'","params":{"missingProperty":"password"},"schemaPath":"#/required"}]},"schemaPath":"#/errorMessage"},"level":"warn","message":"AJV VALIDATION FAILED","timestamp":"2026-05-22T07:36:11.005Z"}
{"level":"info","message":"Server running on port 3000","timestamp":"2026-05-22T07:37:01.565Z"}
{"level":"info","message":"Server running on port 3000","timestamp":"2026-05-22T07:37:05.626Z"}
{"level":"info","message":"Server running on port 3000","timestamp":"2026-05-22T07:37:08.952Z"}
{"level":"info","message":"Server running on port 3000","timestamp":"2026-05-22T07:37:15.312Z"}
{"level":"info","message":"Server running on port 3000","timestamp":"2026-05-22T07:37:41.887Z"}
{"level":"info","message":"Server running on port 3000","timestamp":"2026-05-22T07:37:57.922Z"}
{"level":"info","message":"Server running on port 3000","timestamp":"2026-05-22T07:38:02.822Z"}
{"level":"info","message":"Server running on port 3000","timestamp":"2026-05-22T07:38:04.086Z"}
{"level":"info","message":"Server running on port 3000","timestamp":"2026-05-22T07:38:15.262Z"}
{"0":{"instancePath":"","keyword":"errorMessage","message":"EXTRA_FIELDS_NOT_ALLOWED","params":{"errors":[{"emUsed":true,"instancePath":"","keyword":"additionalProperties","message":"must NOT have additional properties","params":{"additionalProperty":"newPassword"},"schemaPath":"#/additionalProperties"}]},"schemaPath":"#/errorMessage"},"1":{"instancePath":"","keyword":"errorMessage","message":"UID_REQUIRED","params":{"errors":[{"emUsed":true,"instancePath":"","keyword":"required","message":"must have required property 'uid'","params":{"missingProperty":"uid"},"schemaPath":"#/required"}]},"schemaPath":"#/errorMessage"},"2":{"instancePath":"","keyword":"errorMessage","message":"PASSWORD_REQUIRED","params":{"errors":[{"emUsed":true,"instancePath":"","keyword":"required","message":"must have required property 'password'","params":{"missingProperty":"password"},"schemaPath":"#/required"}]},"schemaPath":"#/errorMessage"},"level":"warn","message":"AJV VALIDATION FAILED","timestamp":"2026-05-22T07:38:21.486Z"}
{"level":"info","message":"Server running on port 3000","timestamp":"2026-05-22T07:38:59.222Z"}
{"level":"info","message":"Server running on port 3000","timestamp":"2026-05-22T07:39:33.511Z"}
{"level":"info","message":"Server running on port 3000","timestamp":"2026-05-22T07:39:37.786Z"}
{"0":{"instancePath":"","keyword":"errorMessage","message":"EXTRA_FIELDS_NOT_ALLOWED","params":{"errors":[{"emUsed":true,"instancePath":"","keyword":"additionalProperties","message":"must NOT have additional properties","params":{"additionalProperty":"newPassword"},"schemaPath":"#/additionalProperties"}]},"schemaPath":"#/errorMessage"},"1":{"instancePath":"","keyword":"errorMessage","message":"EMAIL_REQUIRED","params":{"errors":[{"emUsed":true,"instancePath":"","keyword":"required","message":"must have required property 'email'","params":{"missingProperty":"email"},"schemaPath":"#/required"}]},"schemaPath":"#/errorMessage"},"2":{"instancePath":"","keyword":"errorMessage","message":"PASSWORD_REQUIRED","params":{"errors":[{"emUsed":true,"instancePath":"","keyword":"required","message":"must have required property 'password'","params":{"missingProperty":"password"},"schemaPath":"#/required"}]},"schemaPath":"#/errorMessage"},"level":"warn","message":"AJV VALIDATION FAILED","timestamp":"2026-05-22T07:39:49.753Z"}
{"0":{"instancePath":"/password","keyword":"errorMessage","message":"PASSWORD_MUST_HAVE_UPPERCASE_NUMBER_SPECIALCHAR_6_TO_10_LENGTH","params":{"errors":[{"emUsed":true,"instancePath":"/password","keyword":"pattern","message":"must match pattern \"^(?=.*[A-Z])(?=.*\\d)(?=.*[@$!%*?&])[A-Za-z\\d@$!%*?&]{6,10}$\"","params":{"pattern":"^(?=.*[A-Z])(?=.*\\d)(?=.*[@$!%*?&])[A-Za-z\\d@$!%*?&]{6,10}$"},"schemaPath":"#/properties/password/pattern"}]},"schemaPath":"#/properties/password/errorMessage"},"level":"warn","message":"AJV VALIDATION FAILED","timestamp":"2026-05-22T07:40:24.906Z"}
{"level":"info","message":"RESET PASSWORD REQUEST","timestamp":"2026-05-22T07:40:35.408Z"}
{"level":"error","message":"RESET PASSWORD ERROR INVALID_TOKEN","stack":"Error: INVALID_TOKEN\n    at resetPassword (file:///D:/About_LexiconNetworks/Library_Management_System/backend/src/controllers/auth.controller.js:285:13)\n    at process.processTicksAndRejections (node:internal/process/task_queues:103:5)","timestamp":"2026-05-22T07:40:35.418Z"}
{"level":"info","message":"FORGOT PASSWORD REQUEST","timestamp":"2026-05-22T07:40:55.293Z"}
{"level":"info","message":"EMAIL SENT : <4d8d0e16-5d3b-e9a1-32b0-0496f9aa1455@gmail.com>","timestamp":"2026-05-22T07:41:05.415Z"}
{"level":"info","message":"RESET EMAIL SENT : riyaaaa@yopmail.com","timestamp":"2026-05-22T07:41:05.415Z"}
{"level":"info","message":"RESET PASSWORD REQUEST","timestamp":"2026-05-22T07:41:17.950Z"}
{"level":"error","message":"RESET PASSWORD ERROR INVALID_TOKEN","stack":"Error: INVALID_TOKEN\n    at resetPassword (file:///D:/About_LexiconNetworks/Library_Management_System/backend/src/controllers/auth.controller.js:285:13)\n    at process.processTicksAndRejections (node:internal/process/task_queues:103:5)","timestamp":"2026-05-22T07:41:17.952Z"}
{"level":"info","message":"Server running on port 3000","timestamp":"2026-05-22T07:44:53.269Z"}
{"level":"info","message":"Server running on port 3000","timestamp":"2026-05-22T07:45:04.351Z"}
{"level":"info","message":"Server running on port 3000","timestamp":"2026-05-22T07:45:15.782Z"}
{"level":"info","message":"Server running on port 3000","timestamp":"2026-05-22T07:45:27.827Z"}
{"level":"info","message":"Server running on port 3000","timestamp":"2026-05-22T07:45:29.489Z"}
{"level":"info","message":"FORGOT PASSWORD REQUEST","timestamp":"2026-05-22T07:45:36.914Z"}
{"level":"info","message":"EMAIL SENT : <a5dfba47-5118-2a94-2414-b0de4045bc5e@gmail.com>","timestamp":"2026-05-22T07:45:42.740Z"}
{"level":"info","message":"RESET EMAIL SENT : riyaaaa@yopmail.com","timestamp":"2026-05-22T07:45:42.741Z"}
{"level":"info","message":"RESET PASSWORD REQUEST","timestamp":"2026-05-22T07:45:53.221Z"}
{"level":"error","message":"RESET PASSWORD ERROR INVALID_TOKEN","stack":"Error: INVALID_TOKEN\n    at resetPassword (file:///D:/About_LexiconNetworks/Library_Management_System/backend/src/controllers/auth.controller.js:285:13)\n    at process.processTicksAndRejections (node:internal/process/task_queues:103:5)","timestamp":"2026-05-22T07:45:53.224Z"}
{"level":"info","message":"Server running on port 3000","timestamp":"2026-05-22T07:46:26.917Z"}
{"level":"info","message":"Server running on port 3000","timestamp":"2026-05-22T07:46:28.820Z"}
{"level":"info","message":"Server running on port 3000","timestamp":"2026-05-22T07:46:29.877Z"}
{"level":"info","message":"RESET PASSWORD REQUEST","timestamp":"2026-05-22T07:46:33.169Z"}
{"level":"error","message":"RESET PASSWORD ERROR INVALID_TOKEN","stack":"Error: INVALID_TOKEN\n    at resetPassword (file:///D:/About_LexiconNetworks/Library_Management_System/backend/src/controllers/auth.controller.js:286:13)\n    at process.processTicksAndRejections (node:internal/process/task_queues:103:5)","timestamp":"2026-05-22T07:46:33.197Z"}
{"level":"info","message":"Server running on port 3000","timestamp":"2026-05-22T07:46:46.366Z"}
{"level":"info","message":"Server running on port 3000","timestamp":"2026-05-22T07:46:54.093Z"}
{"level":"info","message":"Server running on port 3000","timestamp":"2026-05-22T07:46:57.483Z"}
{"level":"info","message":"Server running on port 3000","timestamp":"2026-05-22T07:47:05.123Z"}
{"level":"info","message":"Server running on port 3000","timestamp":"2026-05-22T07:47:12.187Z"}
{"level":"info","message":"Server running on port 3000","timestamp":"2026-05-22T07:47:18.974Z"}
{"level":"info","message":"RESET PASSWORD REQUEST","timestamp":"2026-05-22T07:47:20.201Z"}
{"level":"error","message":"RESET PASSWORD ERROR INVALID_TOKEN","stack":"Error: INVALID_TOKEN\n    at resetPassword (file:///D:/About_LexiconNetworks/Library_Management_System/backend/src/controllers/auth.controller.js:286:13)\n    at process.processTicksAndRejections (node:internal/process/task_queues:103:5)","timestamp":"2026-05-22T07:47:20.208Z"}
{"level":"info","message":"Server running on port 3000","timestamp":"2026-05-22T07:49:34.008Z"}
{"level":"info","message":"Server running on port 3000","timestamp":"2026-05-22T07:49:39.068Z"}
{"level":"info","message":"Server running on port 3000","timestamp":"2026-05-22T07:49:43.183Z"}
{"level":"info","message":"RESET PASSWORD REQUEST","timestamp":"2026-05-22T07:49:49.472Z"}
{"level":"error","message":"RESET PASSWORD ERROR NEW_PASSWORD_MUST_BE_DIFFERENT","stack":"Error: NEW_PASSWORD_MUST_BE_DIFFERENT\n    at resetPassword (file:///D:/About_LexiconNetworks/Library_Management_System/backend/src/controllers/auth.controller.js:294:13)","timestamp":"2026-05-22T07:49:49.642Z"}
{"0":{"instancePath":"/password","keyword":"errorMessage","message":"PASSWORD_MUST_HAVE_UPPERCASE_NUMBER_SPECIALCHAR_6_TO_10_LENGTH","params":{"errors":[{"emUsed":true,"instancePath":"/password","keyword":"pattern","message":"must match pattern \"^(?=.*[A-Z])(?=.*\\d)(?=.*[@$!%*?&])[A-Za-z\\d@$!%*?&]{6,10}$\"","params":{"pattern":"^(?=.*[A-Z])(?=.*\\d)(?=.*[@$!%*?&])[A-Za-z\\d@$!%*?&]{6,10}$"},"schemaPath":"#/properties/password/pattern"}]},"schemaPath":"#/properties/password/errorMessage"},"level":"warn","message":"AJV VALIDATION FAILED","timestamp":"2026-05-22T07:49:59.819Z"}
{"level":"info","message":"RESET PASSWORD REQUEST","timestamp":"2026-05-22T07:50:04.675Z"}
{"level":"info","message":"EMAIL SENT : <f55c1e5a-b577-9d87-b853-2f7159b4ca74@gmail.com>","timestamp":"2026-05-22T07:50:12.171Z"}
{"level":"info","message":"PASSWORD RESET SUCCESS : riyaaaa@yopmail.com","timestamp":"2026-05-22T07:50:12.172Z"}
{"level":"info","message":"LOGIN REQUEST RECEIVED","timestamp":"2026-05-22T08:02:01.735Z"}
{"level":"info","message":"GENERATING JWT TOKEN FOR USER ID 2","timestamp":"2026-05-22T08:02:01.812Z"}
{"level":"info","message":"JWT TOKEN GENERATED FOR USER ID 2","timestamp":"2026-05-22T08:02:01.819Z"}
{"level":"info","message":"LOGIN SUCCESS:admin@gmail.com","timestamp":"2026-05-22T08:02:01.821Z"}
{"level":"info","message":"VERIFYING JWT TOKEN","timestamp":"2026-05-22T08:02:37.275Z"}
{"level":"info","message":"JWT TOKEN VERIFIED FOR USER ID 2","timestamp":"2026-05-22T08:02:37.278Z"}
{"level":"info","message":"USER AUTHENTICATED: 2","timestamp":"2026-05-22T08:02:37.279Z"}
{"level":"info","message":"USER ROLE: 1","timestamp":"2026-05-22T08:02:37.279Z"}
{"level":"info","message":"ALLOWED ROLES: 1","timestamp":"2026-05-22T08:02:37.280Z"}
{"level":"info","message":"USER AUTHORIZED SUCCESSFULLY","timestamp":"2026-05-22T08:02:37.280Z"}
{"level":"info","message":"CREATE USER REQUEST","timestamp":"2026-05-22T08:02:37.281Z"}
{"level":"info","message":"EMAIL SENT : <7e40ea62-7336-e4cd-b474-a9251370ff8f@gmail.com>","timestamp":"2026-05-22T08:02:40.755Z"}
{"level":"info","message":"USER REGISTERED : usertest1@yopmail.com","timestamp":"2026-05-22T08:02:40.756Z"}
{"level":"info","message":"Server running on port 3000","timestamp":"2026-05-22T08:18:59.589Z"}
{"level":"info","message":"VERIFYING JWT TOKEN","timestamp":"2026-05-22T09:07:03.783Z"}
{"level":"info","message":"JWT TOKEN VERIFIED FOR USER ID 2","timestamp":"2026-05-22T09:07:03.792Z"}
{"level":"info","message":"USER AUTHENTICATED: 2","timestamp":"2026-05-22T09:07:03.793Z"}
{"level":"info","message":"USER ROLE: 1","timestamp":"2026-05-22T09:07:03.793Z"}
{"level":"info","message":"ALLOWED ROLES: 1","timestamp":"2026-05-22T09:07:03.794Z"}
{"level":"info","message":"USER AUTHORIZED SUCCESSFULLY","timestamp":"2026-05-22T09:07:03.794Z"}
{"level":"info","message":"CREATE USER REQUEST","timestamp":"2026-05-22T09:07:03.797Z"}
{"level":"info","message":"EMAIL SENT : <3dfed46c-5bf0-2659-789f-f66201a6285d@gmail.com>","timestamp":"2026-05-22T09:07:11.403Z"}
{"level":"info","message":"USER REGISTERED : kk@yopmail.com","timestamp":"2026-05-22T09:07:11.404Z"}
{"level":"info","message":"EMAIL VERIFY REQUEST","timestamp":"2026-05-22T09:07:36.785Z"}
{"level":"error","message":"VERIFY EMAIL ERROR INVALID_VERIFICATION_LINK","stack":"Error: INVALID_VERIFICATION_LINK\n    at verifyEmail (file:///D:/About_LexiconNetworks/Library_Management_System/backend/src/controllers/auth.controller.js:118:13)\n    at process.processTicksAndRejections (node:internal/process/task_queues:103:5)","timestamp":"2026-05-22T09:07:36.798Z"}
{"level":"info","message":"Server running on port 3000","timestamp":"2026-05-22T09:10:23.849Z"}
{"level":"info","message":"Server running on port 3000","timestamp":"2026-05-22T09:10:26.588Z"}
{"level":"info","message":"Server running on port 3000","timestamp":"2026-05-22T09:10:28.752Z"}
{"level":"info","message":"Server running on port 3000","timestamp":"2026-05-22T09:10:31.325Z"}
{"level":"info","message":"Server running on port 3000","timestamp":"2026-05-22T09:10:34.092Z"}
{"level":"info","message":"Server running on port 3000","timestamp":"2026-05-22T09:10:36.264Z"}
{"level":"info","message":"Server running on port 3000","timestamp":"2026-05-22T09:10:39.137Z"}
{"level":"info","message":"Server running on port 3000","timestamp":"2026-05-22T09:10:41.033Z"}
{"level":"info","message":"VERIFYING JWT TOKEN","timestamp":"2026-05-22T09:10:55.923Z"}
{"level":"info","message":"JWT TOKEN VERIFIED FOR USER ID 2","timestamp":"2026-05-22T09:10:55.926Z"}
{"level":"info","message":"USER AUTHENTICATED: 2","timestamp":"2026-05-22T09:10:55.927Z"}
{"level":"info","message":"USER ROLE: 1","timestamp":"2026-05-22T09:10:55.928Z"}
{"level":"info","message":"ALLOWED ROLES: 1","timestamp":"2026-05-22T09:10:55.929Z"}
{"level":"info","message":"USER AUTHORIZED SUCCESSFULLY","timestamp":"2026-05-22T09:10:55.929Z"}
{"level":"info","message":"CREATE USER REQUEST","timestamp":"2026-05-22T09:10:55.931Z"}
{"level":"info","message":"EMAIL SENT : <89a47081-2a4d-3bc0-3871-3c5d8cf55875@gmail.com>","timestamp":"2026-05-22T09:11:07.406Z"}
{"level":"info","message":"USER REGISTERED : kkk@yopmail.com","timestamp":"2026-05-22T09:11:07.408Z"}
{"level":"info","message":"EMAIL VERIFY REQUEST","timestamp":"2026-05-22T09:11:23.108Z"}
{"level":"error","message":"VERIFY EMAIL ERROR INVALID_VERIFICATION_LINK","stack":"Error: INVALID_VERIFICATION_LINK\n    at verifyEmail (file:///D:/About_LexiconNetworks/Library_Management_System/backend/src/controllers/auth.controller.js:127:13)\n    at process.processTicksAndRejections (node:internal/process/task_queues:103:5)","timestamp":"2026-05-22T09:11:23.114Z"}
{"level":"info","message":"Server running on port 3000","timestamp":"2026-05-22T09:12:44.808Z"}
{"level":"info","message":"Server running on port 3000","timestamp":"2026-05-22T09:12:48.619Z"}
{"level":"info","message":"Server running on port 3000","timestamp":"2026-05-22T09:13:04.696Z"}
{"level":"info","message":"Server running on port 3000","timestamp":"2026-05-22T09:13:08.309Z"}
{"level":"info","message":"Server running on port 3000","timestamp":"2026-05-22T09:13:24.268Z"}
{"level":"info","message":"Server running on port 3000","timestamp":"2026-05-22T09:13:26.866Z"}
{"level":"info","message":"Server running on port 3000","timestamp":"2026-05-22T09:13:31.091Z"}
{"level":"info","message":"VERIFYING JWT TOKEN","timestamp":"2026-05-22T09:13:41.136Z"}
{"level":"info","message":"JWT TOKEN VERIFIED FOR USER ID 2","timestamp":"2026-05-22T09:13:41.140Z"}
{"level":"info","message":"USER AUTHENTICATED: 2","timestamp":"2026-05-22T09:13:41.140Z"}
{"level":"info","message":"USER ROLE: 1","timestamp":"2026-05-22T09:13:41.141Z"}
{"level":"info","message":"ALLOWED ROLES: 1","timestamp":"2026-05-22T09:13:41.141Z"}
{"level":"info","message":"USER AUTHORIZED SUCCESSFULLY","timestamp":"2026-05-22T09:13:41.141Z"}
{"level":"info","message":"CREATE USER REQUEST","timestamp":"2026-05-22T09:13:41.143Z"}
{"level":"info","message":"EMAIL SENT : <44f5e697-cee1-1e88-8de6-7fedd4f65a61@gmail.com>","timestamp":"2026-05-22T09:13:45.044Z"}
{"level":"info","message":"USER REGISTERED : kkkk@yopmail.com","timestamp":"2026-05-22T09:13:45.044Z"}
{"level":"info","message":"EMAIL VERIFY REQUEST","timestamp":"2026-05-22T09:13:59.106Z"}
{"level":"info","message":"VERIFY EMAIL HIT","timestamp":"2026-05-22T09:13:59.107Z","token":"24a2bdabc2cf788a1f6d","uid":"59"}
{"id":59,"is_verified":0,"level":"info","message":"USER FROM DB","timestamp":"2026-05-22T09:13:59.114Z","verification_token":"$2b$10$3q.CdNgdMVK4ueUEDFRl6.r4lhSLYtR64fCqwfrj4yEKEYO2ska6u"}
{"level":"error","message":"VERIFY EMAIL ERROR INVALID_VERIFICATION_LINK","stack":"Error: INVALID_VERIFICATION_LINK\n    at verifyEmail (file:///D:/About_LexiconNetworks/Library_Management_System/backend/src/controllers/auth.controller.js:141:13)\n    at process.processTicksAndRejections (node:internal/process/task_queues:103:5)","timestamp":"2026-05-22T09:13:59.118Z"}
{"level":"info","message":"Server running on port 3000","timestamp":"2026-05-22T09:16:20.651Z"}
{"level":"info","message":"Server running on port 3000","timestamp":"2026-05-22T09:16:23.831Z"}
{"level":"info","message":"Server running on port 3000","timestamp":"2026-05-22T09:16:25.990Z"}
{"level":"info","message":"Server running on port 3000","timestamp":"2026-05-22T09:16:32.667Z"}
{"level":"info","message":"Server running on port 3000","timestamp":"2026-05-22T09:16:39.001Z"}
{"level":"info","message":"Server running on port 3000","timestamp":"2026-05-22T09:16:43.993Z"}
{"level":"info","message":"Server running on port 3000","timestamp":"2026-05-22T09:16:47.499Z"}
{"level":"info","message":"Server running on port 3000","timestamp":"2026-05-22T09:16:50.880Z"}
{"level":"info","message":"Server running on port 3000","timestamp":"2026-05-22T09:16:54.626Z"}
{"level":"info","message":"VERIFYING JWT TOKEN","timestamp":"2026-05-22T09:17:18.474Z"}
{"level":"info","message":"JWT TOKEN VERIFIED FOR USER ID 2","timestamp":"2026-05-22T09:17:18.478Z"}
{"level":"info","message":"USER AUTHENTICATED: 2","timestamp":"2026-05-22T09:17:18.479Z"}
{"level":"info","message":"USER ROLE: 1","timestamp":"2026-05-22T09:17:18.479Z"}
{"level":"info","message":"ALLOWED ROLES: 1","timestamp":"2026-05-22T09:17:18.480Z"}
{"level":"info","message":"USER AUTHORIZED SUCCESSFULLY","timestamp":"2026-05-22T09:17:18.480Z"}
{"level":"info","message":"CREATE USER REQUEST","timestamp":"2026-05-22T09:17:18.481Z"}
{"level":"info","message":"EMAIL SENT : <49e4416b-bcf9-e8e9-c67f-ce4739a95746@gmail.com>","timestamp":"2026-05-22T09:17:21.608Z"}
{"level":"info","message":"USER REGISTERED : rk@yopmail.com","timestamp":"2026-05-22T09:17:21.609Z"}
{"level":"info","message":"EMAIL VERIFY REQUEST","timestamp":"2026-05-22T09:17:34.759Z"}
{"level":"info","message":"VERIFY EMAIL HIT","timestamp":"2026-05-22T09:17:34.760Z","token":"88a0a43a7119c9ca80a1","uid":"60"}
{"level":"error","message":"VERIFY EMAIL ERROR INVALID_VERIFICATION_LINK","stack":"Error: INVALID_VERIFICATION_LINK\n    at verifyEmail (file:///D:/About_LexiconNetworks/Library_Management_System/backend/src/controllers/auth.controller.js:125:13)\n    at process.processTicksAndRejections (node:internal/process/task_queues:103:5)","timestamp":"2026-05-22T09:17:34.767Z"}
{"level":"info","message":"Server running on port 3000","timestamp":"2026-05-22T09:21:01.752Z"}
{"level":"info","message":"Server running on port 3000","timestamp":"2026-05-22T09:21:08.844Z"}
{"level":"info","message":"Server running on port 3000","timestamp":"2026-05-22T09:21:16.746Z"}
{"level":"info","message":"VERIFYING JWT TOKEN","timestamp":"2026-05-22T09:21:30.468Z"}
{"level":"info","message":"JWT TOKEN VERIFIED FOR USER ID 2","timestamp":"2026-05-22T09:21:30.471Z"}
{"level":"info","message":"USER AUTHENTICATED: 2","timestamp":"2026-05-22T09:21:30.472Z"}
{"level":"info","message":"USER ROLE: 1","timestamp":"2026-05-22T09:21:30.472Z"}
{"level":"info","message":"ALLOWED ROLES: 1","timestamp":"2026-05-22T09:21:30.472Z"}
{"level":"info","message":"USER AUTHORIZED SUCCESSFULLY","timestamp":"2026-05-22T09:21:30.473Z"}
{"level":"info","message":"CREATE USER REQUEST","timestamp":"2026-05-22T09:21:30.475Z"}
{"level":"info","message":"EMAIL SENT : <09d54e84-48fe-107a-e572-05d7d6ec7a76@gmail.com>","timestamp":"2026-05-22T09:21:40.685Z"}
{"level":"info","message":"USER REGISTERED : rkk@yopmail.com","timestamp":"2026-05-22T09:21:40.686Z"}
{"level":"info","message":"EMAIL VERIFY REQUEST","timestamp":"2026-05-22T09:21:54.032Z"}
{"level":"info","message":"VERIFY EMAIL HIT","timestamp":"2026-05-22T09:21:54.033Z","token":"dde7bcc08e335f10b656","uid":"61"}
{"level":"info","message":"EMAIL VERIFIED SUCCESS: 61","timestamp":"2026-05-22T09:21:54.123Z"}
{"level":"info","message":"EMAIL VERIFY REQUEST","timestamp":"2026-05-22T09:21:58.110Z"}
{"level":"info","message":"VERIFY EMAIL HIT","timestamp":"2026-05-22T09:21:58.111Z","token":"dde7bcc08e335f10b656","uid":"61"}
{"level":"error","message":"VERIFY EMAIL ERROR USER_ALREADY_VERIFIED","stack":"Error: USER_ALREADY_VERIFIED\n    at verifyEmail (file:///D:/About_LexiconNetworks/Library_Management_System/backend/src/controllers/auth.controller.js:117:13)\n    at process.processTicksAndRejections (node:internal/process/task_queues:103:5)","timestamp":"2026-05-22T09:21:58.114Z"}
{"level":"info","message":"LOGIN REQUEST RECEIVED","timestamp":"2026-05-22T09:22:46.253Z"}
{"level":"info","message":"GENERATING JWT TOKEN FOR USER ID 61","timestamp":"2026-05-22T09:22:46.328Z"}
{"level":"info","message":"JWT TOKEN GENERATED FOR USER ID 61","timestamp":"2026-05-22T09:22:46.330Z"}
{"level":"info","message":"LOGIN SUCCESS:rkk@yopmail.com","timestamp":"2026-05-22T09:22:46.331Z"}
{"level":"info","message":"FORGOT PASSWORD REQUEST","timestamp":"2026-05-22T09:23:05.722Z"}
{"level":"info","message":"EMAIL SENT : <f660614d-b311-27c9-d1a9-edf9de1ed2f5@gmail.com>","timestamp":"2026-05-22T09:23:18.416Z"}
{"level":"info","message":"RESET EMAIL SENT : rkk@yopmail.com","timestamp":"2026-05-22T09:23:18.416Z"}
{"level":"info","message":"RESET PASSWORD REQUEST","timestamp":"2026-05-22T09:23:43.190Z"}
{"level":"error","message":"RESET PASSWORD ERROR NEW_PASSWORD_MUST_BE_DIFFERENT","stack":"Error: NEW_PASSWORD_MUST_BE_DIFFERENT\n    at resetPassword (file:///D:/About_LexiconNetworks/Library_Management_System/backend/src/controllers/auth.controller.js:306:13)","timestamp":"2026-05-22T09:23:43.335Z"}
{"0":{"instancePath":"/password","keyword":"errorMessage","message":"PASSWORD_MUST_HAVE_UPPERCASE_NUMBER_SPECIALCHAR_6_TO_10_LENGTH","params":{"errors":[{"emUsed":true,"instancePath":"/password","keyword":"pattern","message":"must match pattern \"^(?=.*[A-Z])(?=.*\\d)(?=.*[@$!%*?&])[A-Za-z\\d@$!%*?&]{6,10}$\"","params":{"pattern":"^(?=.*[A-Z])(?=.*\\d)(?=.*[@$!%*?&])[A-Za-z\\d@$!%*?&]{6,10}$"},"schemaPath":"#/properties/password/pattern"}]},"schemaPath":"#/properties/password/errorMessage"},"level":"warn","message":"AJV VALIDATION FAILED","timestamp":"2026-05-22T09:23:52.713Z"}
{"level":"info","message":"RESET PASSWORD REQUEST","timestamp":"2026-05-22T09:23:58.568Z"}
{"level":"info","message":"EMAIL SENT : <d4566566-0ca6-a149-e032-ea2f9bc1ea17@gmail.com>","timestamp":"2026-05-22T09:24:04.824Z"}
{"level":"info","message":"PASSWORD RESET SUCCESS : rkk@yopmail.com","timestamp":"2026-05-22T09:24:04.824Z"}
{"level":"info","message":"VERIFYING JWT TOKEN","timestamp":"2026-05-22T09:24:46.536Z"}
{"level":"info","message":"JWT TOKEN VERIFIED FOR USER ID 61","timestamp":"2026-05-22T09:24:46.537Z"}
{"level":"info","message":"USER AUTHENTICATED: 61","timestamp":"2026-05-22T09:24:46.538Z"}
{"level":"info","message":"VERIFYING JWT TOKEN","timestamp":"2026-05-22T09:28:21.069Z"}
{"level":"info","message":"JWT TOKEN VERIFIED FOR USER ID 61","timestamp":"2026-05-22T09:28:21.070Z"}
{"level":"info","message":"USER AUTHENTICATED: 61","timestamp":"2026-05-22T09:28:21.070Z"}
{"level":"info","message":"VERIFYING JWT TOKEN","timestamp":"2026-05-22T09:28:27.132Z"}
{"level":"info","message":"JWT TOKEN VERIFIED FOR USER ID 61","timestamp":"2026-05-22T09:28:27.133Z"}
{"level":"info","message":"USER AUTHENTICATED: 61","timestamp":"2026-05-22T09:28:27.133Z"}
{"level":"info","message":"LOGIN REQUEST RECEIVED","timestamp":"2026-05-22T09:28:58.406Z"}
{"level":"info","message":"GENERATING JWT TOKEN FOR USER ID 2","timestamp":"2026-05-22T09:28:58.472Z"}
{"level":"info","message":"JWT TOKEN GENERATED FOR USER ID 2","timestamp":"2026-05-22T09:28:58.474Z"}
{"level":"info","message":"LOGIN SUCCESS:admin@gmail.com","timestamp":"2026-05-22T09:28:58.474Z"}
{"level":"info","message":"VERIFYING JWT TOKEN","timestamp":"2026-05-22T09:31:27.574Z"}
{"expiredAt":"2026-05-20T09:09:44.000Z","level":"error","message":"JWT VERIFICATION FAILED jwt expired","name":"TokenExpiredError","stack":"TokenExpiredError: jwt expired\n    at D:\\About_LexiconNetworks\\Library_Management_System\\backend\\node_modules\\jsonwebtoken\\verify.js:190:21\n    at getSecret (D:\\About_LexiconNetworks\\Library_Management_System\\backend\\node_modules\\jsonwebtoken\\verify.js:97:14)\n    at module.exports [as verify] (D:\\About_LexiconNetworks\\Library_Management_System\\backend\\node_modules\\jsonwebtoken\\verify.js:101:10)\n    at verifyToken (file:///D:/About_LexiconNetworks/Library_Management_System/backend/src/services/jwt.service.js:50:23)\n    at verifyJWT (file:///D:/About_LexiconNetworks/Library_Management_System/backend/src/middlewares/auth.middleware.js:55:21)\n    at Layer.handleRequest (D:\\About_LexiconNetworks\\Library_Management_System\\backend\\node_modules\\router\\lib\\layer.js:152:17)\n    at next (D:\\About_LexiconNetworks\\Library_Management_System\\backend\\node_modules\\router\\lib\\route.js:157:13)\n    at Route.dispatch (D:\\About_LexiconNetworks\\Library_Management_System\\backend\\node_modules\\router\\lib\\route.js:117:3)\n    at handle (D:\\About_LexiconNetworks\\Library_Management_System\\backend\\node_modules\\router\\index.js:435:11)\n    at Layer.handleRequest (D:\\About_LexiconNetworks\\Library_Management_System\\backend\\node_modules\\router\\lib\\layer.js:152:17)","timestamp":"2026-05-22T09:31:27.575Z"}
{"level":"info","message":"VERIFYING JWT TOKEN","timestamp":"2026-05-22T09:31:52.728Z"}
{"level":"info","message":"JWT TOKEN VERIFIED FOR USER ID 2","timestamp":"2026-05-22T09:31:52.728Z"}
{"level":"info","message":"USER AUTHENTICATED: 2","timestamp":"2026-05-22T09:31:52.729Z"}
{"level":"info","message":"USER ROLE: 1","timestamp":"2026-05-22T09:31:52.729Z"}
{"level":"info","message":"ALLOWED ROLES: 1","timestamp":"2026-05-22T09:31:52.729Z"}
{"level":"info","message":"USER AUTHORIZED SUCCESSFULLY","timestamp":"2026-05-22T09:31:52.729Z"}
{"level":"error","message":"INVALID_FILTER_FORMAT","stack":"Error: INVALID_FILTER_FORMAT\n    at buildFilterQuery (file:///D:/About_LexiconNetworks/Library_Management_System/backend/src/utils/query.filter.js:17:13)\n    at getAllUsers (file:///D:/About_LexiconNetworks/Library_Management_System/backend/src/controllers/user.controller.js:35:29)\n    at Layer.handleRequest (D:\\About_LexiconNetworks\\Library_Management_System\\backend\\node_modules\\router\\lib\\layer.js:152:17)\n    at next (D:\\About_LexiconNetworks\\Library_Management_System\\backend\\node_modules\\router\\lib\\route.js:157:13)\n    at file:///D:/About_LexiconNetworks/Library_Management_System/backend/src/middlewares/schema.validator.middleware.js:51:7\n    at Layer.handleRequest (D:\\About_LexiconNetworks\\Library_Management_System\\backend\\node_modules\\router\\lib\\layer.js:152:17)\n    at next (D:\\About_LexiconNetworks\\Library_Management_System\\backend\\node_modules\\router\\lib\\route.js:157:13)\n    at file:///D:/About_LexiconNetworks/Library_Management_System/backend/src/middlewares/auth.middleware.js:112:7\n    at Layer.handleRequest (D:\\About_LexiconNetworks\\Library_Management_System\\backend\\node_modules\\router\\lib\\layer.js:152:17)\n    at next (D:\\About_LexiconNetworks\\Library_Management_System\\backend\\node_modules\\router\\lib\\route.js:157:13)","timestamp":"2026-05-22T09:31:52.750Z"}
{"level":"info","message":"VERIFYING JWT TOKEN","timestamp":"2026-05-22T09:32:08.373Z"}
{"level":"info","message":"JWT TOKEN VERIFIED FOR USER ID 2","timestamp":"2026-05-22T09:32:08.374Z"}
{"level":"info","message":"USER AUTHENTICATED: 2","timestamp":"2026-05-22T09:32:08.374Z"}
{"level":"info","message":"USER ROLE: 1","timestamp":"2026-05-22T09:32:08.374Z"}
{"level":"info","message":"ALLOWED ROLES: 1","timestamp":"2026-05-22T09:32:08.374Z"}
{"level":"info","message":"USER AUTHORIZED SUCCESSFULLY","timestamp":"2026-05-22T09:32:08.374Z"}
{"level":"info","message":"VERIFYING JWT TOKEN","timestamp":"2026-05-22T09:33:49.722Z"}
{"level":"info","message":"JWT TOKEN VERIFIED FOR USER ID 2","timestamp":"2026-05-22T09:33:49.723Z"}
{"level":"info","message":"USER AUTHENTICATED: 2","timestamp":"2026-05-22T09:33:49.723Z"}
{"level":"info","message":"USER ROLE: 1","timestamp":"2026-05-22T09:33:49.724Z"}
{"level":"info","message":"ALLOWED ROLES: 1","timestamp":"2026-05-22T09:33:49.724Z"}
{"level":"info","message":"USER AUTHORIZED SUCCESSFULLY","timestamp":"2026-05-22T09:33:49.724Z"}
{"level":"warn","message":"AUTH HEADER MISSING","timestamp":"2026-05-22T09:34:48.714Z"}
{"level":"info","message":"VERIFYING JWT TOKEN","timestamp":"2026-05-22T09:35:11.648Z"}
{"level":"info","message":"JWT TOKEN VERIFIED FOR USER ID 2","timestamp":"2026-05-22T09:35:11.649Z"}
{"level":"info","message":"USER AUTHENTICATED: 2","timestamp":"2026-05-22T09:35:11.650Z"}
{"level":"info","message":"USER ROLE: 1","timestamp":"2026-05-22T09:35:11.650Z"}
{"level":"info","message":"ALLOWED ROLES: 1","timestamp":"2026-05-22T09:35:11.650Z"}
{"level":"info","message":"USER AUTHORIZED SUCCESSFULLY","timestamp":"2026-05-22T09:35:11.650Z"}
{"level":"error","message":"INVALID_FILTER_FORMAT","stack":"Error: INVALID_FILTER_FORMAT\n    at buildFilterQuery (file:///D:/About_LexiconNetworks/Library_Management_System/backend/src/utils/query.filter.js:17:13)\n    at getAllUsers (file:///D:/About_LexiconNetworks/Library_Management_System/backend/src/controllers/user.controller.js:35:29)\n    at Layer.handleRequest (D:\\About_LexiconNetworks\\Library_Management_System\\backend\\node_modules\\router\\lib\\layer.js:152:17)\n    at next (D:\\About_LexiconNetworks\\Library_Management_System\\backend\\node_modules\\router\\lib\\route.js:157:13)\n    at file:///D:/About_LexiconNetworks/Library_Management_System/backend/src/middlewares/schema.validator.middleware.js:51:7\n    at Layer.handleRequest (D:\\About_LexiconNetworks\\Library_Management_System\\backend\\node_modules\\router\\lib\\layer.js:152:17)\n    at next (D:\\About_LexiconNetworks\\Library_Management_System\\backend\\node_modules\\router\\lib\\route.js:157:13)\n    at file:///D:/About_LexiconNetworks/Library_Management_System/backend/src/middlewares/auth.middleware.js:112:7\n    at Layer.handleRequest (D:\\About_LexiconNetworks\\Library_Management_System\\backend\\node_modules\\router\\lib\\layer.js:152:17)\n    at next (D:\\About_LexiconNetworks\\Library_Management_System\\backend\\node_modules\\router\\lib\\route.js:157:13)","timestamp":"2026-05-22T09:35:11.651Z"}
{"level":"info","message":"VERIFYING JWT TOKEN","timestamp":"2026-05-22T09:35:34.763Z"}
{"level":"info","message":"JWT TOKEN VERIFIED FOR USER ID 2","timestamp":"2026-05-22T09:35:34.764Z"}
{"level":"info","message":"USER AUTHENTICATED: 2","timestamp":"2026-05-22T09:35:34.765Z"}
{"level":"info","message":"USER ROLE: 1","timestamp":"2026-05-22T09:35:34.765Z"}
{"level":"info","message":"ALLOWED ROLES: 1","timestamp":"2026-05-22T09:35:34.765Z"}
{"level":"info","message":"USER AUTHORIZED SUCCESSFULLY","timestamp":"2026-05-22T09:35:34.765Z"}
{"level":"error","message":"INVALID_FILTER_FORMAT","stack":"Error: INVALID_FILTER_FORMAT\n    at buildFilterQuery (file:///D:/About_LexiconNetworks/Library_Management_System/backend/src/utils/query.filter.js:17:13)\n    at getAllUsers (file:///D:/About_LexiconNetworks/Library_Management_System/backend/src/controllers/user.controller.js:35:29)\n    at Layer.handleRequest (D:\\About_LexiconNetworks\\Library_Management_System\\backend\\node_modules\\router\\lib\\layer.js:152:17)\n    at next (D:\\About_LexiconNetworks\\Library_Management_System\\backend\\node_modules\\router\\lib\\route.js:157:13)\n    at file:///D:/About_LexiconNetworks/Library_Management_System/backend/src/middlewares/schema.validator.middleware.js:51:7\n    at Layer.handleRequest (D:\\About_LexiconNetworks\\Library_Management_System\\backend\\node_modules\\router\\lib\\layer.js:152:17)\n    at next (D:\\About_LexiconNetworks\\Library_Management_System\\backend\\node_modules\\router\\lib\\route.js:157:13)\n    at file:///D:/About_LexiconNetworks/Library_Management_System/backend/src/middlewares/auth.middleware.js:112:7\n    at Layer.handleRequest (D:\\About_LexiconNetworks\\Library_Management_System\\backend\\node_modules\\router\\lib\\layer.js:152:17)\n    at next (D:\\About_LexiconNetworks\\Library_Management_System\\backend\\node_modules\\router\\lib\\route.js:157:13)","timestamp":"2026-05-22T09:35:34.765Z"}
{"level":"info","message":"VERIFYING JWT TOKEN","timestamp":"2026-05-22T09:35:46.362Z"}
{"level":"info","message":"JWT TOKEN VERIFIED FOR USER ID 2","timestamp":"2026-05-22T09:35:46.363Z"}
{"level":"info","message":"USER AUTHENTICATED: 2","timestamp":"2026-05-22T09:35:46.363Z"}
{"level":"info","message":"USER ROLE: 1","timestamp":"2026-05-22T09:35:46.363Z"}
{"level":"info","message":"ALLOWED ROLES: 1","timestamp":"2026-05-22T09:35:46.364Z"}
{"level":"info","message":"USER AUTHORIZED SUCCESSFULLY","timestamp":"2026-05-22T09:35:46.364Z"}
{"level":"info","message":"VERIFYING JWT TOKEN","timestamp":"2026-05-22T09:36:09.390Z"}
{"level":"info","message":"JWT TOKEN VERIFIED FOR USER ID 2","timestamp":"2026-05-22T09:36:09.390Z"}
{"level":"info","message":"USER AUTHENTICATED: 2","timestamp":"2026-05-22T09:36:09.391Z"}
{"level":"info","message":"USER ROLE: 1","timestamp":"2026-05-22T09:36:09.391Z"}
{"level":"info","message":"ALLOWED ROLES: 1","timestamp":"2026-05-22T09:36:09.391Z"}
{"level":"info","message":"USER AUTHORIZED SUCCESSFULLY","timestamp":"2026-05-22T09:36:09.391Z"}
{"level":"warn","message":"AUTH HEADER MISSING","timestamp":"2026-05-22T09:39:21.505Z"}
{"level":"info","message":"VERIFYING JWT TOKEN","timestamp":"2026-05-22T09:39:43.188Z"}
{"level":"info","message":"JWT TOKEN VERIFIED FOR USER ID 2","timestamp":"2026-05-22T09:39:43.189Z"}
{"level":"info","message":"USER AUTHENTICATED: 2","timestamp":"2026-05-22T09:39:43.189Z"}
{"level":"info","message":"VERIFYING JWT TOKEN","timestamp":"2026-05-22T09:41:12.792Z"}
{"level":"info","message":"JWT TOKEN VERIFIED FOR USER ID 2","timestamp":"2026-05-22T09:41:12.793Z"}
{"level":"info","message":"USER AUTHENTICATED: 2","timestamp":"2026-05-22T09:41:12.793Z"}
{"level":"info","message":"VERIFYING JWT TOKEN","timestamp":"2026-05-22T09:41:52.886Z"}
{"level":"info","message":"JWT TOKEN VERIFIED FOR USER ID 2","timestamp":"2026-05-22T09:41:52.887Z"}
{"level":"info","message":"USER AUTHENTICATED: 2","timestamp":"2026-05-22T09:41:52.887Z"}
{"level":"info","message":"VERIFYING JWT TOKEN","timestamp":"2026-05-22T09:42:19.593Z"}
{"level":"info","message":"JWT TOKEN VERIFIED FOR USER ID 2","timestamp":"2026-05-22T09:42:19.594Z"}
{"level":"info","message":"USER AUTHENTICATED: 2","timestamp":"2026-05-22T09:42:19.594Z"}
{"level":"info","message":"VERIFYING JWT TOKEN","timestamp":"2026-05-22T09:45:32.070Z"}
{"level":"info","message":"JWT TOKEN VERIFIED FOR USER ID 2","timestamp":"2026-05-22T09:45:32.070Z"}
{"level":"info","message":"USER AUTHENTICATED: 2","timestamp":"2026-05-22T09:45:32.071Z"}
{"level":"info","message":"VERIFYING JWT TOKEN","timestamp":"2026-05-22T09:45:55.989Z"}
{"level":"info","message":"JWT TOKEN VERIFIED FOR USER ID 2","timestamp":"2026-05-22T09:45:55.990Z"}
{"level":"info","message":"USER AUTHENTICATED: 2","timestamp":"2026-05-22T09:45:55.990Z"}
{"level":"info","message":"Server running on port 3000","timestamp":"2026-05-22T09:48:59.303Z"}
{"level":"info","message":"Server running on port 3000","timestamp":"2026-05-22T09:52:07.917Z"}
{"level":"info","message":"Server running on port 3000","timestamp":"2026-05-22T09:52:32.231Z"}
{"level":"info","message":"Server running on port 3000","timestamp":"2026-05-22T09:52:37.613Z"}
{"level":"info","message":"Server running on port 3000","timestamp":"2026-05-22T09:58:36.677Z"}
{"level":"info","message":"Server running on port 3000","timestamp":"2026-05-22T09:59:25.797Z"}
{"level":"info","message":"Server running on port 3000","timestamp":"2026-05-22T10:00:21.654Z"}
{"level":"info","message":"Server running on port 3000","timestamp":"2026-05-22T10:00:41.616Z"}
{"level":"info","message":"Server running on port 3000","timestamp":"2026-05-22T10:04:38.054Z"}
{"level":"info","message":"Server running on port 3000","timestamp":"2026-05-22T10:05:54.247Z"}
{"level":"info","message":"VERIFYING JWT TOKEN","timestamp":"2026-05-22T10:19:45.463Z"}
{"level":"info","message":"JWT TOKEN VERIFIED FOR USER ID 2","timestamp":"2026-05-22T10:19:45.467Z"}
{"level":"info","message":"USER AUTHENTICATED: 2","timestamp":"2026-05-22T10:19:45.468Z"}
{"code":"ER_BAD_FIELD_ERROR","errno":1054,"level":"error","message":"Unknown column 'is_verified' in 'where clause'","sql":"SELECT * FROM books WHERE is_verified = true ORDER BY id ASC LIMIT 10 OFFSET 0","sqlMessage":"Unknown column 'is_verified' in 'where clause'","sqlState":"42S22","stack":"Error: Unknown column 'is_verified' in 'where clause'\n    at getAllBooks (file:///D:/About_LexiconNetworks/Library_Management_System/backend/src/controllers/book.controller.js:71:29)\n    at Layer.handleRequest (D:\\About_LexiconNetworks\\Library_Management_System\\backend\\node_modules\\router\\lib\\layer.js:152:17)\n    at next (D:\\About_LexiconNetworks\\Library_Management_System\\backend\\node_modules\\router\\lib\\route.js:157:13)\n    at verifyJWT (file:///D:/About_LexiconNetworks/Library_Management_System/backend/src/middlewares/auth.middleware.js:64:5)\n    at Layer.handleRequest (D:\\About_LexiconNetworks\\Library_Management_System\\backend\\node_modules\\router\\lib\\layer.js:152:17)\n    at next (D:\\About_LexiconNetworks\\Library_Management_System\\backend\\node_modules\\router\\lib\\route.js:157:13)\n    at Route.dispatch (D:\\About_LexiconNetworks\\Library_Management_System\\backend\\node_modules\\router\\lib\\route.js:117:3)\n    at handle (D:\\About_LexiconNetworks\\Library_Management_System\\backend\\node_modules\\router\\index.js:435:11)\n    at Layer.handleRequest (D:\\About_LexiconNetworks\\Library_Management_System\\backend\\node_modules\\router\\lib\\layer.js:152:17)\n    at D:\\About_LexiconNetworks\\Library_Management_System\\backend\\node_modules\\router\\index.js:295:15","timestamp":"2026-05-22T10:19:45.498Z"}
{"level":"info","message":"VERIFYING JWT TOKEN","timestamp":"2026-05-22T10:20:41.927Z"}
{"level":"info","message":"JWT TOKEN VERIFIED FOR USER ID 2","timestamp":"2026-05-22T10:20:41.928Z"}
{"level":"info","message":"USER AUTHENTICATED: 2","timestamp":"2026-05-22T10:20:41.928Z"}
{"level":"info","message":"USER ROLE: 1","timestamp":"2026-05-22T10:20:41.929Z"}
{"level":"info","message":"ALLOWED ROLES: 1","timestamp":"2026-05-22T10:20:41.929Z"}
{"level":"info","message":"USER AUTHORIZED SUCCESSFULLY","timestamp":"2026-05-22T10:20:41.930Z"}
{"level":"info","message":"Server running on port 3000","timestamp":"2026-05-22T10:31:33.005Z"}
{"level":"info","message":"Server running on port 3000","timestamp":"2026-05-22T10:31:56.169Z"}
{"level":"info","message":"Server running on port 3000","timestamp":"2026-05-22T10:31:59.639Z"}
{"level":"info","message":"Server running on port 3000","timestamp":"2026-05-22T10:37:00.903Z"}
{"level":"info","message":"FORGOT PASSWORD REQUEST","timestamp":"2026-05-22T10:40:03.640Z"}
{"level":"info","message":"EMAIL SENT : <9de11db7-4af9-01fe-3dfd-1dbd88325b9d@gmail.com>","timestamp":"2026-05-22T10:40:06.106Z"}
{"level":"info","message":"RESET EMAIL SENT : rkk@yopmail.com","timestamp":"2026-05-22T10:40:06.107Z"}
{"level":"info","message":"RESET PASSWORD REQUEST","timestamp":"2026-05-22T10:43:56.897Z"}
{"level":"error","message":"RESET PASSWORD ERROR INVALID_TOKEN","stack":"Error: INVALID_TOKEN\n    at resetPassword (file:///D:/About_LexiconNetworks/Library_Management_System/backend/src/controllers/auth.controller.js:339:13)","timestamp":"2026-05-22T10:43:56.985Z"}
{"level":"info","message":"RESET PASSWORD REQUEST","timestamp":"2026-05-22T10:44:05.795Z"}
{"level":"error","message":"RESET PASSWORD ERROR NEW_PASSWORD_MUST_BE_DIFFERENT","stack":"Error: NEW_PASSWORD_MUST_BE_DIFFERENT\n    at resetPassword (file:///D:/About_LexiconNetworks/Library_Management_System/backend/src/controllers/auth.controller.js:350:13)","timestamp":"2026-05-22T10:44:05.972Z"}
{"level":"info","message":"RESET PASSWORD REQUEST","timestamp":"2026-05-22T10:44:17.310Z"}
{"level":"info","message":"EMAIL SENT : <61e02365-3c06-3b4c-aa7b-95cb37a925e5@gmail.com>","timestamp":"2026-05-22T10:44:20.183Z"}
{"level":"info","message":"PASSWORD RESET SUCCESS : rkk@yopmail.com","timestamp":"2026-05-22T10:44:20.184Z"}
{"level":"info","message":"Server running on port 3000","timestamp":"2026-05-22T10:49:31.605Z"}
{"level":"info","message":"Server running on port 3000","timestamp":"2026-05-22T10:49:35.671Z"}
{"level":"info","message":"Server running on port 3000","timestamp":"2026-05-22T10:50:14.826Z"}
{"level":"info","message":"Server running on port 3000","timestamp":"2026-05-22T10:51:52.305Z"}
{"level":"info","message":"Server running on port 3000","timestamp":"2026-05-22T10:52:02.938Z"}
{"level":"info","message":"Server running on port 3000","timestamp":"2026-05-22T10:52:09.079Z"}
{"level":"info","message":"Server running on port 3000","timestamp":"2026-05-22T10:52:12.778Z"}
{"level":"info","message":"Server running on port 3000","timestamp":"2026-05-22T10:52:17.672Z"}
{"level":"info","message":"Server running on port 3000","timestamp":"2026-05-22T10:57:35.286Z"}
{"level":"info","message":"Server running on port 3000","timestamp":"2026-05-22T10:57:42.025Z"}
{"level":"info","message":"Server running on port 3000","timestamp":"2026-05-22T10:57:47.032Z"}
{"level":"info","message":"Server running on port 3000","timestamp":"2026-05-22T11:04:49.464Z"}
{"level":"info","message":"Server running on port 3000","timestamp":"2026-05-22T11:22:34.357Z"}
{"level":"info","message":"Server running on port 3000","timestamp":"2026-05-22T11:24:52.493Z"}
{"level":"info","message":"Server running on port 3000","timestamp":"2026-05-22T11:25:09.874Z"}
{"level":"info","message":"Server running on port 3000","timestamp":"2026-05-22T11:25:45.680Z"}
{"level":"info","message":"Server running on port 3000","timestamp":"2026-05-22T11:27:06.948Z"}
{"level":"info","message":"Server running on port 3000","timestamp":"2026-05-22T11:27:10.839Z"}
{"level":"info","message":"Server running on port 3000","timestamp":"2026-05-22T11:27:13.395Z"}
{"level":"info","message":"Server running on port 3000","timestamp":"2026-05-22T11:27:26.445Z"}
{"level":"info","message":"Server running on port 3000","timestamp":"2026-05-22T11:27:48.215Z"}
{"level":"info","message":"Server running on port 3000","timestamp":"2026-05-22T11:27:53.253Z"}
{"level":"info","message":"Server running on port 3000","timestamp":"2026-05-22T11:27:56.322Z"}
{"level":"info","message":"Server running on port 3000","timestamp":"2026-05-22T11:29:31.544Z"}
{"level":"info","message":"Server running on port 3000","timestamp":"2026-05-22T11:29:40.668Z"}
{"level":"info","message":"Server running on port 3000","timestamp":"2026-05-22T11:30:01.670Z"}
{"level":"info","message":"Server running on port 3000","timestamp":"2026-05-22T11:30:14.050Z"}
{"level":"error","message":"RESET PASSWORD ERROR USER_NOT_FOUND","stack":"Error: USER_NOT_FOUND\n    at resetPassword (file:///D:/About_LexiconNetworks/Library_Management_System/backend/src/controllers/auth.controller.js:329:13)\n    at process.processTicksAndRejections (node:internal/process/task_queues:103:5)","timestamp":"2026-05-22T12:50:48.245Z"}
{"level":"error","message":"FORGOT PASSWORD ERROR USER_NOT_FOUND","stack":"Error: USER_NOT_FOUND\n    at forgotPassword (file:///D:/About_LexiconNetworks/Library_Management_System/backend/src/controllers/auth.controller.js:244:13)\n    at process.processTicksAndRejections (node:internal/process/task_queues:103:5)","timestamp":"2026-05-22T12:50:57.268Z"}
{"level":"error","message":"FORGOT PASSWORD ERROR USER_NOT_FOUND","stack":"Error: USER_NOT_FOUND\n    at forgotPassword (file:///D:/About_LexiconNetworks/Library_Management_System/backend/src/controllers/auth.controller.js:244:13)\n    at process.processTicksAndRejections (node:internal/process/task_queues:103:5)","timestamp":"2026-05-22T12:51:06.459Z"}
{"level":"error","message":"FORGOT PASSWORD ERROR USER_NOT_FOUND","stack":"Error: USER_NOT_FOUND\n    at forgotPassword (file:///D:/About_LexiconNetworks/Library_Management_System/backend/src/controllers/auth.controller.js:244:13)\n    at process.processTicksAndRejections (node:internal/process/task_queues:103:5)","timestamp":"2026-05-22T12:51:12.166Z"}
{"level":"error","message":"FORGOT PASSWORD ERROR USER_NOT_VERIFIED","stack":"Error: USER_NOT_VERIFIED\n    at forgotPassword (file:///D:/About_LexiconNetworks/Library_Management_System/backend/src/controllers/auth.controller.js:249:13)\n    at process.processTicksAndRejections (node:internal/process/task_queues:103:5)","timestamp":"2026-05-22T12:51:57.920Z"}
{"code":"ER_TRUNCATED_WRONG_VALUE_FOR_FIELD","errno":1366,"level":"error","message":"FORGOT PASSWORD ERROR Incorrect integer value: '$2b$10$dcZkMurXqxmJgrTcmXYRmezCz48kLuhRBvUOKzhVqYkM0N6xOcyci' for column 'is_verified' at row 1","sql":"\n      UPDATE users\n      SET is_verified='$2b$10$dcZkMurXqxmJgrTcmXYRmezCz48kLuhRBvUOKzhVqYkM0N6xOcyci'\n      WHERE id=32\n      ","sqlMessage":"Incorrect integer value: '$2b$10$dcZkMurXqxmJgrTcmXYRmezCz48kLuhRBvUOKzhVqYkM0N6xOcyci' for column 'is_verified' at row 1","sqlState":"HY000","stack":"Error: Incorrect integer value: '$2b$10$dcZkMurXqxmJgrTcmXYRmezCz48kLuhRBvUOKzhVqYkM0N6xOcyci' for column 'is_verified' at row 1\n    at forgotPassword (file:///D:/About_LexiconNetworks/Library_Management_System/backend/src/controllers/auth.controller.js:256:14)","timestamp":"2026-05-22T12:52:19.077Z"}
{"level":"info","message":"Server running on port 3000","timestamp":"2026-05-22T12:53:54.499Z"}
{"level":"info","message":"EMAIL SENT : <25252d57-6ef8-fd0b-9c13-0fc67cd317e8@gmail.com>","timestamp":"2026-05-22T12:54:01.163Z"}
{"level":"info","message":"RESET EMAIL SENT : finalcheck@yopmail.com","timestamp":"2026-05-22T12:54:01.165Z"}
{"0":{"instancePath":"/password","keyword":"errorMessage","message":"PASSWORD_MUST_HAVE_UPPERCASE_NUMBER_SPECIALCHAR_6_TO_10_LENGTH","params":{"errors":[{"emUsed":true,"instancePath":"/password","keyword":"pattern","message":"must match pattern \"^(?=.*[A-Z])(?=.*\\d)(?=.*[@$!%*?&])[A-Za-z\\d@$!%*?&]{6,10}$\"","params":{"pattern":"^(?=.*[A-Z])(?=.*\\d)(?=.*[@$!%*?&])[A-Za-z\\d@$!%*?&]{6,10}$"},"schemaPath":"#/properties/password/pattern"}]},"schemaPath":"#/properties/password/errorMessage"},"level":"warn","message":"AJV VALIDATION FAILED","timestamp":"2026-05-22T12:58:18.594Z"}
{"level":"error","message":"RESET PASSWORD ERROR data and hash must be strings","stack":"Error: data and hash must be strings\n    at Object.compare (D:\\About_LexiconNetworks\\Library_Management_System\\backend\\node_modules\\bcrypt\\bcrypt.js:211:17)\n    at D:\\About_LexiconNetworks\\Library_Management_System\\backend\\node_modules\\bcrypt\\promises.js:26:12\n    at new Promise (<anonymous>)\n    at Object.promise (D:\\About_LexiconNetworks\\Library_Management_System\\backend\\node_modules\\bcrypt\\promises.js:17:12)\n    at Object.compare (D:\\About_LexiconNetworks\\Library_Management_System\\backend\\node_modules\\bcrypt\\bcrypt.js:200:25)\n    at resetPassword (file:///D:/About_LexiconNetworks/Library_Management_System/backend/src/controllers/auth.controller.js:333:39)\n    at process.processTicksAndRejections (node:internal/process/task_queues:103:5)","timestamp":"2026-05-22T12:58:23.514Z"}
{"level":"info","message":"Server running on port 3000","timestamp":"2026-05-22T12:59:02.338Z"}
{"level":"info","message":"Server running on port 3000","timestamp":"2026-05-22T12:59:05.215Z"}
{"level":"error","message":"RESET PASSWORD ERROR data and hash arguments required","stack":"Error: data and hash arguments required\n    at Object.compare (D:\\About_LexiconNetworks\\Library_Management_System\\backend\\node_modules\\bcrypt\\bcrypt.js:204:17)\n    at D:\\About_LexiconNetworks\\Library_Management_System\\backend\\node_modules\\bcrypt\\promises.js:26:12\n    at new Promise (<anonymous>)\n    at Object.promise (D:\\About_LexiconNetworks\\Library_Management_System\\backend\\node_modules\\bcrypt\\promises.js:17:12)\n    at Object.compare (D:\\About_LexiconNetworks\\Library_Management_System\\backend\\node_modules\\bcrypt\\bcrypt.js:200:25)\n    at resetPassword (file:///D:/About_LexiconNetworks/Library_Management_System/backend/src/controllers/auth.controller.js:333:39)\n    at process.processTicksAndRejections (node:internal/process/task_queues:103:5)","timestamp":"2026-05-22T12:59:07.729Z"}
{"level":"info","message":"Server running on port 3000","timestamp":"2026-05-22T13:00:25.989Z"}
{"level":"info","message":"Server running on port 3000","timestamp":"2026-05-22T13:00:31.668Z"}
{"level":"info","message":"Server running on port 3000","timestamp":"2026-05-22T13:00:33.779Z"}
{"level":"error","message":"RESET PASSWORD ERROR data and hash arguments required","stack":"Error: data and hash arguments required\n    at Object.compare (D:\\About_LexiconNetworks\\Library_Management_System\\backend\\node_modules\\bcrypt\\bcrypt.js:204:17)\n    at D:\\About_LexiconNetworks\\Library_Management_System\\backend\\node_modules\\bcrypt\\promises.js:26:12\n    at new Promise (<anonymous>)\n    at Object.promise (D:\\About_LexiconNetworks\\Library_Management_System\\backend\\node_modules\\bcrypt\\promises.js:17:12)\n    at Object.compare (D:\\About_LexiconNetworks\\Library_Management_System\\backend\\node_modules\\bcrypt\\bcrypt.js:200:25)\n    at resetPassword (file:///D:/About_LexiconNetworks/Library_Management_System/backend/src/controllers/auth.controller.js:333:39)\n    at process.processTicksAndRejections (node:internal/process/task_queues:103:5)","timestamp":"2026-05-22T13:00:37.446Z"}
{"level":"info","message":"Server running on port 3000","timestamp":"2026-05-22T13:01:09.935Z"}
{"level":"info","message":"EMAIL SENT : <4e516052-59a0-987f-cd40-0ebe08320c52@gmail.com>","timestamp":"2026-05-22T13:01:19.418Z"}
{"level":"info","message":"PASSWORD RESET SUCCESS : finalcheck@yopmail.com","timestamp":"2026-05-22T13:01:19.419Z"}
{"level":"info","message":"Server running on port 3000","timestamp":"2026-05-24T15:13:44.354Z"}
{"level":"info","message":"LOGIN REQUEST RECEIVED","timestamp":"2026-05-24T15:38:43.005Z"}
{"level":"error","message":"LOGIN ERROR INVALID_PASSWORD","stack":"Error: INVALID_PASSWORD\n    at login (file:///D:/About_LexiconNetworks/Library_Management_System/backend/src/controllers/auth.controller.js:46:25)","timestamp":"2026-05-24T15:38:43.585Z"}
{"level":"info","message":"LOGIN REQUEST RECEIVED","timestamp":"2026-05-24T15:38:56.941Z"}
{"level":"info","message":"GENERATING JWT TOKEN FOR USER ID 61","timestamp":"2026-05-24T15:38:57.007Z"}
{"level":"info","message":"JWT TOKEN GENERATED FOR USER ID 61","timestamp":"2026-05-24T15:38:57.322Z"}
{"level":"info","message":"LOGIN SUCCESS:rkk@yopmail.com","timestamp":"2026-05-24T15:38:57.323Z"}
{"level":"info","message":"VERIFYING JWT TOKEN","timestamp":"2026-05-24T15:40:52.302Z"}
{"expiredAt":"2026-05-20T09:09:44.000Z","level":"error","message":"JWT VERIFICATION FAILED jwt expired","name":"TokenExpiredError","stack":"TokenExpiredError: jwt expired\n    at D:\\About_LexiconNetworks\\Library_Management_System\\backend\\node_modules\\jsonwebtoken\\verify.js:190:21\n    at getSecret (D:\\About_LexiconNetworks\\Library_Management_System\\backend\\node_modules\\jsonwebtoken\\verify.js:97:14)\n    at module.exports [as verify] (D:\\About_LexiconNetworks\\Library_Management_System\\backend\\node_modules\\jsonwebtoken\\verify.js:101:10)\n    at verifyToken (file:///D:/About_LexiconNetworks/Library_Management_System/backend/src/services/jwt.service.js:50:23)\n    at verifyJWT (file:///D:/About_LexiconNetworks/Library_Management_System/backend/src/middlewares/auth.middleware.js:50:21)\n    at Layer.handleRequest (D:\\About_LexiconNetworks\\Library_Management_System\\backend\\node_modules\\router\\lib\\layer.js:152:17)\n    at next (D:\\About_LexiconNetworks\\Library_Management_System\\backend\\node_modules\\router\\lib\\route.js:157:13)\n    at Route.dispatch (D:\\About_LexiconNetworks\\Library_Management_System\\backend\\node_modules\\router\\lib\\route.js:117:3)\n    at handle (D:\\About_LexiconNetworks\\Library_Management_System\\backend\\node_modules\\router\\index.js:435:11)\n    at Layer.handleRequest (D:\\About_LexiconNetworks\\Library_Management_System\\backend\\node_modules\\router\\lib\\layer.js:152:17)","timestamp":"2026-05-24T15:40:52.325Z"}
{"level":"info","message":"VERIFYING JWT TOKEN","timestamp":"2026-05-24T15:41:02.769Z"}
{"level":"info","message":"JWT TOKEN VERIFIED FOR USER ID 61","timestamp":"2026-05-24T15:41:02.772Z"}
{"level":"info","message":"USER AUTHENTICATED: 61","timestamp":"2026-05-24T15:41:02.773Z"}
{"level":"info","message":"USER ROLE: 2","timestamp":"2026-05-24T15:41:02.774Z"}
{"level":"info","message":"ALLOWED ROLES: 2","timestamp":"2026-05-24T15:41:02.774Z"}
{"level":"info","message":"USER AUTHORIZED SUCCESSFULLY","timestamp":"2026-05-24T15:41:02.774Z"}
{"0":{"instancePath":"","keyword":"required","message":"must have required property 'book_id'","params":{"missingProperty":"book_id"},"schemaPath":"#/required"},"level":"warn","message":"AJV VALIDATION FAILED","timestamp":"2026-05-24T15:41:02.775Z"}
{"level":"info","message":"VERIFYING JWT TOKEN","timestamp":"2026-05-24T15:41:33.496Z"}
{"level":"info","message":"JWT TOKEN VERIFIED FOR USER ID 61","timestamp":"2026-05-24T15:41:33.497Z"}
{"level":"info","message":"USER AUTHENTICATED: 61","timestamp":"2026-05-24T15:41:33.497Z"}
{"level":"info","message":"USER ROLE: 2","timestamp":"2026-05-24T15:41:33.497Z"}
{"level":"info","message":"ALLOWED ROLES: 2","timestamp":"2026-05-24T15:41:33.497Z"}
{"level":"info","message":"USER AUTHORIZED SUCCESSFULLY","timestamp":"2026-05-24T15:41:33.498Z"}
{"0":{"instancePath":"","keyword":"required","message":"must have required property 'book_id'","params":{"missingProperty":"book_id"},"schemaPath":"#/required"},"level":"warn","message":"AJV VALIDATION FAILED","timestamp":"2026-05-24T15:41:33.498Z"}
{"level":"info","message":"VERIFYING JWT TOKEN","timestamp":"2026-05-24T15:41:43.871Z"}
{"level":"info","message":"JWT TOKEN VERIFIED FOR USER ID 61","timestamp":"2026-05-24T15:41:43.872Z"}
{"level":"info","message":"USER AUTHENTICATED: 61","timestamp":"2026-05-24T15:41:43.872Z"}
{"level":"info","message":"USER ROLE: 2","timestamp":"2026-05-24T15:41:43.872Z"}
{"level":"info","message":"ALLOWED ROLES: 2","timestamp":"2026-05-24T15:41:43.872Z"}
{"level":"info","message":"USER AUTHORIZED SUCCESSFULLY","timestamp":"2026-05-24T15:41:43.872Z"}
{"level":"info","message":"REQUEST BOOK API","timestamp":"2026-05-24T15:41:43.873Z"}
{"level":"info","message":"VERIFYING JWT TOKEN","timestamp":"2026-05-24T15:42:02.526Z"}
{"level":"info","message":"JWT TOKEN VERIFIED FOR USER ID 61","timestamp":"2026-05-24T15:42:02.527Z"}
{"level":"info","message":"USER AUTHENTICATED: 61","timestamp":"2026-05-24T15:42:02.527Z"}
{"level":"info","message":"USER ROLE: 2","timestamp":"2026-05-24T15:42:02.528Z"}
{"level":"info","message":"ALLOWED ROLES: 2","timestamp":"2026-05-24T15:42:02.528Z"}
{"level":"info","message":"USER AUTHORIZED SUCCESSFULLY","timestamp":"2026-05-24T15:42:02.528Z"}
{"level":"info","message":"REQUEST BOOK API","timestamp":"2026-05-24T15:42:02.528Z"}
{"level":"error","message":"REQUEST BOOK ERROR BOOK_NOT_FOUND","stack":"Error: BOOK_NOT_FOUND\n    at requestBook (file:///D:/About_LexiconNetworks/Library_Management_System/backend/src/controllers/book.request.controller.js:56:13)\n    at process.processTicksAndRejections (node:internal/process/task_queues:103:5)","timestamp":"2026-05-24T15:42:02.531Z"}
{"level":"info","message":"VERIFYING JWT TOKEN","timestamp":"2026-05-24T15:42:11.092Z"}
{"level":"info","message":"JWT TOKEN VERIFIED FOR USER ID 61","timestamp":"2026-05-24T15:42:11.093Z"}
{"level":"info","message":"USER AUTHENTICATED: 61","timestamp":"2026-05-24T15:42:11.093Z"}
{"level":"info","message":"USER ROLE: 2","timestamp":"2026-05-24T15:42:11.094Z"}
{"level":"info","message":"ALLOWED ROLES: 2","timestamp":"2026-05-24T15:42:11.094Z"}
{"level":"info","message":"USER AUTHORIZED SUCCESSFULLY","timestamp":"2026-05-24T15:42:11.094Z"}
{"level":"info","message":"REQUEST BOOK API","timestamp":"2026-05-24T15:42:11.094Z"}
{"level":"error","message":"REQUEST BOOK ERROR REQUEST_ALREADY_PENDING","stack":"Error: REQUEST_ALREADY_PENDING\n    at requestBook (file:///D:/About_LexiconNetworks/Library_Management_System/backend/src/controllers/book.request.controller.js:78:13)\n    at process.processTicksAndRejections (node:internal/process/task_queues:103:5)","timestamp":"2026-05-24T15:42:11.098Z"}
{"level":"info","message":"VERIFYING JWT TOKEN","timestamp":"2026-05-24T15:42:25.677Z"}
{"level":"info","message":"JWT TOKEN VERIFIED FOR USER ID 61","timestamp":"2026-05-24T15:42:25.678Z"}
{"level":"info","message":"USER AUTHENTICATED: 61","timestamp":"2026-05-24T15:42:25.678Z"}
{"level":"info","message":"USER ROLE: 2","timestamp":"2026-05-24T15:42:25.678Z"}
{"level":"info","message":"ALLOWED ROLES: 2","timestamp":"2026-05-24T15:42:25.679Z"}
{"level":"info","message":"USER AUTHORIZED SUCCESSFULLY","timestamp":"2026-05-24T15:42:25.679Z"}
{"0":{"instancePath":"","keyword":"required","message":"must have required property 'book_id'","params":{"missingProperty":"book_id"},"schemaPath":"#/required"},"level":"warn","message":"AJV VALIDATION FAILED","timestamp":"2026-05-24T15:42:25.679Z"}
{"level":"warn","message":"AUTH HEADER MISSING","timestamp":"2026-05-24T15:42:56.643Z"}
{"level":"info","message":"VERIFYING JWT TOKEN","timestamp":"2026-05-24T15:43:30.167Z"}
{"level":"info","message":"JWT TOKEN VERIFIED FOR USER ID 61","timestamp":"2026-05-24T15:43:30.168Z"}
{"level":"info","message":"USER AUTHENTICATED: 61","timestamp":"2026-05-24T15:43:30.168Z"}
{"level":"info","message":"USER ROLE: 2","timestamp":"2026-05-24T15:43:30.168Z"}
{"level":"info","message":"ALLOWED ROLES: 1","timestamp":"2026-05-24T15:43:30.169Z"}
{"level":"warn","message":"ACCESS DENIED - ROLE 2","timestamp":"2026-05-24T15:43:30.169Z"}
{"level":"info","message":"LOGIN REQUEST RECEIVED","timestamp":"2026-05-24T15:43:42.284Z"}
{"level":"info","message":"GENERATING JWT TOKEN FOR USER ID 2","timestamp":"2026-05-24T15:43:42.373Z"}
{"level":"info","message":"JWT TOKEN GENERATED FOR USER ID 2","timestamp":"2026-05-24T15:43:42.375Z"}
{"level":"info","message":"LOGIN SUCCESS:admin@gmail.com","timestamp":"2026-05-24T15:43:42.375Z"}
{"level":"info","message":"VERIFYING JWT TOKEN","timestamp":"2026-05-24T15:43:59.712Z"}
{"level":"info","message":"JWT TOKEN VERIFIED FOR USER ID 2","timestamp":"2026-05-24T15:43:59.713Z"}
{"level":"info","message":"USER AUTHENTICATED: 2","timestamp":"2026-05-24T15:43:59.714Z"}
{"level":"info","message":"USER ROLE: 1","timestamp":"2026-05-24T15:43:59.714Z"}
{"level":"info","message":"ALLOWED ROLES: 1","timestamp":"2026-05-24T15:43:59.715Z"}
{"level":"info","message":"USER AUTHORIZED SUCCESSFULLY","timestamp":"2026-05-24T15:43:59.715Z"}
{"level":"info","message":"GET ALL REQUESTS API","timestamp":"2026-05-24T15:43:59.716Z"}
{"code":"ER_WRONG_ARGUMENTS","errno":1210,"level":"error","message":"GET ALL REQUESTS ERROR Incorrect arguments to mysqld_stmt_execute","sql":"\n      SELECT\n        br.id,\n        br.request_status,\n        br.requested_at,\n        br.issued_at,\n        br.created_at,\n\n        u.id AS student_id,\n        CONCAT(\n          u.first_name,\n          ' ',\n          u.last_name\n        ) AS student_name,\n        u.email,\n\n        b.id AS book_id,\n        b.title,\n        b.author,\n        b.book_num,\n        b.category\n\n      FROM book_requests br\n\n      JOIN users u\n        ON br.student_id = u.id\n\n      JOIN books b\n        ON br.book_id = b.id\n\n      WHERE 1 = 1\n    \n      ORDER BY br.created_at DESC\n      LIMIT ?\n      OFFSET ?\n    ","sqlMessage":"Incorrect arguments to mysqld_stmt_execute","sqlState":"HY000","stack":"Error: Incorrect arguments to mysqld_stmt_execute\n    at getAllRequests (file:///D:/About_LexiconNetworks/Library_Management_System/backend/src/controllers/book.request.controller.js:243:31)\n    at Layer.handleRequest (D:\\About_LexiconNetworks\\Library_Management_System\\backend\\node_modules\\router\\lib\\layer.js:152:17)\n    at next (D:\\About_LexiconNetworks\\Library_Management_System\\backend\\node_modules\\router\\lib\\route.js:157:13)\n    at file:///D:/About_LexiconNetworks/Library_Management_System/backend/src/middlewares/schema.validator.middleware.js:70:7\n    at Layer.handleRequest (D:\\About_LexiconNetworks\\Library_Management_System\\backend\\node_modules\\router\\lib\\layer.js:152:17)\n    at next (D:\\About_LexiconNetworks\\Library_Management_System\\backend\\node_modules\\router\\lib\\route.js:157:13)\n    at file:///D:/About_LexiconNetworks/Library_Management_System/backend/src/middlewares/auth.middleware.js:102:7\n    at Layer.handleRequest (D:\\About_LexiconNetworks\\Library_Management_System\\backend\\node_modules\\router\\lib\\layer.js:152:17)\n    at next (D:\\About_LexiconNetworks\\Library_Management_System\\backend\\node_modules\\router\\lib\\route.js:157:13)\n    at verifyJWT (file:///D:/About_LexiconNetworks/Library_Management_System/backend/src/middlewares/auth.middleware.js:59:5)","timestamp":"2026-05-24T15:43:59.726Z"}
{"level":"info","message":"Server running on port 3000","timestamp":"2026-05-24T15:46:35.950Z"}
{"level":"info","message":"VERIFYING JWT TOKEN","timestamp":"2026-05-24T15:46:42.197Z"}
{"level":"info","message":"JWT TOKEN VERIFIED FOR USER ID 2","timestamp":"2026-05-24T15:46:42.202Z"}
{"level":"info","message":"USER AUTHENTICATED: 2","timestamp":"2026-05-24T15:46:42.203Z"}
{"level":"info","message":"USER ROLE: 1","timestamp":"2026-05-24T15:46:42.204Z"}
{"level":"info","message":"ALLOWED ROLES: 1","timestamp":"2026-05-24T15:46:42.205Z"}
{"level":"info","message":"USER AUTHORIZED SUCCESSFULLY","timestamp":"2026-05-24T15:46:42.207Z"}
{"level":"info","message":"GET ALL REQUESTS API","timestamp":"2026-05-24T15:46:42.209Z"}
{"code":"ER_WRONG_ARGUMENTS","errno":1210,"level":"error","message":"GET ALL REQUESTS ERROR Incorrect arguments to mysqld_stmt_execute","sql":"\n      SELECT\n        br.id,\n        br.request_status,\n        br.requested_at,\n        br.issued_at,\n        br.created_at,\n\n        u.id AS student_id,\n        CONCAT(\n          u.first_name,\n          ' ',\n          u.last_name\n        ) AS student_name,\n        u.email,\n\n        b.id AS book_id,\n        b.title,\n        b.author,\n        b.book_num,\n        b.category\n\n      FROM book_requests br\n\n      JOIN users u\n        ON br.student_id = u.id\n\n      JOIN books b\n        ON br.book_id = b.id\n\n      WHERE 1 = 1\n    \n      ORDER BY br.created_at DESC\n      LIMIT ?\n      OFFSET ?\n    ","sqlMessage":"Incorrect arguments to mysqld_stmt_execute","sqlState":"HY000","stack":"Error: Incorrect arguments to mysqld_stmt_execute\n    at getAllRequests (file:///D:/About_LexiconNetworks/Library_Management_System/backend/src/controllers/book.request.controller.js:243:31)\n    at Layer.handleRequest (D:\\About_LexiconNetworks\\Library_Management_System\\backend\\node_modules\\router\\lib\\layer.js:152:17)\n    at next (D:\\About_LexiconNetworks\\Library_Management_System\\backend\\node_modules\\router\\lib\\route.js:157:13)\n    at file:///D:/About_LexiconNetworks/Library_Management_System/backend/src/middlewares/schema.validator.middleware.js:70:7\n    at Layer.handleRequest (D:\\About_LexiconNetworks\\Library_Management_System\\backend\\node_modules\\router\\lib\\layer.js:152:17)\n    at next (D:\\About_LexiconNetworks\\Library_Management_System\\backend\\node_modules\\router\\lib\\route.js:157:13)\n    at file:///D:/About_LexiconNetworks/Library_Management_System/backend/src/middlewares/auth.middleware.js:102:7\n    at Layer.handleRequest (D:\\About_LexiconNetworks\\Library_Management_System\\backend\\node_modules\\router\\lib\\layer.js:152:17)\n    at next (D:\\About_LexiconNetworks\\Library_Management_System\\backend\\node_modules\\router\\lib\\route.js:157:13)\n    at verifyJWT (file:///D:/About_LexiconNetworks/Library_Management_System/backend/src/middlewares/auth.middleware.js:59:5)","timestamp":"2026-05-24T15:46:42.245Z"}
{"level":"info","message":"Server running on port 3000","timestamp":"2026-05-24T15:48:01.392Z"}
{"level":"info","message":"VERIFYING JWT TOKEN","timestamp":"2026-05-24T15:48:06.768Z"}
{"level":"info","message":"JWT TOKEN VERIFIED FOR USER ID 2","timestamp":"2026-05-24T15:48:06.771Z"}
{"level":"info","message":"USER AUTHENTICATED: 2","timestamp":"2026-05-24T15:48:06.771Z"}
{"level":"info","message":"USER ROLE: 1","timestamp":"2026-05-24T15:48:06.772Z"}
{"level":"info","message":"ALLOWED ROLES: 1","timestamp":"2026-05-24T15:48:06.772Z"}
{"level":"info","message":"USER AUTHORIZED SUCCESSFULLY","timestamp":"2026-05-24T15:48:06.773Z"}
{"level":"info","message":"GET ALL REQUESTS API","timestamp":"2026-05-24T15:48:06.774Z"}
{"level":"info","message":"VERIFYING JWT TOKEN","timestamp":"2026-05-24T15:49:59.348Z"}
{"level":"info","message":"JWT TOKEN VERIFIED FOR USER ID 2","timestamp":"2026-05-24T15:49:59.350Z"}
{"level":"info","message":"USER AUTHENTICATED: 2","timestamp":"2026-05-24T15:49:59.352Z"}
{"level":"info","message":"USER ROLE: 1","timestamp":"2026-05-24T15:49:59.352Z"}
{"level":"info","message":"ALLOWED ROLES: 2","timestamp":"2026-05-24T15:49:59.353Z"}
{"level":"warn","message":"ACCESS DENIED - ROLE 1","timestamp":"2026-05-24T15:49:59.353Z"}
{"level":"info","message":"VERIFYING JWT TOKEN","timestamp":"2026-05-24T15:50:23.714Z"}
{"level":"info","message":"JWT TOKEN VERIFIED FOR USER ID 2","timestamp":"2026-05-24T15:50:23.715Z"}
{"level":"info","message":"USER AUTHENTICATED: 2","timestamp":"2026-05-24T15:50:23.716Z"}
{"level":"info","message":"USER ROLE: 1","timestamp":"2026-05-24T15:50:23.716Z"}
{"level":"info","message":"ALLOWED ROLES: 2","timestamp":"2026-05-24T15:50:23.717Z"}
{"level":"warn","message":"ACCESS DENIED - ROLE 1","timestamp":"2026-05-24T15:50:23.717Z"}
{"level":"info","message":"VERIFYING JWT TOKEN","timestamp":"2026-05-24T15:53:32.717Z"}
{"level":"info","message":"JWT TOKEN VERIFIED FOR USER ID 2","timestamp":"2026-05-24T15:53:32.718Z"}
{"level":"info","message":"USER AUTHENTICATED: 2","timestamp":"2026-05-24T15:53:32.718Z"}
{"level":"info","message":"USER ROLE: 1","timestamp":"2026-05-24T15:53:32.718Z"}
{"level":"info","message":"ALLOWED ROLES: 1","timestamp":"2026-05-24T15:53:32.720Z"}
{"level":"info","message":"USER AUTHORIZED SUCCESSFULLY","timestamp":"2026-05-24T15:53:32.721Z"}
{"0":{"instancePath":"","keyword":"additionalProperties","message":"must NOT have additional properties","params":{"additionalProperty":"filter"},"schemaPath":"#/additionalProperties"},"level":"warn","message":"AJV VALIDATION FAILED","timestamp":"2026-05-24T15:53:32.722Z"}
{"level":"info","message":"Server running on port 3000","timestamp":"2026-05-24T15:55:50.317Z"}
{"level":"info","message":"Server running on port 3000","timestamp":"2026-05-24T15:56:11.339Z"}
{"level":"info","message":"Server running on port 3000","timestamp":"2026-05-24T15:56:37.970Z"}
{"level":"info","message":"VERIFYING JWT TOKEN","timestamp":"2026-05-24T15:56:42.368Z"}
{"level":"info","message":"JWT TOKEN VERIFIED FOR USER ID 2","timestamp":"2026-05-24T15:56:42.374Z"}
{"level":"info","message":"USER AUTHENTICATED: 2","timestamp":"2026-05-24T15:56:42.375Z"}
{"level":"info","message":"USER ROLE: 1","timestamp":"2026-05-24T15:56:42.376Z"}
{"level":"info","message":"ALLOWED ROLES: 1","timestamp":"2026-05-24T15:56:42.377Z"}
{"level":"info","message":"USER AUTHORIZED SUCCESSFULLY","timestamp":"2026-05-24T15:56:42.378Z"}
{"level":"info","message":"GET ALL REQUESTS API","timestamp":"2026-05-24T15:56:42.379Z"}
{"code":"ER_WRONG_ARGUMENTS","errno":1210,"level":"error","message":"GET ALL REQUESTS ERROR Incorrect arguments to mysqld_stmt_execute","sql":"\n      SELECT\n        br.id,\n        br.request_status,\n        br.requested_at,\n        br.issued_at,\n        br.created_at,\n\n        u.id AS student_id,\n\n        CONCAT(\n          u.first_name,\n          ' ',\n          u.last_name\n        ) AS student_name,\n\n        u.email,\n\n        b.id AS book_id,\n        b.title,\n        b.author,\n        b.book_num,\n        b.category\n\n      FROM book_requests br\n\n      JOIN users u\n        ON br.student_id = u.id\n\n      JOIN books b\n        ON br.book_id = b.id\n     ORDER BY br.id ASC LIMIT ? OFFSET ?","sqlMessage":"Incorrect arguments to mysqld_stmt_execute","sqlState":"HY000","stack":"Error: Incorrect arguments to mysqld_stmt_execute\n    at getAllRequests (file:///D:/About_LexiconNetworks/Library_Management_System/backend/src/controllers/book.request.controller.js:219:31)\n    at Layer.handleRequest (D:\\About_LexiconNetworks\\Library_Management_System\\backend\\node_modules\\router\\lib\\layer.js:152:17)\n    at next (D:\\About_LexiconNetworks\\Library_Management_System\\backend\\node_modules\\router\\lib\\route.js:157:13)\n    at file:///D:/About_LexiconNetworks/Library_Management_System/backend/src/middlewares/schema.validator.middleware.js:70:7\n    at Layer.handleRequest (D:\\About_LexiconNetworks\\Library_Management_System\\backend\\node_modules\\router\\lib\\layer.js:152:17)\n    at next (D:\\About_LexiconNetworks\\Library_Management_System\\backend\\node_modules\\router\\lib\\route.js:157:13)\n    at file:///D:/About_LexiconNetworks/Library_Management_System/backend/src/middlewares/auth.middleware.js:102:7\n    at Layer.handleRequest (D:\\About_LexiconNetworks\\Library_Management_System\\backend\\node_modules\\router\\lib\\layer.js:152:17)\n    at next (D:\\About_LexiconNetworks\\Library_Management_System\\backend\\node_modules\\router\\lib\\route.js:157:13)\n    at verifyJWT (file:///D:/About_LexiconNetworks/Library_Management_System/backend/src/middlewares/auth.middleware.js:59:5)","timestamp":"2026-05-24T15:56:42.417Z"}
{"level":"info","message":"VERIFYING JWT TOKEN","timestamp":"2026-05-24T15:57:08.086Z"}
{"level":"info","message":"JWT TOKEN VERIFIED FOR USER ID 2","timestamp":"2026-05-24T15:57:08.089Z"}
{"level":"info","message":"USER AUTHENTICATED: 2","timestamp":"2026-05-24T15:57:08.089Z"}
{"level":"info","message":"USER ROLE: 1","timestamp":"2026-05-24T15:57:08.090Z"}
{"level":"info","message":"ALLOWED ROLES: 1","timestamp":"2026-05-24T15:57:08.091Z"}
{"level":"info","message":"USER AUTHORIZED SUCCESSFULLY","timestamp":"2026-05-24T15:57:08.091Z"}
{"level":"info","message":"GET ALL REQUESTS API","timestamp":"2026-05-24T15:57:08.092Z"}
{"code":"ER_BAD_FIELD_ERROR","errno":1054,"level":"error","message":"GET ALL REQUESTS ERROR Unknown column 'br.status' in 'where clause'","sql":"\n      SELECT\n        br.id,\n        br.request_status,\n        br.requested_at,\n        br.issued_at,\n        br.created_at,\n\n        u.id AS student_id,\n\n        CONCAT(\n          u.first_name,\n          ' ',\n          u.last_name\n        ) AS student_name,\n\n        u.email,\n\n        b.id AS book_id,\n        b.title,\n        b.author,\n        b.book_num,\n        b.category\n\n      FROM book_requests br\n\n      JOIN users u\n        ON br.student_id = u.id\n\n      JOIN books b\n        ON br.book_id = b.id\n     WHERE br.status = ? ORDER BY br.id ASC LIMIT ? OFFSET ?","sqlMessage":"Unknown column 'br.status' in 'where clause'","sqlState":"42S22","stack":"Error: Unknown column 'br.status' in 'where clause'\n    at getAllRequests (file:///D:/About_LexiconNetworks/Library_Management_System/backend/src/controllers/book.request.controller.js:219:31)\n    at Layer.handleRequest (D:\\About_LexiconNetworks\\Library_Management_System\\backend\\node_modules\\router\\lib\\layer.js:152:17)\n    at next (D:\\About_LexiconNetworks\\Library_Management_System\\backend\\node_modules\\router\\lib\\route.js:157:13)\n    at file:///D:/About_LexiconNetworks/Library_Management_System/backend/src/middlewares/schema.validator.middleware.js:70:7\n    at Layer.handleRequest (D:\\About_LexiconNetworks\\Library_Management_System\\backend\\node_modules\\router\\lib\\layer.js:152:17)\n    at next (D:\\About_LexiconNetworks\\Library_Management_System\\backend\\node_modules\\router\\lib\\route.js:157:13)\n    at file:///D:/About_LexiconNetworks/Library_Management_System/backend/src/middlewares/auth.middleware.js:102:7\n    at Layer.handleRequest (D:\\About_LexiconNetworks\\Library_Management_System\\backend\\node_modules\\router\\lib\\layer.js:152:17)\n    at next (D:\\About_LexiconNetworks\\Library_Management_System\\backend\\node_modules\\router\\lib\\route.js:157:13)\n    at verifyJWT (file:///D:/About_LexiconNetworks/Library_Management_System/backend/src/middlewares/auth.middleware.js:59:5)","timestamp":"2026-05-24T15:57:08.117Z"}
{"level":"info","message":"VERIFYING JWT TOKEN","timestamp":"2026-05-24T15:57:22.512Z"}
{"level":"info","message":"JWT TOKEN VERIFIED FOR USER ID 2","timestamp":"2026-05-24T15:57:22.513Z"}
{"level":"info","message":"USER AUTHENTICATED: 2","timestamp":"2026-05-24T15:57:22.513Z"}
{"level":"info","message":"USER ROLE: 1","timestamp":"2026-05-24T15:57:22.514Z"}
{"level":"info","message":"ALLOWED ROLES: 1","timestamp":"2026-05-24T15:57:22.514Z"}
{"level":"info","message":"USER AUTHORIZED SUCCESSFULLY","timestamp":"2026-05-24T15:57:22.515Z"}
{"level":"info","message":"GET ALL REQUESTS API","timestamp":"2026-05-24T15:57:22.515Z"}
{"code":"ER_WRONG_ARGUMENTS","errno":1210,"level":"error","message":"GET ALL REQUESTS ERROR Incorrect arguments to mysqld_stmt_execute","sql":"\n      SELECT\n        br.id,\n        br.request_status,\n        br.requested_at,\n        br.issued_at,\n        br.created_at,\n\n        u.id AS student_id,\n\n        CONCAT(\n          u.first_name,\n          ' ',\n          u.last_name\n        ) AS student_name,\n\n        u.email,\n\n        b.id AS book_id,\n        b.title,\n        b.author,\n        b.book_num,\n        b.category\n\n      FROM book_requests br\n\n      JOIN users u\n        ON br.student_id = u.id\n\n      JOIN books b\n        ON br.book_id = b.id\n     WHERE br.request_status = ? ORDER BY br.id ASC LIMIT ? OFFSET ?","sqlMessage":"Incorrect arguments to mysqld_stmt_execute","sqlState":"HY000","stack":"Error: Incorrect arguments to mysqld_stmt_execute\n    at getAllRequests (file:///D:/About_LexiconNetworks/Library_Management_System/backend/src/controllers/book.request.controller.js:219:31)\n    at Layer.handleRequest (D:\\About_LexiconNetworks\\Library_Management_System\\backend\\node_modules\\router\\lib\\layer.js:152:17)\n    at next (D:\\About_LexiconNetworks\\Library_Management_System\\backend\\node_modules\\router\\lib\\route.js:157:13)\n    at file:///D:/About_LexiconNetworks/Library_Management_System/backend/src/middlewares/schema.validator.middleware.js:70:7\n    at Layer.handleRequest (D:\\About_LexiconNetworks\\Library_Management_System\\backend\\node_modules\\router\\lib\\layer.js:152:17)\n    at next (D:\\About_LexiconNetworks\\Library_Management_System\\backend\\node_modules\\router\\lib\\route.js:157:13)\n    at file:///D:/About_LexiconNetworks/Library_Management_System/backend/src/middlewares/auth.middleware.js:102:7\n    at Layer.handleRequest (D:\\About_LexiconNetworks\\Library_Management_System\\backend\\node_modules\\router\\lib\\layer.js:152:17)\n    at next (D:\\About_LexiconNetworks\\Library_Management_System\\backend\\node_modules\\router\\lib\\route.js:157:13)\n    at verifyJWT (file:///D:/About_LexiconNetworks/Library_Management_System/backend/src/middlewares/auth.middleware.js:59:5)","timestamp":"2026-05-24T15:57:22.539Z"}
{"level":"info","message":"Server running on port 3000","timestamp":"2026-05-24T15:58:46.131Z"}
{"level":"info","message":"VERIFYING JWT TOKEN","timestamp":"2026-05-24T15:58:48.710Z"}
{"level":"info","message":"JWT TOKEN VERIFIED FOR USER ID 2","timestamp":"2026-05-24T15:58:48.717Z"}
{"level":"info","message":"USER AUTHENTICATED: 2","timestamp":"2026-05-24T15:58:48.718Z"}
{"level":"info","message":"USER ROLE: 1","timestamp":"2026-05-24T15:58:48.719Z"}
{"level":"info","message":"ALLOWED ROLES: 1","timestamp":"2026-05-24T15:58:48.721Z"}
{"level":"info","message":"USER AUTHORIZED SUCCESSFULLY","timestamp":"2026-05-24T15:58:48.723Z"}
{"level":"info","message":"GET ALL REQUESTS API","timestamp":"2026-05-24T15:58:48.725Z"}
{"level":"info","message":"VERIFYING JWT TOKEN","timestamp":"2026-05-24T17:48:59.437Z"}
{"level":"info","message":"JWT TOKEN VERIFIED FOR USER ID 2","timestamp":"2026-05-24T17:48:59.455Z"}
{"level":"info","message":"USER AUTHENTICATED: 2","timestamp":"2026-05-24T17:48:59.456Z"}
{"level":"info","message":"USER ROLE: 1","timestamp":"2026-05-24T17:48:59.457Z"}
{"level":"info","message":"ALLOWED ROLES: 1","timestamp":"2026-05-24T17:48:59.457Z"}
{"level":"info","message":"USER AUTHORIZED SUCCESSFULLY","timestamp":"2026-05-24T17:48:59.458Z"}
{"level":"info","message":"GET ALL REQUESTS API","timestamp":"2026-05-24T17:48:59.458Z"}
{"level":"info","message":"VERIFYING JWT TOKEN","timestamp":"2026-05-24T18:01:00.215Z"}
{"level":"info","message":"JWT TOKEN VERIFIED FOR USER ID 2","timestamp":"2026-05-24T18:01:00.218Z"}
{"level":"info","message":"USER AUTHENTICATED: 2","timestamp":"2026-05-24T18:01:00.218Z"}
{"level":"info","message":"USER ROLE: 1","timestamp":"2026-05-24T18:01:00.219Z"}
{"level":"info","message":"ALLOWED ROLES: 1","timestamp":"2026-05-24T18:01:00.219Z"}
{"level":"info","message":"USER AUTHORIZED SUCCESSFULLY","timestamp":"2026-05-24T18:01:00.219Z"}
{"level":"info","message":"GET ALL REQUESTS API","timestamp":"2026-05-24T18:01:00.220Z"}
{"level":"error","message":"GET ALL REQUESTS ERROR INVALID_FILTER_FORMAT","stack":"Error: INVALID_FILTER_FORMAT\n    at buildFilterQuery (file:///D:/About_LexiconNetworks/Library_Management_System/backend/src/utils/query.filter.js:12:13)\n    at getAllRequests (file:///D:/About_LexiconNetworks/Library_Management_System/backend/src/controllers/book.request.controller.js:211:28)\n    at Layer.handleRequest (D:\\About_LexiconNetworks\\Library_Management_System\\backend\\node_modules\\router\\lib\\layer.js:152:17)\n    at next (D:\\About_LexiconNetworks\\Library_Management_System\\backend\\node_modules\\router\\lib\\route.js:157:13)\n    at file:///D:/About_LexiconNetworks/Library_Management_System/backend/src/middlewares/schema.validator.middleware.js:70:7\n    at Layer.handleRequest (D:\\About_LexiconNetworks\\Library_Management_System\\backend\\node_modules\\router\\lib\\layer.js:152:17)\n    at next (D:\\About_LexiconNetworks\\Library_Management_System\\backend\\node_modules\\router\\lib\\route.js:157:13)\n    at file:///D:/About_LexiconNetworks/Library_Management_System/backend/src/middlewares/auth.middleware.js:102:7\n    at Layer.handleRequest (D:\\About_LexiconNetworks\\Library_Management_System\\backend\\node_modules\\router\\lib\\layer.js:152:17)\n    at next (D:\\About_LexiconNetworks\\Library_Management_System\\backend\\node_modules\\router\\lib\\route.js:157:13)","timestamp":"2026-05-24T18:01:00.229Z"}
{"level":"info","message":"VERIFYING JWT TOKEN","timestamp":"2026-05-24T18:01:13.395Z"}
{"level":"info","message":"JWT TOKEN VERIFIED FOR USER ID 2","timestamp":"2026-05-24T18:01:13.396Z"}
{"level":"info","message":"USER AUTHENTICATED: 2","timestamp":"2026-05-24T18:01:13.396Z"}
{"level":"info","message":"USER ROLE: 1","timestamp":"2026-05-24T18:01:13.396Z"}
{"level":"info","message":"ALLOWED ROLES: 1","timestamp":"2026-05-24T18:01:13.396Z"}
{"level":"info","message":"USER AUTHORIZED SUCCESSFULLY","timestamp":"2026-05-24T18:01:13.397Z"}
{"level":"info","message":"GET ALL REQUESTS API","timestamp":"2026-05-24T18:01:13.397Z"}
{"level":"warn","message":"AUTH HEADER MISSING","timestamp":"2026-05-24T18:02:51.573Z"}
{"level":"info","message":"VERIFYING JWT TOKEN","timestamp":"2026-05-24T18:03:23.108Z"}
{"level":"info","message":"JWT TOKEN VERIFIED FOR USER ID 2","timestamp":"2026-05-24T18:03:23.110Z"}
{"level":"info","message":"USER AUTHENTICATED: 2","timestamp":"2026-05-24T18:03:23.111Z"}
{"level":"info","message":"USER ROLE: 1","timestamp":"2026-05-24T18:03:23.111Z"}
{"level":"info","message":"ALLOWED ROLES: 1","timestamp":"2026-05-24T18:03:23.112Z"}
{"level":"info","message":"USER AUTHORIZED SUCCESSFULLY","timestamp":"2026-05-24T18:03:23.113Z"}
{"level":"info","message":"GET ALL REQUESTS API","timestamp":"2026-05-24T18:03:23.114Z"}
{"level":"info","message":"LOGIN REQUEST RECEIVED","timestamp":"2026-05-24T18:04:26.097Z"}
{"level":"info","message":"GENERATING JWT TOKEN FOR USER ID 61","timestamp":"2026-05-24T18:04:26.263Z"}
{"level":"info","message":"JWT TOKEN GENERATED FOR USER ID 61","timestamp":"2026-05-24T18:04:26.266Z"}
{"level":"info","message":"LOGIN SUCCESS:rkk@yopmail.com","timestamp":"2026-05-24T18:04:26.268Z"}
{"level":"info","message":"VERIFYING JWT TOKEN","timestamp":"2026-05-24T18:04:50.749Z"}
{"level":"info","message":"JWT TOKEN VERIFIED FOR USER ID 61","timestamp":"2026-05-24T18:04:50.749Z"}
{"level":"info","message":"USER AUTHENTICATED: 61","timestamp":"2026-05-24T18:04:50.750Z"}
{"level":"info","message":"USER ROLE: 2","timestamp":"2026-05-24T18:04:50.751Z"}
{"level":"info","message":"ALLOWED ROLES: 2","timestamp":"2026-05-24T18:04:50.751Z"}
{"level":"info","message":"USER AUTHORIZED SUCCESSFULLY","timestamp":"2026-05-24T18:04:50.752Z"}
{"level":"info","message":"REQUEST BOOK API","timestamp":"2026-05-24T18:04:50.753Z"}
{"level":"error","message":"REQUEST BOOK ERROR BOOK_NOT_FOUND","stack":"Error: BOOK_NOT_FOUND\n    at requestBook (file:///D:/About_LexiconNetworks/Library_Management_System/backend/src/controllers/book.request.controller.js:58:13)\n    at process.processTicksAndRejections (node:internal/process/task_queues:103:5)","timestamp":"2026-05-24T18:04:50.798Z"}
{"level":"info","message":"VERIFYING JWT TOKEN","timestamp":"2026-05-24T18:04:56.465Z"}
{"level":"info","message":"JWT TOKEN VERIFIED FOR USER ID 61","timestamp":"2026-05-24T18:04:56.466Z"}
{"level":"info","message":"USER AUTHENTICATED: 61","timestamp":"2026-05-24T18:04:56.467Z"}
{"level":"info","message":"USER ROLE: 2","timestamp":"2026-05-24T18:04:56.469Z"}
{"level":"info","message":"ALLOWED ROLES: 2","timestamp":"2026-05-24T18:04:56.470Z"}
{"level":"info","message":"USER AUTHORIZED SUCCESSFULLY","timestamp":"2026-05-24T18:04:56.471Z"}
{"level":"info","message":"REQUEST BOOK API","timestamp":"2026-05-24T18:04:56.473Z"}
{"level":"error","message":"REQUEST BOOK ERROR BOOK_NOT_FOUND","stack":"Error: BOOK_NOT_FOUND\n    at requestBook (file:///D:/About_LexiconNetworks/Library_Management_System/backend/src/controllers/book.request.controller.js:58:13)\n    at process.processTicksAndRejections (node:internal/process/task_queues:103:5)","timestamp":"2026-05-24T18:04:56.476Z"}
{"level":"info","message":"VERIFYING JWT TOKEN","timestamp":"2026-05-24T18:05:14.883Z"}
{"level":"info","message":"JWT TOKEN VERIFIED FOR USER ID 61","timestamp":"2026-05-24T18:05:14.885Z"}
{"level":"info","message":"USER AUTHENTICATED: 61","timestamp":"2026-05-24T18:05:14.885Z"}
{"level":"info","message":"USER ROLE: 2","timestamp":"2026-05-24T18:05:14.887Z"}
{"level":"info","message":"ALLOWED ROLES: 2","timestamp":"2026-05-24T18:05:14.888Z"}
{"level":"info","message":"USER AUTHORIZED SUCCESSFULLY","timestamp":"2026-05-24T18:05:14.888Z"}
{"level":"info","message":"REQUEST BOOK API","timestamp":"2026-05-24T18:05:14.888Z"}
{"level":"info","message":"VERIFYING JWT TOKEN","timestamp":"2026-05-24T18:05:21.105Z"}
{"level":"info","message":"JWT TOKEN VERIFIED FOR USER ID 61","timestamp":"2026-05-24T18:05:21.107Z"}
{"level":"info","message":"USER AUTHENTICATED: 61","timestamp":"2026-05-24T18:05:21.107Z"}
{"level":"info","message":"USER ROLE: 2","timestamp":"2026-05-24T18:05:21.107Z"}
{"level":"info","message":"ALLOWED ROLES: 2","timestamp":"2026-05-24T18:05:21.108Z"}
{"level":"info","message":"USER AUTHORIZED SUCCESSFULLY","timestamp":"2026-05-24T18:05:21.108Z"}
{"level":"info","message":"REQUEST BOOK API","timestamp":"2026-05-24T18:05:21.109Z"}
{"level":"info","message":"VERIFYING JWT TOKEN","timestamp":"2026-05-24T18:05:25.626Z"}
{"level":"info","message":"JWT TOKEN VERIFIED FOR USER ID 61","timestamp":"2026-05-24T18:05:25.627Z"}
{"level":"info","message":"USER AUTHENTICATED: 61","timestamp":"2026-05-24T18:05:25.628Z"}
{"level":"info","message":"USER ROLE: 2","timestamp":"2026-05-24T18:05:25.628Z"}
{"level":"info","message":"ALLOWED ROLES: 2","timestamp":"2026-05-24T18:05:25.628Z"}
{"level":"info","message":"USER AUTHORIZED SUCCESSFULLY","timestamp":"2026-05-24T18:05:25.628Z"}
{"level":"info","message":"REQUEST BOOK API","timestamp":"2026-05-24T18:05:25.629Z"}
{"level":"info","message":"VERIFYING JWT TOKEN","timestamp":"2026-05-24T18:05:42.746Z"}
{"level":"info","message":"JWT TOKEN VERIFIED FOR USER ID 61","timestamp":"2026-05-24T18:05:42.747Z"}
{"level":"info","message":"USER AUTHENTICATED: 61","timestamp":"2026-05-24T18:05:42.748Z"}
{"level":"info","message":"USER ROLE: 2","timestamp":"2026-05-24T18:05:42.748Z"}
{"level":"info","message":"ALLOWED ROLES: 1","timestamp":"2026-05-24T18:05:42.748Z"}
{"level":"warn","message":"ACCESS DENIED - ROLE 2","timestamp":"2026-05-24T18:05:42.749Z"}
{"level":"info","message":"VERIFYING JWT TOKEN","timestamp":"2026-05-24T18:07:49.479Z"}
{"level":"info","message":"JWT TOKEN VERIFIED FOR USER ID 2","timestamp":"2026-05-24T18:07:49.480Z"}
{"level":"info","message":"USER AUTHENTICATED: 2","timestamp":"2026-05-24T18:07:49.481Z"}
{"level":"info","message":"USER ROLE: 1","timestamp":"2026-05-24T18:07:49.481Z"}
{"level":"info","message":"ALLOWED ROLES: 1","timestamp":"2026-05-24T18:07:49.481Z"}
{"level":"info","message":"USER AUTHORIZED SUCCESSFULLY","timestamp":"2026-05-24T18:07:49.482Z"}
{"level":"info","message":"GET ALL REQUESTS API","timestamp":"2026-05-24T18:07:49.482Z"}
{"level":"warn","message":"AUTH HEADER MISSING","timestamp":"2026-05-24T18:08:16.825Z"}
{"level":"info","message":"LOGIN REQUEST RECEIVED","timestamp":"2026-05-24T18:08:28.388Z"}
{"level":"info","message":"GENERATING JWT TOKEN FOR USER ID 2","timestamp":"2026-05-24T18:08:28.481Z"}
{"level":"info","message":"JWT TOKEN GENERATED FOR USER ID 2","timestamp":"2026-05-24T18:08:28.482Z"}
{"level":"info","message":"LOGIN SUCCESS:admin@gmail.com","timestamp":"2026-05-24T18:08:28.482Z"}
{"level":"info","message":"VERIFYING JWT TOKEN","timestamp":"2026-05-24T18:08:50.311Z"}
{"level":"info","message":"JWT TOKEN VERIFIED FOR USER ID 2","timestamp":"2026-05-24T18:08:50.312Z"}
{"level":"info","message":"USER AUTHENTICATED: 2","timestamp":"2026-05-24T18:08:50.313Z"}
{"level":"info","message":"USER ROLE: 1","timestamp":"2026-05-24T18:08:50.313Z"}
{"level":"info","message":"ALLOWED ROLES: 1","timestamp":"2026-05-24T18:08:50.313Z"}
{"level":"info","message":"USER AUTHORIZED SUCCESSFULLY","timestamp":"2026-05-24T18:08:50.314Z"}
{"level":"info","message":"REJECT REQUEST API","timestamp":"2026-05-24T18:08:50.315Z"}
{"level":"error","message":"REJECT REQUEST ERROR Cannot read properties of undefined (reading 'reason')","stack":"TypeError: Cannot read properties of undefined (reading 'reason')\n    at rejectRequest (file:///D:/About_LexiconNetworks/Library_Management_System/backend/src/controllers/book.request.controller.js:517:13)\n    at Layer.handleRequest (D:\\About_LexiconNetworks\\Library_Management_System\\backend\\node_modules\\router\\lib\\layer.js:152:17)\n    at next (D:\\About_LexiconNetworks\\Library_Management_System\\backend\\node_modules\\router\\lib\\route.js:157:13)\n    at file:///D:/About_LexiconNetworks/Library_Management_System/backend/src/middlewares/schema.validator.middleware.js:70:7\n    at Layer.handleRequest (D:\\About_LexiconNetworks\\Library_Management_System\\backend\\node_modules\\router\\lib\\layer.js:152:17)\n    at next (D:\\About_LexiconNetworks\\Library_Management_System\\backend\\node_modules\\router\\lib\\route.js:157:13)\n    at file:///D:/About_LexiconNetworks/Library_Management_System/backend/src/middlewares/schema.validator.middleware.js:70:7\n    at Layer.handleRequest (D:\\About_LexiconNetworks\\Library_Management_System\\backend\\node_modules\\router\\lib\\layer.js:152:17)\n    at next (D:\\About_LexiconNetworks\\Library_Management_System\\backend\\node_modules\\router\\lib\\route.js:157:13)\n    at file:///D:/About_LexiconNetworks/Library_Management_System/backend/src/middlewares/auth.middleware.js:102:7","timestamp":"2026-05-24T18:08:50.315Z"}
{"level":"info","message":"VERIFYING JWT TOKEN","timestamp":"2026-05-24T18:08:55.255Z"}
{"level":"info","message":"JWT TOKEN VERIFIED FOR USER ID 2","timestamp":"2026-05-24T18:08:55.255Z"}
{"level":"info","message":"USER AUTHENTICATED: 2","timestamp":"2026-05-24T18:08:55.256Z"}
{"level":"info","message":"USER ROLE: 1","timestamp":"2026-05-24T18:08:55.256Z"}
{"level":"info","message":"ALLOWED ROLES: 1","timestamp":"2026-05-24T18:08:55.256Z"}
{"level":"info","message":"USER AUTHORIZED SUCCESSFULLY","timestamp":"2026-05-24T18:08:55.256Z"}
{"level":"info","message":"REJECT REQUEST API","timestamp":"2026-05-24T18:08:55.257Z"}
{"level":"error","message":"REJECT REQUEST ERROR Cannot read properties of undefined (reading 'reason')","stack":"TypeError: Cannot read properties of undefined (reading 'reason')\n    at rejectRequest (file:///D:/About_LexiconNetworks/Library_Management_System/backend/src/controllers/book.request.controller.js:517:13)\n    at Layer.handleRequest (D:\\About_LexiconNetworks\\Library_Management_System\\backend\\node_modules\\router\\lib\\layer.js:152:17)\n    at next (D:\\About_LexiconNetworks\\Library_Management_System\\backend\\node_modules\\router\\lib\\route.js:157:13)\n    at file:///D:/About_LexiconNetworks/Library_Management_System/backend/src/middlewares/schema.validator.middleware.js:70:7\n    at Layer.handleRequest (D:\\About_LexiconNetworks\\Library_Management_System\\backend\\node_modules\\router\\lib\\layer.js:152:17)\n    at next (D:\\About_LexiconNetworks\\Library_Management_System\\backend\\node_modules\\router\\lib\\route.js:157:13)\n    at file:///D:/About_LexiconNetworks/Library_Management_System/backend/src/middlewares/schema.validator.middleware.js:70:7\n    at Layer.handleRequest (D:\\About_LexiconNetworks\\Library_Management_System\\backend\\node_modules\\router\\lib\\layer.js:152:17)\n    at next (D:\\About_LexiconNetworks\\Library_Management_System\\backend\\node_modules\\router\\lib\\route.js:157:13)\n    at file:///D:/About_LexiconNetworks/Library_Management_System/backend/src/middlewares/auth.middleware.js:102:7","timestamp":"2026-05-24T18:08:55.257Z"}
{"level":"info","message":"VERIFYING JWT TOKEN","timestamp":"2026-05-24T18:09:06.300Z"}
{"level":"info","message":"JWT TOKEN VERIFIED FOR USER ID 2","timestamp":"2026-05-24T18:09:06.301Z"}
{"level":"info","message":"USER AUTHENTICATED: 2","timestamp":"2026-05-24T18:09:06.301Z"}
{"level":"info","message":"USER ROLE: 1","timestamp":"2026-05-24T18:09:06.302Z"}
{"level":"info","message":"ALLOWED ROLES: 1","timestamp":"2026-05-24T18:09:06.302Z"}
{"level":"info","message":"USER AUTHORIZED SUCCESSFULLY","timestamp":"2026-05-24T18:09:06.302Z"}
{"level":"info","message":"REJECT REQUEST API","timestamp":"2026-05-24T18:09:06.303Z"}
{"code":"ENOENT","errno":-4058,"level":"error","message":"EMAIL SEND ERROR ENOENT: no such file or directory, open 'D:\\About_LexiconNetworks\\Library_Management_System\\backend\\src\\utils\\templates\\book.rejected.email.html'","path":"D:\\About_LexiconNetworks\\Library_Management_System\\backend\\src\\utils\\templates\\book.rejected.email.html","stack":"Error: ENOENT: no such file or directory, open 'D:\\About_LexiconNetworks\\Library_Management_System\\backend\\src\\utils\\templates\\book.rejected.email.html'\n    at async open (node:internal/fs/promises:639:25)\n    at async Object.readFile (node:internal/fs/promises:1249:14)\n    at async loadTemplate (file:///D:/About_LexiconNetworks/Library_Management_System/backend/src/services/email.service.js:11:10)\n    at async sendTemplateEmail (file:///D:/About_LexiconNetworks/Library_Management_System/backend/src/services/email.service.js:27:16)\n    at async sendBookRejectedEmail (file:///D:/About_LexiconNetworks/Library_Management_System/backend/src/services/email.service.js:166:10)\n    at async rejectRequest (file:///D:/About_LexiconNetworks/Library_Management_System/backend/src/controllers/book.request.controller.js:577:5)","syscall":"open","timestamp":"2026-05-24T18:09:06.508Z"}
{"code":"ENOENT","errno":-4058,"level":"error","message":"REJECT REQUEST ERROR ENOENT: no such file or directory, open 'D:\\About_LexiconNetworks\\Library_Management_System\\backend\\src\\utils\\templates\\book.rejected.email.html'","path":"D:\\About_LexiconNetworks\\Library_Management_System\\backend\\src\\utils\\templates\\book.rejected.email.html","stack":"Error: ENOENT: no such file or directory, open 'D:\\About_LexiconNetworks\\Library_Management_System\\backend\\src\\utils\\templates\\book.rejected.email.html'\n    at async open (node:internal/fs/promises:639:25)\n    at async Object.readFile (node:internal/fs/promises:1249:14)\n    at async loadTemplate (file:///D:/About_LexiconNetworks/Library_Management_System/backend/src/services/email.service.js:11:10)\n    at async sendTemplateEmail (file:///D:/About_LexiconNetworks/Library_Management_System/backend/src/services/email.service.js:27:16)\n    at async sendBookRejectedEmail (file:///D:/About_LexiconNetworks/Library_Management_System/backend/src/services/email.service.js:166:10)\n    at async rejectRequest (file:///D:/About_LexiconNetworks/Library_Management_System/backend/src/controllers/book.request.controller.js:577:5)","syscall":"open","timestamp":"2026-05-24T18:09:06.508Z"}
{"level":"info","message":"Server running on port 3000","timestamp":"2026-05-24T18:09:54.619Z"}
{"level":"info","message":"VERIFYING JWT TOKEN","timestamp":"2026-05-24T18:11:11.017Z"}
{"level":"info","message":"JWT TOKEN VERIFIED FOR USER ID 2","timestamp":"2026-05-24T18:11:11.024Z"}
{"level":"info","message":"USER AUTHENTICATED: 2","timestamp":"2026-05-24T18:11:11.025Z"}
{"level":"info","message":"USER ROLE: 1","timestamp":"2026-05-24T18:11:11.026Z"}
{"level":"info","message":"ALLOWED ROLES: 1","timestamp":"2026-05-24T18:11:11.027Z"}
{"level":"info","message":"USER AUTHORIZED SUCCESSFULLY","timestamp":"2026-05-24T18:11:11.028Z"}
{"level":"info","message":"REJECT REQUEST API","timestamp":"2026-05-24T18:11:11.030Z"}
{"level":"error","message":"REJECT REQUEST ERROR REQUEST_NOT_PENDING","stack":"Error: REQUEST_NOT_PENDING\n    at rejectRequest (file:///D:/About_LexiconNetworks/Library_Management_System/backend/src/controllers/book.request.controller.js:562:13)\n    at process.processTicksAndRejections (node:internal/process/task_queues:103:5)","timestamp":"2026-05-24T18:11:11.052Z"}
{"level":"info","message":"VERIFYING JWT TOKEN","timestamp":"2026-05-24T18:11:22.836Z"}
{"level":"info","message":"JWT TOKEN VERIFIED FOR USER ID 2","timestamp":"2026-05-24T18:11:22.838Z"}
{"level":"info","message":"USER AUTHENTICATED: 2","timestamp":"2026-05-24T18:11:22.838Z"}
{"level":"info","message":"USER ROLE: 1","timestamp":"2026-05-24T18:11:22.839Z"}
{"level":"info","message":"ALLOWED ROLES: 1","timestamp":"2026-05-24T18:11:22.839Z"}
{"level":"info","message":"USER AUTHORIZED SUCCESSFULLY","timestamp":"2026-05-24T18:11:22.839Z"}
{"level":"info","message":"REJECT REQUEST API","timestamp":"2026-05-24T18:11:22.839Z"}
{"level":"info","message":"EMAIL SENT : <9e98452d-2e5f-6a37-f25b-a4f42dd4b76a@gmail.com>","timestamp":"2026-05-24T18:11:26.196Z"}
{"level":"info","message":"VERIFYING JWT TOKEN","timestamp":"2026-05-24T18:13:18.286Z"}
{"level":"info","message":"JWT TOKEN VERIFIED FOR USER ID 2","timestamp":"2026-05-24T18:13:18.287Z"}
{"level":"info","message":"USER AUTHENTICATED: 2","timestamp":"2026-05-24T18:13:18.288Z"}
{"level":"info","message":"USER ROLE: 1","timestamp":"2026-05-24T18:13:18.288Z"}
{"level":"info","message":"ALLOWED ROLES: 1","timestamp":"2026-05-24T18:13:18.288Z"}
{"level":"info","message":"USER AUTHORIZED SUCCESSFULLY","timestamp":"2026-05-24T18:13:18.289Z"}
{"level":"info","message":"APPROVE REQUEST API","timestamp":"2026-05-24T18:13:18.290Z"}
{"code":"ENOENT","errno":-4058,"level":"error","message":"EMAIL SEND ERROR ENOENT: no such file or directory, open 'D:\\About_LexiconNetworks\\Library_Management_System\\backend\\src\\utils\\templates\\book.issued.email.html'","path":"D:\\About_LexiconNetworks\\Library_Management_System\\backend\\src\\utils\\templates\\book.issued.email.html","stack":"Error: ENOENT: no such file or directory, open 'D:\\About_LexiconNetworks\\Library_Management_System\\backend\\src\\utils\\templates\\book.issued.email.html'\n    at async open (node:internal/fs/promises:639:25)\n    at async Object.readFile (node:internal/fs/promises:1249:14)\n    at async loadTemplate (file:///D:/About_LexiconNetworks/Library_Management_System/backend/src/services/email.service.js:11:10)\n    at async sendTemplateEmail (file:///D:/About_LexiconNetworks/Library_Management_System/backend/src/services/email.service.js:27:16)\n    at async sendBookIssuedEmail (file:///D:/About_LexiconNetworks/Library_Management_System/backend/src/services/email.service.js:106:10)\n    at async approveRequest (file:///D:/About_LexiconNetworks/Library_Management_System/backend/src/controllers/book.request.controller.js:462:5)","syscall":"open","timestamp":"2026-05-24T18:13:18.375Z"}
{"code":"ENOENT","errno":-4058,"level":"error","message":"APPROVE REQUEST ERROR ENOENT: no such file or directory, open 'D:\\About_LexiconNetworks\\Library_Management_System\\backend\\src\\utils\\templates\\book.issued.email.html'","path":"D:\\About_LexiconNetworks\\Library_Management_System\\backend\\src\\utils\\templates\\book.issued.email.html","stack":"Error: ENOENT: no such file or directory, open 'D:\\About_LexiconNetworks\\Library_Management_System\\backend\\src\\utils\\templates\\book.issued.email.html'\n    at async open (node:internal/fs/promises:639:25)\n    at async Object.readFile (node:internal/fs/promises:1249:14)\n    at async loadTemplate (file:///D:/About_LexiconNetworks/Library_Management_System/backend/src/services/email.service.js:11:10)\n    at async sendTemplateEmail (file:///D:/About_LexiconNetworks/Library_Management_System/backend/src/services/email.service.js:27:16)\n    at async sendBookIssuedEmail (file:///D:/About_LexiconNetworks/Library_Management_System/backend/src/services/email.service.js:106:10)\n    at async approveRequest (file:///D:/About_LexiconNetworks/Library_Management_System/backend/src/controllers/book.request.controller.js:462:5)","syscall":"open","timestamp":"2026-05-24T18:13:18.377Z"}
{"level":"info","message":"VERIFYING JWT TOKEN","timestamp":"2026-05-24T18:13:39.593Z"}
{"level":"info","message":"JWT TOKEN VERIFIED FOR USER ID 2","timestamp":"2026-05-24T18:13:39.594Z"}
{"level":"info","message":"USER AUTHENTICATED: 2","timestamp":"2026-05-24T18:13:39.594Z"}
{"level":"info","message":"USER ROLE: 1","timestamp":"2026-05-24T18:13:39.595Z"}
{"level":"info","message":"ALLOWED ROLES: 1","timestamp":"2026-05-24T18:13:39.595Z"}
{"level":"info","message":"USER AUTHORIZED SUCCESSFULLY","timestamp":"2026-05-24T18:13:39.595Z"}
{"level":"info","message":"APPROVE REQUEST API","timestamp":"2026-05-24T18:13:39.596Z"}
{"level":"error","message":"APPROVE REQUEST ERROR REQUEST_NOT_PENDING","stack":"Error: REQUEST_NOT_PENDING\n    at approveRequest (file:///D:/About_LexiconNetworks/Library_Management_System/backend/src/controllers/book.request.controller.js:376:13)\n    at process.processTicksAndRejections (node:internal/process/task_queues:103:5)","timestamp":"2026-05-24T18:13:39.613Z"}
{"level":"info","message":"VERIFYING JWT TOKEN","timestamp":"2026-05-24T18:13:49.471Z"}
{"level":"info","message":"JWT TOKEN VERIFIED FOR USER ID 2","timestamp":"2026-05-24T18:13:49.472Z"}
{"level":"info","message":"USER AUTHENTICATED: 2","timestamp":"2026-05-24T18:13:49.473Z"}
{"level":"info","message":"USER ROLE: 1","timestamp":"2026-05-24T18:13:49.473Z"}
{"level":"info","message":"ALLOWED ROLES: 1","timestamp":"2026-05-24T18:13:49.473Z"}
{"level":"info","message":"USER AUTHORIZED SUCCESSFULLY","timestamp":"2026-05-24T18:13:49.473Z"}
{"level":"info","message":"APPROVE REQUEST API","timestamp":"2026-05-24T18:13:49.474Z"}
{"level":"info","message":"EMAIL SENT : <6bd20e7d-4f03-b8b1-b53c-a6228b58126a@gmail.com>","timestamp":"2026-05-24T18:13:52.295Z"}
{"level":"info","message":"VERIFYING JWT TOKEN","timestamp":"2026-05-24T18:15:12.425Z"}
{"level":"info","message":"JWT TOKEN VERIFIED FOR USER ID 2","timestamp":"2026-05-24T18:15:12.427Z"}
{"level":"info","message":"USER AUTHENTICATED: 2","timestamp":"2026-05-24T18:15:12.427Z"}
{"level":"info","message":"USER ROLE: 1","timestamp":"2026-05-24T18:15:12.427Z"}
{"level":"info","message":"ALLOWED ROLES: 1","timestamp":"2026-05-24T18:15:12.428Z"}
{"level":"info","message":"USER AUTHORIZED SUCCESSFULLY","timestamp":"2026-05-24T18:15:12.428Z"}
{"level":"info","message":"GET ALL REQUESTS API","timestamp":"2026-05-24T18:15:12.429Z"}
{"level":"info","message":"VERIFYING JWT TOKEN","timestamp":"2026-05-24T18:15:25.405Z"}
{"level":"info","message":"JWT TOKEN VERIFIED FOR USER ID 61","timestamp":"2026-05-24T18:15:25.406Z"}
{"level":"info","message":"USER AUTHENTICATED: 61","timestamp":"2026-05-24T18:15:25.407Z"}
{"level":"info","message":"USER ROLE: 2","timestamp":"2026-05-24T18:15:25.407Z"}
{"level":"info","message":"ALLOWED ROLES: 2","timestamp":"2026-05-24T18:15:25.407Z"}
{"level":"info","message":"USER AUTHORIZED SUCCESSFULLY","timestamp":"2026-05-24T18:15:25.407Z"}
{"level":"info","message":"REQUEST BOOK API","timestamp":"2026-05-24T18:15:25.408Z"}
{"level":"info","message":"VERIFYING JWT TOKEN","timestamp":"2026-05-24T18:15:33.505Z"}
{"level":"info","message":"JWT TOKEN VERIFIED FOR USER ID 2","timestamp":"2026-05-24T18:15:33.506Z"}
{"level":"info","message":"USER AUTHENTICATED: 2","timestamp":"2026-05-24T18:15:33.506Z"}
{"level":"info","message":"USER ROLE: 1","timestamp":"2026-05-24T18:15:33.507Z"}
{"level":"info","message":"ALLOWED ROLES: 1","timestamp":"2026-05-24T18:15:33.507Z"}
{"level":"info","message":"USER AUTHORIZED SUCCESSFULLY","timestamp":"2026-05-24T18:15:33.507Z"}
{"level":"info","message":"GET ALL REQUESTS API","timestamp":"2026-05-24T18:15:33.507Z"}
{"level":"info","message":"LOGIN REQUEST RECEIVED","timestamp":"2026-05-24T18:16:33.400Z"}
{"level":"info","message":"GENERATING JWT TOKEN FOR USER ID 61","timestamp":"2026-05-24T18:16:33.495Z"}
{"level":"info","message":"JWT TOKEN GENERATED FOR USER ID 61","timestamp":"2026-05-24T18:16:33.498Z"}
{"level":"info","message":"LOGIN SUCCESS:rkk@yopmail.com","timestamp":"2026-05-24T18:16:33.499Z"}
{"level":"info","message":"VERIFYING JWT TOKEN","timestamp":"2026-05-24T18:17:03.198Z"}
{"level":"info","message":"JWT TOKEN VERIFIED FOR USER ID 61","timestamp":"2026-05-24T18:17:03.199Z"}
{"level":"info","message":"USER AUTHENTICATED: 61","timestamp":"2026-05-24T18:17:03.199Z"}
{"level":"info","message":"USER ROLE: 2","timestamp":"2026-05-24T18:17:03.200Z"}
{"level":"info","message":"ALLOWED ROLES: 2","timestamp":"2026-05-24T18:17:03.200Z"}
{"level":"info","message":"USER AUTHORIZED SUCCESSFULLY","timestamp":"2026-05-24T18:17:03.200Z"}
{"level":"info","message":"CANCEL REQUEST API","timestamp":"2026-05-24T18:17:03.201Z"}
{"level":"info","message":"VERIFYING JWT TOKEN","timestamp":"2026-05-24T18:17:10.404Z"}
{"level":"info","message":"JWT TOKEN VERIFIED FOR USER ID 2","timestamp":"2026-05-24T18:17:10.406Z"}
{"level":"info","message":"USER AUTHENTICATED: 2","timestamp":"2026-05-24T18:17:10.406Z"}
{"level":"info","message":"USER ROLE: 1","timestamp":"2026-05-24T18:17:10.407Z"}
{"level":"info","message":"ALLOWED ROLES: 1","timestamp":"2026-05-24T18:17:10.407Z"}
{"level":"info","message":"USER AUTHORIZED SUCCESSFULLY","timestamp":"2026-05-24T18:17:10.407Z"}
{"level":"info","message":"GET ALL REQUESTS API","timestamp":"2026-05-24T18:17:10.407Z"}
{"level":"warn","message":"AUTH HEADER MISSING","timestamp":"2026-05-24T18:18:17.754Z"}
{"level":"info","message":"LOGIN REQUEST RECEIVED","timestamp":"2026-05-24T18:18:29.812Z"}
{"level":"info","message":"GENERATING JWT TOKEN FOR USER ID 2","timestamp":"2026-05-24T18:18:29.903Z"}
{"level":"info","message":"JWT TOKEN GENERATED FOR USER ID 2","timestamp":"2026-05-24T18:18:29.905Z"}
{"level":"info","message":"LOGIN SUCCESS:admin@gmail.com","timestamp":"2026-05-24T18:18:29.906Z"}
{"level":"info","message":"VERIFYING JWT TOKEN","timestamp":"2026-05-24T18:18:47.908Z"}
{"level":"info","message":"JWT TOKEN VERIFIED FOR USER ID 2","timestamp":"2026-05-24T18:18:47.908Z"}
{"level":"info","message":"USER AUTHENTICATED: 2","timestamp":"2026-05-24T18:18:47.909Z"}
{"level":"info","message":"USER ROLE: 1","timestamp":"2026-05-24T18:18:47.909Z"}
{"level":"info","message":"ALLOWED ROLES: 1","timestamp":"2026-05-24T18:18:47.909Z"}
{"level":"info","message":"USER AUTHORIZED SUCCESSFULLY","timestamp":"2026-05-24T18:18:47.910Z"}
{"code":"ER_WRONG_ARGUMENTS","errno":1210,"level":"error","message":"GET ALL ISSUES ERROR Incorrect arguments to mysqld_stmt_execute","sql":"\n      SELECT\n        i.id,\n        i.request_id,\n        i.issue_date,\n        i.due_date,\n        i.return_date,\n        i.fine_amount,\n        i.status,\n\n        u.id AS student_id,\n        CONCAT(u.first_name,' ',u.last_name)\n        AS student_name,\n        u.email,\n\n        b.id AS book_id,\n        b.title,\n        b.author,\n        b.book_num,\n        b.category\n\n      FROM issues i\n\n      JOIN users u\n        ON i.student_id = u.id\n\n      JOIN books b\n        ON i.book_id = b.id\n\n      WHERE 1=1\n    \n      ORDER BY i.created_at DESC\n      LIMIT ?\n      OFFSET ?\n    ","sqlMessage":"Incorrect arguments to mysqld_stmt_execute","sqlState":"HY000","stack":"Error: Incorrect arguments to mysqld_stmt_execute\n    at getAllIssues (file:///D:/About_LexiconNetworks/Library_Management_System/backend/src/controllers/issue.controller.js:95:31)\n    at Layer.handleRequest (D:\\About_LexiconNetworks\\Library_Management_System\\backend\\node_modules\\router\\lib\\layer.js:152:17)\n    at next (D:\\About_LexiconNetworks\\Library_Management_System\\backend\\node_modules\\router\\lib\\route.js:157:13)\n    at file:///D:/About_LexiconNetworks/Library_Management_System/backend/src/middlewares/schema.validator.middleware.js:70:7\n    at Layer.handleRequest (D:\\About_LexiconNetworks\\Library_Management_System\\backend\\node_modules\\router\\lib\\layer.js:152:17)\n    at next (D:\\About_LexiconNetworks\\Library_Management_System\\backend\\node_modules\\router\\lib\\route.js:157:13)\n    at file:///D:/About_LexiconNetworks/Library_Management_System/backend/src/middlewares/auth.middleware.js:102:7\n    at Layer.handleRequest (D:\\About_LexiconNetworks\\Library_Management_System\\backend\\node_modules\\router\\lib\\layer.js:152:17)\n    at next (D:\\About_LexiconNetworks\\Library_Management_System\\backend\\node_modules\\router\\lib\\route.js:157:13)\n    at verifyJWT (file:///D:/About_LexiconNetworks/Library_Management_System/backend/src/middlewares/auth.middleware.js:59:5)","timestamp":"2026-05-24T18:18:47.914Z"}
{"level":"info","message":"Server running on port 3000","timestamp":"2026-05-24T18:20:21.173Z"}
{"level":"info","message":"Server running on port 3000","timestamp":"2026-05-24T18:20:41.810Z"}
{"level":"info","message":"Server running on port 3000","timestamp":"2026-05-24T18:21:52.996Z"}
{"level":"info","message":"VERIFYING JWT TOKEN","timestamp":"2026-05-24T18:21:56.158Z"}
{"level":"info","message":"JWT TOKEN VERIFIED FOR USER ID 2","timestamp":"2026-05-24T18:21:56.162Z"}
{"level":"info","message":"USER AUTHENTICATED: 2","timestamp":"2026-05-24T18:21:56.162Z"}
{"level":"info","message":"USER ROLE: 1","timestamp":"2026-05-24T18:21:56.163Z"}
{"level":"info","message":"ALLOWED ROLES: 1","timestamp":"2026-05-24T18:21:56.163Z"}
{"level":"info","message":"USER AUTHORIZED SUCCESSFULLY","timestamp":"2026-05-24T18:21:56.164Z"}
{"level":"info","message":"GET ALL ISSUES API","timestamp":"2026-05-24T18:21:56.165Z"}
{"level":"info","message":"VERIFYING JWT TOKEN","timestamp":"2026-05-24T18:23:41.972Z"}
{"level":"info","message":"JWT TOKEN VERIFIED FOR USER ID 2","timestamp":"2026-05-24T18:23:41.974Z"}
{"level":"info","message":"USER AUTHENTICATED: 2","timestamp":"2026-05-24T18:23:41.974Z"}
{"level":"info","message":"USER ROLE: 1","timestamp":"2026-05-24T18:23:41.975Z"}
{"level":"info","message":"ALLOWED ROLES: 1","timestamp":"2026-05-24T18:23:41.975Z"}
{"level":"info","message":"USER AUTHORIZED SUCCESSFULLY","timestamp":"2026-05-24T18:23:41.975Z"}
{"level":"info","message":"GET ALL ISSUES API","timestamp":"2026-05-24T18:23:41.976Z"}
{"level":"info","message":"VERIFYING JWT TOKEN","timestamp":"2026-05-24T18:23:56.415Z"}
{"level":"info","message":"JWT TOKEN VERIFIED FOR USER ID 2","timestamp":"2026-05-24T18:23:56.416Z"}
{"level":"info","message":"USER AUTHENTICATED: 2","timestamp":"2026-05-24T18:23:56.417Z"}
{"level":"info","message":"USER ROLE: 1","timestamp":"2026-05-24T18:23:56.417Z"}
{"level":"info","message":"ALLOWED ROLES: 1","timestamp":"2026-05-24T18:23:56.417Z"}
{"level":"info","message":"USER AUTHORIZED SUCCESSFULLY","timestamp":"2026-05-24T18:23:56.417Z"}
{"level":"info","message":"GET ALL ISSUES API","timestamp":"2026-05-24T18:23:56.418Z"}
{"level":"info","message":"VERIFYING JWT TOKEN","timestamp":"2026-05-24T18:24:25.847Z"}
{"level":"info","message":"JWT TOKEN VERIFIED FOR USER ID 2","timestamp":"2026-05-24T18:24:25.848Z"}
{"level":"info","message":"USER AUTHENTICATED: 2","timestamp":"2026-05-24T18:24:25.848Z"}
{"level":"info","message":"USER ROLE: 1","timestamp":"2026-05-24T18:24:25.849Z"}
{"level":"info","message":"ALLOWED ROLES: 1","timestamp":"2026-05-24T18:24:25.849Z"}
{"level":"info","message":"USER AUTHORIZED SUCCESSFULLY","timestamp":"2026-05-24T18:24:25.849Z"}
{"level":"info","message":"GET ALL ISSUES API","timestamp":"2026-05-24T18:24:25.849Z"}
{"level":"info","message":"VERIFYING JWT TOKEN","timestamp":"2026-05-24T18:26:12.839Z"}
{"level":"info","message":"JWT TOKEN VERIFIED FOR USER ID 2","timestamp":"2026-05-24T18:26:12.840Z"}
{"level":"info","message":"USER AUTHENTICATED: 2","timestamp":"2026-05-24T18:26:12.840Z"}
{"level":"info","message":"USER ROLE: 1","timestamp":"2026-05-24T18:26:12.841Z"}
{"level":"info","message":"ALLOWED ROLES: 1","timestamp":"2026-05-24T18:26:12.841Z"}
{"level":"info","message":"USER AUTHORIZED SUCCESSFULLY","timestamp":"2026-05-24T18:26:12.841Z"}
{"level":"info","message":"VERIFYING JWT TOKEN","timestamp":"2026-05-24T18:26:26.538Z"}
{"level":"info","message":"JWT TOKEN VERIFIED FOR USER ID 2","timestamp":"2026-05-24T18:26:26.539Z"}
{"level":"info","message":"USER AUTHENTICATED: 2","timestamp":"2026-05-24T18:26:26.539Z"}
{"level":"info","message":"USER ROLE: 1","timestamp":"2026-05-24T18:26:26.539Z"}
{"level":"info","message":"ALLOWED ROLES: 1","timestamp":"2026-05-24T18:26:26.540Z"}
{"level":"info","message":"USER AUTHORIZED SUCCESSFULLY","timestamp":"2026-05-24T18:26:26.540Z"}
{"level":"error","message":"GET ISSUE BY ID ERROR ISSUE_NOT_FOUND","stack":"Error: ISSUE_NOT_FOUND\n    at getIssueById (file:///D:/About_LexiconNetworks/Library_Management_System/backend/src/controllers/issue.controller.js:151:13)\n    at process.processTicksAndRejections (node:internal/process/task_queues:103:5)","timestamp":"2026-05-24T18:26:26.542Z"}
{"level":"warn","message":"AUTH HEADER MISSING","timestamp":"2026-05-24T18:27:20.122Z"}
{"level":"info","message":"VERIFYING JWT TOKEN","timestamp":"2026-05-24T18:27:28.552Z"}
{"level":"info","message":"JWT TOKEN VERIFIED FOR USER ID 2","timestamp":"2026-05-24T18:27:28.553Z"}
{"level":"info","message":"USER AUTHENTICATED: 2","timestamp":"2026-05-24T18:27:28.554Z"}
{"level":"info","message":"USER ROLE: 1","timestamp":"2026-05-24T18:27:28.554Z"}
{"level":"info","message":"ALLOWED ROLES: 1","timestamp":"2026-05-24T18:27:28.554Z"}
{"level":"info","message":"USER AUTHORIZED SUCCESSFULLY","timestamp":"2026-05-24T18:27:28.554Z"}
{"level":"info","message":"VERIFYING JWT TOKEN","timestamp":"2026-05-24T18:27:31.921Z"}
{"level":"info","message":"JWT TOKEN VERIFIED FOR USER ID 2","timestamp":"2026-05-24T18:27:31.921Z"}
{"level":"info","message":"USER AUTHENTICATED: 2","timestamp":"2026-05-24T18:27:31.922Z"}
{"level":"info","message":"USER ROLE: 1","timestamp":"2026-05-24T18:27:31.922Z"}
{"level":"info","message":"ALLOWED ROLES: 1","timestamp":"2026-05-24T18:27:31.922Z"}
{"level":"info","message":"USER AUTHORIZED SUCCESSFULLY","timestamp":"2026-05-24T18:27:31.922Z"}
{"level":"error","message":"RETURN ISSUE ERROR BOOK_ALREADY_RETURNED","stack":"Error: BOOK_ALREADY_RETURNED\n    at returnIssue (file:///D:/About_LexiconNetworks/Library_Management_System/backend/src/controllers/issue.controller.js:212:13)\n    at process.processTicksAndRejections (node:internal/process/task_queues:103:5)","timestamp":"2026-05-24T18:27:31.926Z"}
{"level":"info","message":"LOGIN REQUEST RECEIVED","timestamp":"2026-05-24T18:28:08.002Z"}
{"level":"info","message":"GENERATING JWT TOKEN FOR USER ID 61","timestamp":"2026-05-24T18:28:08.111Z"}
{"level":"info","message":"JWT TOKEN GENERATED FOR USER ID 61","timestamp":"2026-05-24T18:28:08.113Z"}
{"level":"info","message":"LOGIN SUCCESS:rkk@yopmail.com","timestamp":"2026-05-24T18:28:08.114Z"}
{"level":"info","message":"VERIFYING JWT TOKEN","timestamp":"2026-05-24T18:28:42.706Z"}
{"level":"info","message":"JWT TOKEN VERIFIED FOR USER ID 61","timestamp":"2026-05-24T18:28:42.708Z"}
{"level":"info","message":"USER AUTHENTICATED: 61","timestamp":"2026-05-24T18:28:42.709Z"}
{"level":"info","message":"USER ROLE: 2","timestamp":"2026-05-24T18:28:42.709Z"}
{"level":"info","message":"ALLOWED ROLES: 1","timestamp":"2026-05-24T18:28:42.709Z"}
{"level":"warn","message":"ACCESS DENIED - ROLE 2","timestamp":"2026-05-24T18:28:42.710Z"}
{"level":"info","message":"VERIFYING JWT TOKEN","timestamp":"2026-05-24T18:28:55.204Z"}
{"level":"info","message":"JWT TOKEN VERIFIED FOR USER ID 61","timestamp":"2026-05-24T18:28:55.205Z"}
{"level":"info","message":"USER AUTHENTICATED: 61","timestamp":"2026-05-24T18:28:55.206Z"}
{"level":"info","message":"USER ROLE: 2","timestamp":"2026-05-24T18:28:55.206Z"}
{"level":"info","message":"ALLOWED ROLES: 2","timestamp":"2026-05-24T18:28:55.206Z"}
{"level":"info","message":"USER AUTHORIZED SUCCESSFULLY","timestamp":"2026-05-24T18:28:55.207Z"}
{"level":"info","message":"VERIFYING JWT TOKEN","timestamp":"2026-05-24T18:31:25.907Z"}
{"level":"info","message":"JWT TOKEN VERIFIED FOR USER ID 2","timestamp":"2026-05-24T18:31:25.908Z"}
{"level":"info","message":"USER AUTHENTICATED: 2","timestamp":"2026-05-24T18:31:25.908Z"}
{"level":"info","message":"USER ROLE: 1","timestamp":"2026-05-24T18:31:25.908Z"}
{"level":"info","message":"ALLOWED ROLES: 1","timestamp":"2026-05-24T18:31:25.908Z"}
{"level":"info","message":"USER AUTHORIZED SUCCESSFULLY","timestamp":"2026-05-24T18:31:25.909Z"}
{"code":"ER_WRONG_ARGUMENTS","errno":1210,"level":"error","message":"GET ALL ROLES ERROR Incorrect arguments to mysqld_stmt_execute","sql":"\n      SELECT *\n      FROM roles\n      ORDER BY id ASC\n      LIMIT ?\n      OFFSET ?\n      ","sqlMessage":"Incorrect arguments to mysqld_stmt_execute","sqlState":"HY000","stack":"Error: Incorrect arguments to mysqld_stmt_execute\n    at getAllRoles (file:///D:/About_LexiconNetworks/Library_Management_System/backend/src/controllers/role.controller.js:79:31)\n    at Layer.handleRequest (D:\\About_LexiconNetworks\\Library_Management_System\\backend\\node_modules\\router\\lib\\layer.js:152:17)\n    at next (D:\\About_LexiconNetworks\\Library_Management_System\\backend\\node_modules\\router\\lib\\route.js:157:13)\n    at file:///D:/About_LexiconNetworks/Library_Management_System/backend/src/middlewares/schema.validator.middleware.js:70:7\n    at Layer.handleRequest (D:\\About_LexiconNetworks\\Library_Management_System\\backend\\node_modules\\router\\lib\\layer.js:152:17)\n    at next (D:\\About_LexiconNetworks\\Library_Management_System\\backend\\node_modules\\router\\lib\\route.js:157:13)\n    at file:///D:/About_LexiconNetworks/Library_Management_System/backend/src/middlewares/auth.middleware.js:102:7\n    at Layer.handleRequest (D:\\About_LexiconNetworks\\Library_Management_System\\backend\\node_modules\\router\\lib\\layer.js:152:17)\n    at next (D:\\About_LexiconNetworks\\Library_Management_System\\backend\\node_modules\\router\\lib\\route.js:157:13)\n    at verifyJWT (file:///D:/About_LexiconNetworks/Library_Management_System/backend/src/middlewares/auth.middleware.js:59:5)","timestamp":"2026-05-24T18:31:25.911Z"}
{"level":"info","message":"VERIFYING JWT TOKEN","timestamp":"2026-05-24T18:31:32.248Z"}
{"level":"info","message":"JWT TOKEN VERIFIED FOR USER ID 2","timestamp":"2026-05-24T18:31:32.249Z"}
{"level":"info","message":"USER AUTHENTICATED: 2","timestamp":"2026-05-24T18:31:32.249Z"}
{"level":"info","message":"USER ROLE: 1","timestamp":"2026-05-24T18:31:32.250Z"}
{"level":"info","message":"ALLOWED ROLES: 1","timestamp":"2026-05-24T18:31:32.250Z"}
{"level":"info","message":"USER AUTHORIZED SUCCESSFULLY","timestamp":"2026-05-24T18:31:32.250Z"}
{"level":"error","message":"CREATE ROLE ERROR ROLE_ALREADY_EXISTS","stack":"Error: ROLE_ALREADY_EXISTS\n    at createRole (file:///D:/About_LexiconNetworks/Library_Management_System/backend/src/controllers/role.controller.js:27:13)\n    at process.processTicksAndRejections (node:internal/process/task_queues:103:5)","timestamp":"2026-05-24T18:31:32.253Z"}
{"level":"info","message":"VERIFYING JWT TOKEN","timestamp":"2026-05-24T18:31:50.632Z"}
{"level":"info","message":"JWT TOKEN VERIFIED FOR USER ID 2","timestamp":"2026-05-24T18:31:50.633Z"}
{"level":"info","message":"USER AUTHENTICATED: 2","timestamp":"2026-05-24T18:31:50.633Z"}
{"level":"info","message":"USER ROLE: 1","timestamp":"2026-05-24T18:31:50.633Z"}
{"level":"info","message":"ALLOWED ROLES: 1","timestamp":"2026-05-24T18:31:50.634Z"}
{"level":"info","message":"USER AUTHORIZED SUCCESSFULLY","timestamp":"2026-05-24T18:31:50.634Z"}
{"0":{"instancePath":"/role_name","keyword":"minLength","message":"must NOT have fewer than 1 characters","params":{"limit":1},"schemaPath":"#/properties/role_name/minLength"},"level":"warn","message":"AJV VALIDATION FAILED","timestamp":"2026-05-24T18:31:50.634Z"}
{"level":"info","message":"VERIFYING JWT TOKEN","timestamp":"2026-05-24T18:32:00.674Z"}
{"level":"info","message":"JWT TOKEN VERIFIED FOR USER ID 2","timestamp":"2026-05-24T18:32:00.674Z"}
{"level":"info","message":"USER AUTHENTICATED: 2","timestamp":"2026-05-24T18:32:00.675Z"}
{"level":"info","message":"USER ROLE: 1","timestamp":"2026-05-24T18:32:00.675Z"}
{"level":"info","message":"ALLOWED ROLES: 1","timestamp":"2026-05-24T18:32:00.675Z"}
{"level":"info","message":"USER AUTHORIZED SUCCESSFULLY","timestamp":"2026-05-24T18:32:00.675Z"}
{"0":{"instancePath":"","keyword":"required","message":"must have required property 'role_name'","params":{"missingProperty":"role_name"},"schemaPath":"#/required"},"level":"warn","message":"AJV VALIDATION FAILED","timestamp":"2026-05-24T18:32:00.676Z"}
{"level":"warn","message":"AUTH HEADER MISSING","timestamp":"2026-05-24T18:32:29.777Z"}
{"level":"info","message":"VERIFYING JWT TOKEN","timestamp":"2026-05-24T18:32:50.997Z"}
{"level":"info","message":"JWT TOKEN VERIFIED FOR USER ID 61","timestamp":"2026-05-24T18:32:50.998Z"}
{"level":"info","message":"USER AUTHENTICATED: 61","timestamp":"2026-05-24T18:32:50.999Z"}
{"level":"info","message":"USER ROLE: 2","timestamp":"2026-05-24T18:32:50.999Z"}
{"level":"info","message":"ALLOWED ROLES: 1","timestamp":"2026-05-24T18:32:50.999Z"}
{"level":"warn","message":"ACCESS DENIED - ROLE 2","timestamp":"2026-05-24T18:32:51.000Z"}
{"level":"info","message":"LOGIN REQUEST RECEIVED","timestamp":"2026-05-24T18:33:05.071Z"}
{"level":"info","message":"GENERATING JWT TOKEN FOR USER ID 2","timestamp":"2026-05-24T18:33:05.162Z"}
{"level":"info","message":"JWT TOKEN GENERATED FOR USER ID 2","timestamp":"2026-05-24T18:33:05.164Z"}
{"level":"info","message":"LOGIN SUCCESS:admin@gmail.com","timestamp":"2026-05-24T18:33:05.164Z"}
{"level":"info","message":"VERIFYING JWT TOKEN","timestamp":"2026-05-24T18:33:18.056Z"}
{"level":"info","message":"JWT TOKEN VERIFIED FOR USER ID 2","timestamp":"2026-05-24T18:33:18.057Z"}
{"level":"info","message":"USER AUTHENTICATED: 2","timestamp":"2026-05-24T18:33:18.057Z"}
{"level":"info","message":"USER ROLE: 1","timestamp":"2026-05-24T18:33:18.058Z"}
{"level":"info","message":"ALLOWED ROLES: 1","timestamp":"2026-05-24T18:33:18.058Z"}
{"level":"info","message":"USER AUTHORIZED SUCCESSFULLY","timestamp":"2026-05-24T18:33:18.058Z"}
{"level":"info","message":"GET ALL REQUESTS API","timestamp":"2026-05-24T18:33:18.059Z"}
{"level":"info","message":"VERIFYING JWT TOKEN","timestamp":"2026-05-24T18:33:31.273Z"}
{"level":"info","message":"JWT TOKEN VERIFIED FOR USER ID 2","timestamp":"2026-05-24T18:33:31.274Z"}
{"level":"info","message":"USER AUTHENTICATED: 2","timestamp":"2026-05-24T18:33:31.275Z"}
{"level":"info","message":"USER ROLE: 1","timestamp":"2026-05-24T18:33:31.275Z"}
{"level":"info","message":"ALLOWED ROLES: 1","timestamp":"2026-05-24T18:33:31.275Z"}
{"level":"info","message":"USER AUTHORIZED SUCCESSFULLY","timestamp":"2026-05-24T18:33:31.275Z"}
{"code":"ER_WRONG_ARGUMENTS","errno":1210,"level":"error","message":"GET ALL ROLES ERROR Incorrect arguments to mysqld_stmt_execute","sql":"\n      SELECT *\n      FROM roles\n      ORDER BY id ASC\n      LIMIT ?\n      OFFSET ?\n      ","sqlMessage":"Incorrect arguments to mysqld_stmt_execute","sqlState":"HY000","stack":"Error: Incorrect arguments to mysqld_stmt_execute\n    at getAllRoles (file:///D:/About_LexiconNetworks/Library_Management_System/backend/src/controllers/role.controller.js:79:31)\n    at Layer.handleRequest (D:\\About_LexiconNetworks\\Library_Management_System\\backend\\node_modules\\router\\lib\\layer.js:152:17)\n    at next (D:\\About_LexiconNetworks\\Library_Management_System\\backend\\node_modules\\router\\lib\\route.js:157:13)\n    at file:///D:/About_LexiconNetworks/Library_Management_System/backend/src/middlewares/schema.validator.middleware.js:70:7\n    at Layer.handleRequest (D:\\About_LexiconNetworks\\Library_Management_System\\backend\\node_modules\\router\\lib\\layer.js:152:17)\n    at next (D:\\About_LexiconNetworks\\Library_Management_System\\backend\\node_modules\\router\\lib\\route.js:157:13)\n    at file:///D:/About_LexiconNetworks/Library_Management_System/backend/src/middlewares/auth.middleware.js:102:7\n    at Layer.handleRequest (D:\\About_LexiconNetworks\\Library_Management_System\\backend\\node_modules\\router\\lib\\layer.js:152:17)\n    at next (D:\\About_LexiconNetworks\\Library_Management_System\\backend\\node_modules\\router\\lib\\route.js:157:13)\n    at verifyJWT (file:///D:/About_LexiconNetworks/Library_Management_System/backend/src/middlewares/auth.middleware.js:59:5)","timestamp":"2026-05-24T18:33:31.277Z"}
{"level":"info","message":"Server running on port 3000","timestamp":"2026-05-24T18:34:24.025Z"}
{"level":"info","message":"Server running on port 3000","timestamp":"2026-05-24T18:35:07.263Z"}
{"level":"info","message":"VERIFYING JWT TOKEN","timestamp":"2026-05-24T18:35:21.978Z"}
{"level":"info","message":"JWT TOKEN VERIFIED FOR USER ID 2","timestamp":"2026-05-24T18:35:21.982Z"}
{"level":"info","message":"USER AUTHENTICATED: 2","timestamp":"2026-05-24T18:35:21.983Z"}
{"level":"info","message":"USER ROLE: 1","timestamp":"2026-05-24T18:35:21.984Z"}
{"level":"info","message":"ALLOWED ROLES: 1","timestamp":"2026-05-24T18:35:21.984Z"}
{"level":"info","message":"USER AUTHORIZED SUCCESSFULLY","timestamp":"2026-05-24T18:35:21.985Z"}
{"level":"error","message":"GET ALL ROLES ERROR buildFilterQuery is not defined","stack":"ReferenceError: buildFilterQuery is not defined\n    at getAllRoles (file:///D:/About_LexiconNetworks/Library_Management_System/backend/src/controllers/role.controller.js:77:29)\n    at Layer.handleRequest (D:\\About_LexiconNetworks\\Library_Management_System\\backend\\node_modules\\router\\lib\\layer.js:152:17)\n    at next (D:\\About_LexiconNetworks\\Library_Management_System\\backend\\node_modules\\router\\lib\\route.js:157:13)\n    at file:///D:/About_LexiconNetworks/Library_Management_System/backend/src/middlewares/schema.validator.middleware.js:70:7\n    at Layer.handleRequest (D:\\About_LexiconNetworks\\Library_Management_System\\backend\\node_modules\\router\\lib\\layer.js:152:17)\n    at next (D:\\About_LexiconNetworks\\Library_Management_System\\backend\\node_modules\\router\\lib\\route.js:157:13)\n    at file:///D:/About_LexiconNetworks/Library_Management_System/backend/src/middlewares/auth.middleware.js:102:7\n    at Layer.handleRequest (D:\\About_LexiconNetworks\\Library_Management_System\\backend\\node_modules\\router\\lib\\layer.js:152:17)\n    at next (D:\\About_LexiconNetworks\\Library_Management_System\\backend\\node_modules\\router\\lib\\route.js:157:13)\n    at verifyJWT (file:///D:/About_LexiconNetworks/Library_Management_System/backend/src/middlewares/auth.middleware.js:59:5)","timestamp":"2026-05-24T18:35:22.005Z"}
{"level":"info","message":"Server running on port 3000","timestamp":"2026-05-24T18:35:35.725Z"}
{"level":"info","message":"VERIFYING JWT TOKEN","timestamp":"2026-05-24T18:35:38.851Z"}
{"level":"info","message":"JWT TOKEN VERIFIED FOR USER ID 2","timestamp":"2026-05-24T18:35:38.857Z"}
{"level":"info","message":"USER AUTHENTICATED: 2","timestamp":"2026-05-24T18:35:38.858Z"}
{"level":"info","message":"USER ROLE: 1","timestamp":"2026-05-24T18:35:38.859Z"}
{"level":"info","message":"ALLOWED ROLES: 1","timestamp":"2026-05-24T18:35:38.860Z"}
{"level":"info","message":"USER AUTHORIZED SUCCESSFULLY","timestamp":"2026-05-24T18:35:38.860Z"}
{"level":"info","message":"Server running on port 3000","timestamp":"2026-05-24T18:51:52.922Z"}
{"level":"info","message":"Server running on port 3000","timestamp":"2026-05-24T18:52:29.346Z"}
{"level":"info","message":"Server running on port 3000","timestamp":"2026-05-24T18:52:51.214Z"}
{"level":"info","message":"Server running on port 3000","timestamp":"2026-05-24T18:53:52.570Z"}
{"level":"info","message":"Server running on port 3000","timestamp":"2026-05-24T18:54:37.125Z"}
{"level":"info","message":"Server running on port 3000","timestamp":"2026-05-25T05:16:37.876Z"}
{"level":"info","message":"VERIFYING JWT TOKEN","timestamp":"2026-05-25T05:33:45.708Z"}
{"level":"info","message":"JWT TOKEN VERIFIED FOR USER ID 2","timestamp":"2026-05-25T05:33:45.718Z"}
{"level":"info","message":"USER AUTHENTICATED: 2","timestamp":"2026-05-25T05:33:45.718Z"}
{"level":"info","message":"USER ROLE: 1","timestamp":"2026-05-25T05:33:45.719Z"}
{"level":"info","message":"ALLOWED ROLES: 1","timestamp":"2026-05-25T05:33:45.719Z"}
{"level":"info","message":"USER AUTHORIZED SUCCESSFULLY","timestamp":"2026-05-25T05:33:45.720Z"}
{"level":"warn","message":"AUTH HEADER MISSING","timestamp":"2026-05-25T05:34:13.751Z"}
{"level":"info","message":"LOGIN REQUEST RECEIVED","timestamp":"2026-05-25T05:34:21.677Z"}
{"level":"info","message":"GENERATING JWT TOKEN FOR USER ID 2","timestamp":"2026-05-25T05:34:21.856Z"}
{"level":"info","message":"JWT TOKEN GENERATED FOR USER ID 2","timestamp":"2026-05-25T05:34:21.859Z"}
{"level":"info","message":"LOGIN SUCCESS:admin@gmail.com","timestamp":"2026-05-25T05:34:21.860Z"}
{"level":"info","message":"VERIFYING JWT TOKEN","timestamp":"2026-05-25T05:34:39.158Z"}
{"level":"info","message":"JWT TOKEN VERIFIED FOR USER ID 2","timestamp":"2026-05-25T05:34:39.159Z"}
{"level":"info","message":"USER AUTHENTICATED: 2","timestamp":"2026-05-25T05:34:39.160Z"}
{"level":"info","message":"USER ROLE: 1","timestamp":"2026-05-25T05:34:39.160Z"}
{"level":"info","message":"ALLOWED ROLES: 1","timestamp":"2026-05-25T05:34:39.160Z"}
{"level":"info","message":"USER AUTHORIZED SUCCESSFULLY","timestamp":"2026-05-25T05:34:39.161Z"}
{"level":"info","message":"VERIFYING JWT TOKEN","timestamp":"2026-05-25T05:35:41.391Z"}
{"level":"info","message":"JWT TOKEN VERIFIED FOR USER ID 2","timestamp":"2026-05-25T05:35:41.392Z"}
{"level":"info","message":"USER AUTHENTICATED: 2","timestamp":"2026-05-25T05:35:41.393Z"}
{"level":"info","message":"USER ROLE: 1","timestamp":"2026-05-25T05:35:41.393Z"}
{"level":"info","message":"ALLOWED ROLES: 1","timestamp":"2026-05-25T05:35:41.393Z"}
{"level":"info","message":"USER AUTHORIZED SUCCESSFULLY","timestamp":"2026-05-25T05:35:41.394Z"}
{"0":{"instancePath":"","keyword":"minProperties","message":"must NOT have fewer than 1 properties","params":{"limit":1},"schemaPath":"#/minProperties"},"level":"warn","message":"AJV VALIDATION FAILED","timestamp":"2026-05-25T05:35:41.395Z"}
{"level":"info","message":"VERIFYING JWT TOKEN","timestamp":"2026-05-25T05:35:55.947Z"}
{"expiredAt":"2026-05-23T09:22:46.000Z","level":"error","message":"JWT VERIFICATION FAILED jwt expired","name":"TokenExpiredError","stack":"TokenExpiredError: jwt expired\n    at D:\\About_LexiconNetworks\\Library_Management_System\\backend\\node_modules\\jsonwebtoken\\verify.js:190:21\n    at getSecret (D:\\About_LexiconNetworks\\Library_Management_System\\backend\\node_modules\\jsonwebtoken\\verify.js:97:14)\n    at module.exports [as verify] (D:\\About_LexiconNetworks\\Library_Management_System\\backend\\node_modules\\jsonwebtoken\\verify.js:101:10)\n    at verifyToken (file:///D:/About_LexiconNetworks/Library_Management_System/backend/src/services/jwt.service.js:50:23)\n    at verifyJWT (file:///D:/About_LexiconNetworks/Library_Management_System/backend/src/middlewares/auth.middleware.js:50:21)\n    at Layer.handleRequest (D:\\About_LexiconNetworks\\Library_Management_System\\backend\\node_modules\\router\\lib\\layer.js:152:17)\n    at next (D:\\About_LexiconNetworks\\Library_Management_System\\backend\\node_modules\\router\\lib\\route.js:157:13)\n    at Route.dispatch (D:\\About_LexiconNetworks\\Library_Management_System\\backend\\node_modules\\router\\lib\\route.js:117:3)\n    at handle (D:\\About_LexiconNetworks\\Library_Management_System\\backend\\node_modules\\router\\index.js:435:11)\n    at Layer.handleRequest (D:\\About_LexiconNetworks\\Library_Management_System\\backend\\node_modules\\router\\lib\\layer.js:152:17)","timestamp":"2026-05-25T05:35:55.950Z"}
{"level":"info","message":"VERIFYING JWT TOKEN","timestamp":"2026-05-25T05:36:03.431Z"}
{"level":"info","message":"JWT TOKEN VERIFIED FOR USER ID 2","timestamp":"2026-05-25T05:36:03.433Z"}
{"level":"info","message":"USER AUTHENTICATED: 2","timestamp":"2026-05-25T05:36:03.434Z"}
{"level":"info","message":"Server running on port 3000","timestamp":"2026-05-25T06:07:15.399Z"}
{"level":"info","message":"Server running on port 3000","timestamp":"2026-05-25T06:07:22.422Z"}
{"level":"info","message":"Server running on port 3000","timestamp":"2026-05-25T06:07:24.968Z"}
{"level":"info","message":"Server running on port 3000","timestamp":"2026-05-25T08:11:13.538Z"}
{"level":"info","message":"Server running on port 3000","timestamp":"2026-05-25T08:20:52.496Z"}
{"level":"info","message":"Server running on port 3000","timestamp":"2026-05-25T08:21:06.761Z"}
{"level":"info","message":"Server running on port 3000","timestamp":"2026-05-25T08:22:41.497Z"}
{"level":"info","message":"Server running on port 3000","timestamp":"2026-05-25T08:22:45.890Z"}
{"level":"info","message":"Server running on port 3000","timestamp":"2026-05-25T08:22:48.367Z"}
{"level":"info","message":"Server running on port 3000","timestamp":"2026-05-25T08:22:50.276Z"}
{"level":"info","message":"Server running on port 3000","timestamp":"2026-05-25T08:22:53.787Z"}
{"level":"info","message":"Server running on port 3000","timestamp":"2026-05-25T08:22:56.828Z"}
{"level":"info","message":"Server running on port 3000","timestamp":"2026-05-25T08:23:32.072Z"}
{"level":"info","message":"Server running on port 3000","timestamp":"2026-05-25T08:23:33.667Z"}
{"level":"info","message":"Server running on port 3000","timestamp":"2026-05-25T08:27:01.432Z"}
{"level":"info","message":"Server running on port 3000","timestamp":"2026-05-25T09:02:39.017Z"}
{"level":"info","message":"Server running on port 3000","timestamp":"2026-05-25T09:02:40.192Z"}
{"level":"info","message":"Server running on port 3000","timestamp":"2026-05-25T09:02:58.531Z"}
{"level":"info","message":"Server running on port 3000","timestamp":"2026-05-25T09:03:09.640Z"}
{"level":"info","message":"Server running on port 3000","timestamp":"2026-05-25T09:03:18.533Z"}
{"level":"info","message":"Server running on port 3000","timestamp":"2026-05-25T09:03:25.840Z"}
{"level":"info","message":"Server running on port 3000","timestamp":"2026-05-25T09:03:42.820Z"}
{"level":"info","message":"Server running on port 3000","timestamp":"2026-05-25T09:04:03.483Z"}
{"level":"info","message":"Server running on port 3000","timestamp":"2026-05-25T09:04:24.660Z"}
{"level":"info","message":"Server running on port 3000","timestamp":"2026-05-25T09:17:41.104Z"}
{"level":"info","message":"Server running on port 3000","timestamp":"2026-05-25T09:17:47.006Z"}
{"level":"info","message":"Server running on port 3000","timestamp":"2026-05-25T09:17:50.410Z"}
{"level":"info","message":"Server running on port 3000","timestamp":"2026-05-25T09:18:02.904Z"}
{"level":"info","message":"Server running on port 3000","timestamp":"2026-05-25T09:18:08.806Z"}
{"level":"info","message":"Server running on port 3000","timestamp":"2026-05-25T09:18:13.594Z"}
{"level":"info","message":"Server running on port 3000","timestamp":"2026-05-25T09:18:18.435Z"}
{"level":"info","message":"Server running on port 3000","timestamp":"2026-05-25T09:18:21.553Z"}
{"level":"info","message":"Server running on port 3000","timestamp":"2026-05-25T09:18:27.194Z"}
{"level":"info","message":"Server running on port 3000","timestamp":"2026-05-25T09:18:30.379Z"}
{"level":"info","message":"Server running on port 3000","timestamp":"2026-05-25T09:18:36.477Z"}
{"level":"info","message":"Server running on port 3000","timestamp":"2026-05-25T09:18:38.051Z"}
{"level":"info","message":"Server running on port 3000","timestamp":"2026-05-25T09:29:17.375Z"}
{"level":"info","message":"Server running on port 3000","timestamp":"2026-05-25T09:29:24.735Z"}
{"level":"info","message":"Server running on port 3000","timestamp":"2026-05-25T09:29:29.883Z"}
{"level":"info","message":"Server running on port 3000","timestamp":"2026-05-25T09:29:32.936Z"}
{"level":"info","message":"Server running on port 3000","timestamp":"2026-05-25T09:30:48.606Z"}
{"level":"info","message":"Server running on port 3000","timestamp":"2026-05-25T09:31:01.349Z"}
{"level":"info","message":"Server running on port 3000","timestamp":"2026-05-25T09:31:54.468Z"}
{"level":"info","message":"Server running on port 3000","timestamp":"2026-05-25T09:39:26.669Z"}
{"level":"info","message":"GENERATING JWT TOKEN FOR USER ID 2","timestamp":"2026-05-25T10:53:50.989Z"}
{"level":"info","message":"JWT TOKEN GENERATED FOR USER ID 2","timestamp":"2026-05-25T10:53:50.998Z"}
{"level":"info","message":"LOGIN SUCCESS:admin@gmail.com","timestamp":"2026-05-25T10:53:51.001Z"}
{"level":"info","message":"VERIFYING JWT TOKEN","timestamp":"2026-05-25T10:54:08.139Z"}
{"level":"info","message":"JWT TOKEN VERIFIED FOR USER ID 2","timestamp":"2026-05-25T10:54:08.145Z"}
{"level":"info","message":"USER AUTHENTICATED: 2","timestamp":"2026-05-25T10:54:08.146Z"}
{"level":"info","message":"USER ROLE: 1","timestamp":"2026-05-25T10:54:08.147Z"}
{"level":"info","message":"ALLOWED ROLES: 1","timestamp":"2026-05-25T10:54:08.147Z"}
{"level":"info","message":"USER AUTHORIZED SUCCESSFULLY","timestamp":"2026-05-25T10:54:08.149Z"}
{"level":"info","message":"GET ALL ISSUES API","timestamp":"2026-05-25T10:54:08.151Z"}
{"level":"info","message":"VERIFYING JWT TOKEN","timestamp":"2026-05-25T10:54:29.953Z"}
{"level":"info","message":"JWT TOKEN VERIFIED FOR USER ID 2","timestamp":"2026-05-25T10:54:29.954Z"}
{"level":"info","message":"USER AUTHENTICATED: 2","timestamp":"2026-05-25T10:54:29.954Z"}
{"level":"info","message":"USER ROLE: 1","timestamp":"2026-05-25T10:54:29.955Z"}
{"level":"info","message":"ALLOWED ROLES: 1","timestamp":"2026-05-25T10:54:29.955Z"}
{"level":"info","message":"USER AUTHORIZED SUCCESSFULLY","timestamp":"2026-05-25T10:54:29.955Z"}
{"level":"error","message":"GET ISSUE BY ID ERROR ISSUE_NOT_FOUND","stack":"Error: ISSUE_NOT_FOUND\n    at getIssueById (file:///D:/About_LexiconNetworks/Library_Management_System/backend/src/controllers/issue.controller.js:210:13)\n    at process.processTicksAndRejections (node:internal/process/task_queues:103:5)","timestamp":"2026-05-25T10:54:30.120Z"}
{"level":"info","message":"VERIFYING JWT TOKEN","timestamp":"2026-05-25T10:54:38.646Z"}
{"level":"info","message":"JWT TOKEN VERIFIED FOR USER ID 2","timestamp":"2026-05-25T10:54:38.647Z"}
{"level":"info","message":"USER AUTHENTICATED: 2","timestamp":"2026-05-25T10:54:38.648Z"}
{"level":"info","message":"USER ROLE: 1","timestamp":"2026-05-25T10:54:38.648Z"}
{"level":"info","message":"ALLOWED ROLES: 1","timestamp":"2026-05-25T10:54:38.648Z"}
{"level":"info","message":"USER AUTHORIZED SUCCESSFULLY","timestamp":"2026-05-25T10:54:38.648Z"}
{"level":"info","message":"VERIFYING JWT TOKEN","timestamp":"2026-05-25T10:54:51.620Z"}
{"level":"info","message":"JWT TOKEN VERIFIED FOR USER ID 61","timestamp":"2026-05-25T10:54:51.621Z"}
{"level":"info","message":"USER AUTHENTICATED: 61","timestamp":"2026-05-25T10:54:51.622Z"}
{"level":"info","message":"USER ROLE: 2","timestamp":"2026-05-25T10:54:51.622Z"}
{"level":"info","message":"ALLOWED ROLES: 2","timestamp":"2026-05-25T10:54:51.622Z"}
{"level":"info","message":"USER AUTHORIZED SUCCESSFULLY","timestamp":"2026-05-25T10:54:51.622Z"}
{"level":"error","message":"REQUEST BOOK ERROR BOOK_NOT_FOUND","stack":"Error: BOOK_NOT_FOUND\n    at requestBook (file:///D:/About_LexiconNetworks/Library_Management_System/backend/src/controllers/book.request.controller.js:98:13)\n    at process.processTicksAndRejections (node:internal/process/task_queues:103:5)","timestamp":"2026-05-25T10:54:51.627Z"}
{"level":"info","message":"VERIFYING JWT TOKEN","timestamp":"2026-05-25T10:55:11.484Z"}
{"level":"info","message":"JWT TOKEN VERIFIED FOR USER ID 61","timestamp":"2026-05-25T10:55:11.486Z"}
{"level":"info","message":"USER AUTHENTICATED: 61","timestamp":"2026-05-25T10:55:11.486Z"}
{"level":"info","message":"USER ROLE: 2","timestamp":"2026-05-25T10:55:11.486Z"}
{"level":"info","message":"ALLOWED ROLES: 2","timestamp":"2026-05-25T10:55:11.486Z"}
{"level":"info","message":"USER AUTHORIZED SUCCESSFULLY","timestamp":"2026-05-25T10:55:11.486Z"}
{"level":"error","message":"REQUEST BOOK ERROR BOOK_NOT_FOUND","stack":"Error: BOOK_NOT_FOUND\n    at requestBook (file:///D:/About_LexiconNetworks/Library_Management_System/backend/src/controllers/book.request.controller.js:98:13)\n    at process.processTicksAndRejections (node:internal/process/task_queues:103:5)","timestamp":"2026-05-25T10:55:11.488Z"}
{"level":"info","message":"VERIFYING JWT TOKEN","timestamp":"2026-05-25T10:55:28.937Z"}
{"level":"info","message":"JWT TOKEN VERIFIED FOR USER ID 61","timestamp":"2026-05-25T10:55:28.938Z"}
{"level":"info","message":"USER AUTHENTICATED: 61","timestamp":"2026-05-25T10:55:28.938Z"}
{"level":"info","message":"USER ROLE: 2","timestamp":"2026-05-25T10:55:28.938Z"}
{"level":"info","message":"ALLOWED ROLES: 2","timestamp":"2026-05-25T10:55:28.939Z"}
{"level":"info","message":"USER AUTHORIZED SUCCESSFULLY","timestamp":"2026-05-25T10:55:28.939Z"}
{"level":"error","message":"REQUEST BOOK ERROR BOOK_NOT_FOUND","stack":"Error: BOOK_NOT_FOUND\n    at requestBook (file:///D:/About_LexiconNetworks/Library_Management_System/backend/src/controllers/book.request.controller.js:98:13)\n    at process.processTicksAndRejections (node:internal/process/task_queues:103:5)","timestamp":"2026-05-25T10:55:28.940Z"}
{"level":"info","message":"VERIFYING JWT TOKEN","timestamp":"2026-05-25T10:55:39.052Z"}
{"level":"info","message":"JWT TOKEN VERIFIED FOR USER ID 61","timestamp":"2026-05-25T10:55:39.053Z"}
{"level":"info","message":"USER AUTHENTICATED: 61","timestamp":"2026-05-25T10:55:39.053Z"}
{"level":"info","message":"USER ROLE: 2","timestamp":"2026-05-25T10:55:39.053Z"}
{"level":"info","message":"ALLOWED ROLES: 2","timestamp":"2026-05-25T10:55:39.053Z"}
{"level":"info","message":"USER AUTHORIZED SUCCESSFULLY","timestamp":"2026-05-25T10:55:39.054Z"}
{"level":"error","message":"REQUEST BOOK ERROR BOOK_NOT_FOUND","stack":"Error: BOOK_NOT_FOUND\n    at requestBook (file:///D:/About_LexiconNetworks/Library_Management_System/backend/src/controllers/book.request.controller.js:98:13)\n    at process.processTicksAndRejections (node:internal/process/task_queues:103:5)","timestamp":"2026-05-25T10:55:39.056Z"}
{"level":"info","message":"VERIFYING JWT TOKEN","timestamp":"2026-05-25T10:55:46.607Z"}
{"level":"info","message":"JWT TOKEN VERIFIED FOR USER ID 61","timestamp":"2026-05-25T10:55:46.608Z"}
{"level":"info","message":"USER AUTHENTICATED: 61","timestamp":"2026-05-25T10:55:46.608Z"}
{"level":"info","message":"USER ROLE: 2","timestamp":"2026-05-25T10:55:46.608Z"}
{"level":"info","message":"ALLOWED ROLES: 2","timestamp":"2026-05-25T10:55:46.609Z"}
{"level":"info","message":"USER AUTHORIZED SUCCESSFULLY","timestamp":"2026-05-25T10:55:46.609Z"}
{"level":"info","message":"Server running on port 3000","timestamp":"2026-05-25T12:23:38.165Z"}
{"level":"info","message":"Server running on port 3000","timestamp":"2026-05-25T12:23:41.755Z"}
{"level":"info","message":"Server running on port 3000","timestamp":"2026-05-25T12:24:03.451Z"}
{"level":"info","message":"VERIFYING JWT TOKEN","timestamp":"2026-05-25T13:15:37.905Z"}
{"expiredAt":"2026-05-23T08:02:01.000Z","level":"error","message":"JWT VERIFICATION FAILED jwt expired","name":"TokenExpiredError","stack":"TokenExpiredError: jwt expired\n    at D:\\About_LexiconNetworks\\Library_Management_System\\backend\\node_modules\\jsonwebtoken\\verify.js:190:21\n    at getSecret (D:\\About_LexiconNetworks\\Library_Management_System\\backend\\node_modules\\jsonwebtoken\\verify.js:97:14)\n    at module.exports [as verify] (D:\\About_LexiconNetworks\\Library_Management_System\\backend\\node_modules\\jsonwebtoken\\verify.js:101:10)\n    at verifyToken (file:///D:/About_LexiconNetworks/Library_Management_System/backend/src/services/jwt.service.js:42:23)\n    at verifyJWT (file:///D:/About_LexiconNetworks/Library_Management_System/backend/src/middlewares/auth.middleware.js:50:21)\n    at Layer.handleRequest (D:\\About_LexiconNetworks\\Library_Management_System\\backend\\node_modules\\router\\lib\\layer.js:152:17)\n    at next (D:\\About_LexiconNetworks\\Library_Management_System\\backend\\node_modules\\router\\lib\\route.js:157:13)\n    at Route.dispatch (D:\\About_LexiconNetworks\\Library_Management_System\\backend\\node_modules\\router\\lib\\route.js:117:3)\n    at handle (D:\\About_LexiconNetworks\\Library_Management_System\\backend\\node_modules\\router\\index.js:435:11)\n    at Layer.handleRequest (D:\\About_LexiconNetworks\\Library_Management_System\\backend\\node_modules\\router\\lib\\layer.js:152:17)","timestamp":"2026-05-25T13:15:37.951Z"}
{"level":"info","message":"GENERATING JWT TOKEN FOR USER ID 2","timestamp":"2026-05-25T13:15:50.601Z"}
{"level":"info","message":"JWT TOKEN GENERATED FOR USER ID 2","timestamp":"2026-05-25T13:15:50.612Z"}
{"level":"info","message":"LOGIN SUCCESS:admin@gmail.com","timestamp":"2026-05-25T13:15:50.616Z"}
{"level":"info","message":"VERIFYING JWT TOKEN","timestamp":"2026-05-25T13:16:34.082Z"}
{"level":"info","message":"JWT TOKEN VERIFIED FOR USER ID 2","timestamp":"2026-05-25T13:16:34.085Z"}
{"level":"info","message":"USER AUTHENTICATED: 2","timestamp":"2026-05-25T13:16:34.086Z"}
{"level":"info","message":"USER ROLE: 1","timestamp":"2026-05-25T13:16:34.088Z"}
{"level":"info","message":"ALLOWED ROLES: 1","timestamp":"2026-05-25T13:16:34.089Z"}
{"level":"info","message":"USER AUTHORIZED SUCCESSFULLY","timestamp":"2026-05-25T13:16:34.090Z"}
{"0":{"instancePath":"/password","keyword":"pattern","message":"must match pattern \"^(?=.*[A-Z])(?=.*\\d)(?=.*[@$!%*?&])[A-Za-z\\d@$!%*?&]{6,10}$\"","params":{"pattern":"^(?=.*[A-Z])(?=.*\\d)(?=.*[@$!%*?&])[A-Za-z\\d@$!%*?&]{6,10}$"},"schemaPath":"#/properties/password/pattern"},"level":"warn","message":"AJV VALIDATION FAILED","timestamp":"2026-05-25T13:16:34.094Z"}
{"level":"info","message":"VERIFYING JWT TOKEN","timestamp":"2026-05-25T13:16:54.768Z"}
{"level":"info","message":"JWT TOKEN VERIFIED FOR USER ID 2","timestamp":"2026-05-25T13:16:54.770Z"}
{"level":"info","message":"USER AUTHENTICATED: 2","timestamp":"2026-05-25T13:16:54.770Z"}
{"level":"info","message":"USER ROLE: 1","timestamp":"2026-05-25T13:16:54.771Z"}
{"level":"info","message":"ALLOWED ROLES: 1","timestamp":"2026-05-25T13:16:54.772Z"}
{"level":"info","message":"USER AUTHORIZED SUCCESSFULLY","timestamp":"2026-05-25T13:16:54.772Z"}
{"level":"info","message":"CREATE USER REQUEST","timestamp":"2026-05-25T13:16:54.774Z"}
{"code":"ER_DUP_ENTRY","errno":1062,"level":"error","message":"CREATE USER ERROR Duplicate entry '9321000712' for key 'users.phone'","sql":"INSERT INTO users(email,password_hash,first_name,last_name,phone,role_id,is_active,is_verified,is_deleted,verification_token)\n       VALUES(?,?,?,?,?,?,?,?,?,?)","sqlMessage":"Duplicate entry '9321000712' for key 'users.phone'","sqlState":"23000","stack":"Error: Duplicate entry '9321000712' for key 'users.phone'\n    at postUser (file:///D:/About_LexiconNetworks/Library_Management_System/backend/src/controllers/user.controller.js:187:31)","timestamp":"2026-05-25T13:16:55.159Z"}
{"level":"info","message":"VERIFYING JWT TOKEN","timestamp":"2026-05-25T13:17:06.736Z"}
{"level":"info","message":"JWT TOKEN VERIFIED FOR USER ID 2","timestamp":"2026-05-25T13:17:06.739Z"}
{"level":"info","message":"USER AUTHENTICATED: 2","timestamp":"2026-05-25T13:17:06.741Z"}
{"level":"info","message":"USER ROLE: 1","timestamp":"2026-05-25T13:17:06.742Z"}
{"level":"info","message":"ALLOWED ROLES: 1","timestamp":"2026-05-25T13:17:06.742Z"}
{"level":"info","message":"USER AUTHORIZED SUCCESSFULLY","timestamp":"2026-05-25T13:17:06.743Z"}
{"level":"info","message":"CREATE USER REQUEST","timestamp":"2026-05-25T13:17:06.744Z"}
{"level":"info","message":"EMAIL SENT : <5b8cc290-5972-cc74-e069-4d94829880a8@gmail.com>","timestamp":"2026-05-25T13:17:09.784Z"}
{"level":"info","message":"USER REGISTERED : userOfDemo@yopmail.com","timestamp":"2026-05-25T13:17:09.785Z"}
{"level":"info","message":"VERIFY EMAIL HIT","timestamp":"2026-05-25T13:17:38.168Z","token":"33d6e955bf6c56995159","uid":"63"}
{"level":"info","message":"EMAIL VERIFIED SUCCESS: 63","timestamp":"2026-05-25T13:17:38.341Z"}
{"level":"info","message":"VERIFYING JWT TOKEN","timestamp":"2026-05-25T13:18:18.861Z"}
{"level":"info","message":"JWT TOKEN VERIFIED FOR USER ID 2","timestamp":"2026-05-25T13:18:18.863Z"}
{"level":"info","message":"USER AUTHENTICATED: 2","timestamp":"2026-05-25T13:18:18.864Z"}
{"level":"info","message":"USER ROLE: 1","timestamp":"2026-05-25T13:18:18.864Z"}
{"level":"info","message":"ALLOWED ROLES: 1","timestamp":"2026-05-25T13:18:18.865Z"}
{"level":"info","message":"USER AUTHORIZED SUCCESSFULLY","timestamp":"2026-05-25T13:18:18.865Z"}
{"level":"info","message":"CREATE USER REQUEST","timestamp":"2026-05-25T13:18:18.866Z"}
{"code":"ER_DUP_ENTRY","errno":1062,"level":"error","message":"CREATE USER ERROR Duplicate entry 'userOfDemo@yopmail.com' for key 'users.email'","sql":"INSERT INTO users(email,password_hash,first_name,last_name,phone,role_id,is_active,is_verified,is_deleted,verification_token)\n       VALUES(?,?,?,?,?,?,?,?,?,?)","sqlMessage":"Duplicate entry 'userOfDemo@yopmail.com' for key 'users.email'","sqlState":"23000","stack":"Error: Duplicate entry 'userOfDemo@yopmail.com' for key 'users.email'\n    at postUser (file:///D:/About_LexiconNetworks/Library_Management_System/backend/src/controllers/user.controller.js:187:31)","timestamp":"2026-05-25T13:18:19.210Z"}
{"level":"info","message":"GENERATING JWT TOKEN FOR USER ID 63","timestamp":"2026-05-25T13:19:04.307Z"}
{"level":"info","message":"JWT TOKEN GENERATED FOR USER ID 63","timestamp":"2026-05-25T13:19:04.309Z"}
{"level":"info","message":"LOGIN SUCCESS:userOfDemo@yopmail.com","timestamp":"2026-05-25T13:19:04.311Z"}
{"level":"info","message":"VERIFYING JWT TOKEN","timestamp":"2026-05-25T13:19:46.731Z"}
{"level":"info","message":"JWT TOKEN VERIFIED FOR USER ID 63","timestamp":"2026-05-25T13:19:46.734Z"}
{"level":"info","message":"USER AUTHENTICATED: 63","timestamp":"2026-05-25T13:19:46.735Z"}
{"level":"info","message":"VERIFYING JWT TOKEN","timestamp":"2026-05-25T13:20:55.047Z"}
{"expiredAt":"2026-05-23T04:19:13.000Z","level":"error","message":"JWT VERIFICATION FAILED jwt expired","name":"TokenExpiredError","stack":"TokenExpiredError: jwt expired\n    at D:\\About_LexiconNetworks\\Library_Management_System\\backend\\node_modules\\jsonwebtoken\\verify.js:190:21\n    at getSecret (D:\\About_LexiconNetworks\\Library_Management_System\\backend\\node_modules\\jsonwebtoken\\verify.js:97:14)\n    at module.exports [as verify] (D:\\About_LexiconNetworks\\Library_Management_System\\backend\\node_modules\\jsonwebtoken\\verify.js:101:10)\n    at verifyToken (file:///D:/About_LexiconNetworks/Library_Management_System/backend/src/services/jwt.service.js:42:23)\n    at verifyJWT (file:///D:/About_LexiconNetworks/Library_Management_System/backend/src/middlewares/auth.middleware.js:50:21)\n    at Layer.handleRequest (D:\\About_LexiconNetworks\\Library_Management_System\\backend\\node_modules\\router\\lib\\layer.js:152:17)\n    at next (D:\\About_LexiconNetworks\\Library_Management_System\\backend\\node_modules\\router\\lib\\route.js:157:13)\n    at Route.dispatch (D:\\About_LexiconNetworks\\Library_Management_System\\backend\\node_modules\\router\\lib\\route.js:117:3)\n    at handle (D:\\About_LexiconNetworks\\Library_Management_System\\backend\\node_modules\\router\\index.js:435:11)\n    at Layer.handleRequest (D:\\About_LexiconNetworks\\Library_Management_System\\backend\\node_modules\\router\\lib\\layer.js:152:17)","timestamp":"2026-05-25T13:20:55.069Z"}
{"level":"info","message":"GENERATING JWT TOKEN FOR USER ID 2","timestamp":"2026-05-25T13:21:09.710Z"}
{"level":"info","message":"JWT TOKEN GENERATED FOR USER ID 2","timestamp":"2026-05-25T13:21:09.713Z"}
{"level":"info","message":"LOGIN SUCCESS:admin@gmail.com","timestamp":"2026-05-25T13:21:09.713Z"}
{"level":"info","message":"VERIFYING JWT TOKEN","timestamp":"2026-05-25T13:21:38.446Z"}
{"level":"info","message":"JWT TOKEN VERIFIED FOR USER ID 2","timestamp":"2026-05-25T13:21:38.448Z"}
{"level":"info","message":"USER AUTHENTICATED: 2","timestamp":"2026-05-25T13:21:38.449Z"}
{"level":"info","message":"GENERATING JWT TOKEN FOR USER ID 63","timestamp":"2026-05-25T13:22:01.485Z"}
{"level":"info","message":"JWT TOKEN GENERATED FOR USER ID 63","timestamp":"2026-05-25T13:22:01.488Z"}
{"level":"info","message":"LOGIN SUCCESS:userOfDemo@yopmail.com","timestamp":"2026-05-25T13:22:01.488Z"}
{"level":"info","message":"VERIFYING JWT TOKEN","timestamp":"2026-05-25T13:24:17.519Z"}
{"level":"info","message":"JWT TOKEN VERIFIED FOR USER ID 63","timestamp":"2026-05-25T13:24:17.522Z"}
{"level":"info","message":"USER AUTHENTICATED: 63","timestamp":"2026-05-25T13:24:17.523Z"}
{"level":"info","message":"USER ROLE: 2","timestamp":"2026-05-25T13:24:17.524Z"}
{"level":"info","message":"ALLOWED ROLES: 2","timestamp":"2026-05-25T13:24:17.525Z"}
{"level":"info","message":"USER AUTHORIZED SUCCESSFULLY","timestamp":"2026-05-25T13:24:17.527Z"}
{"level":"info","message":"GENERATING JWT TOKEN FOR USER ID 2","timestamp":"2026-05-25T13:25:01.075Z"}
{"level":"info","message":"JWT TOKEN GENERATED FOR USER ID 2","timestamp":"2026-05-25T13:25:01.078Z"}
{"level":"info","message":"LOGIN SUCCESS:admin@gmail.com","timestamp":"2026-05-25T13:25:01.079Z"}
{"level":"info","message":"VERIFYING JWT TOKEN","timestamp":"2026-05-25T13:25:19.546Z"}
{"level":"info","message":"JWT TOKEN VERIFIED FOR USER ID 2","timestamp":"2026-05-25T13:25:19.551Z"}
{"level":"info","message":"USER AUTHENTICATED: 2","timestamp":"2026-05-25T13:25:19.552Z"}
{"level":"info","message":"USER ROLE: 1","timestamp":"2026-05-25T13:25:19.554Z"}
{"level":"info","message":"ALLOWED ROLES: 1","timestamp":"2026-05-25T13:25:19.555Z"}
{"level":"info","message":"USER AUTHORIZED SUCCESSFULLY","timestamp":"2026-05-25T13:25:19.556Z"}
{"level":"info","message":"GET ALL ISSUES API","timestamp":"2026-05-25T13:25:19.558Z"}
{"level":"info","message":"VERIFYING JWT TOKEN","timestamp":"2026-05-25T13:26:48.903Z"}
{"level":"info","message":"JWT TOKEN VERIFIED FOR USER ID 2","timestamp":"2026-05-25T13:26:48.907Z"}
{"level":"info","message":"USER AUTHENTICATED: 2","timestamp":"2026-05-25T13:26:48.909Z"}
{"level":"info","message":"USER ROLE: 1","timestamp":"2026-05-25T13:26:48.909Z"}
{"level":"info","message":"ALLOWED ROLES: 1","timestamp":"2026-05-25T13:26:48.910Z"}
{"level":"info","message":"USER AUTHORIZED SUCCESSFULLY","timestamp":"2026-05-25T13:26:48.910Z"}
{"level":"info","message":"VERIFYING JWT TOKEN","timestamp":"2026-05-25T13:27:06.278Z"}
{"level":"info","message":"JWT TOKEN VERIFIED FOR USER ID 2","timestamp":"2026-05-25T13:27:06.280Z"}
{"level":"info","message":"USER AUTHENTICATED: 2","timestamp":"2026-05-25T13:27:06.281Z"}
{"level":"info","message":"USER ROLE: 1","timestamp":"2026-05-25T13:27:06.282Z"}
{"level":"info","message":"ALLOWED ROLES: 1","timestamp":"2026-05-25T13:27:06.282Z"}
{"level":"info","message":"USER AUTHORIZED SUCCESSFULLY","timestamp":"2026-05-25T13:27:06.282Z"}
{"level":"info","message":"EMAIL SENT : <67cecd5e-ea9e-a56d-d05b-e68116570812@gmail.com>","timestamp":"2026-05-25T13:27:09.431Z"}
{"level":"info","message":"VERIFYING JWT TOKEN","timestamp":"2026-05-25T13:29:10.111Z"}
{"level":"info","message":"JWT TOKEN VERIFIED FOR USER ID 2","timestamp":"2026-05-25T13:29:10.112Z"}
{"level":"info","message":"USER AUTHENTICATED: 2","timestamp":"2026-05-25T13:29:10.113Z"}
{"level":"info","message":"USER ROLE: 1","timestamp":"2026-05-25T13:29:10.113Z"}
{"level":"info","message":"ALLOWED ROLES: 1","timestamp":"2026-05-25T13:29:10.114Z"}
{"level":"info","message":"USER AUTHORIZED SUCCESSFULLY","timestamp":"2026-05-25T13:29:10.114Z"}
{"level":"info","message":"GET ALL ISSUES API","timestamp":"2026-05-25T13:29:10.115Z"}
{"level":"info","message":"VERIFYING JWT TOKEN","timestamp":"2026-05-25T13:29:42.241Z"}
{"level":"info","message":"JWT TOKEN VERIFIED FOR USER ID 2","timestamp":"2026-05-25T13:29:42.243Z"}
{"level":"info","message":"USER AUTHENTICATED: 2","timestamp":"2026-05-25T13:29:42.244Z"}
{"level":"info","message":"USER ROLE: 1","timestamp":"2026-05-25T13:29:42.245Z"}
{"level":"info","message":"ALLOWED ROLES: 1","timestamp":"2026-05-25T13:29:42.246Z"}
{"level":"info","message":"USER AUTHORIZED SUCCESSFULLY","timestamp":"2026-05-25T13:29:42.247Z"}
{"level":"info","message":"VERIFYING JWT TOKEN","timestamp":"2026-05-26T05:51:47.140Z"}
{"expiredAt":"2026-05-23T09:28:58.000Z","level":"error","message":"JWT VERIFICATION FAILED jwt expired","name":"TokenExpiredError","stack":"TokenExpiredError: jwt expired\n    at D:\\About_LexiconNetworks\\Library_Management_System\\backend\\node_modules\\jsonwebtoken\\verify.js:190:21\n    at getSecret (D:\\About_LexiconNetworks\\Library_Management_System\\backend\\node_modules\\jsonwebtoken\\verify.js:97:14)\n    at module.exports [as verify] (D:\\About_LexiconNetworks\\Library_Management_System\\backend\\node_modules\\jsonwebtoken\\verify.js:101:10)\n    at verifyToken (file:///D:/About_LexiconNetworks/Library_Management_System/backend/src/services/jwt.service.js:42:23)\n    at verifyJWT (file:///D:/About_LexiconNetworks/Library_Management_System/backend/src/middlewares/auth.middleware.js:50:21)\n    at Layer.handleRequest (D:\\About_LexiconNetworks\\Library_Management_System\\backend\\node_modules\\router\\lib\\layer.js:152:17)\n    at next (D:\\About_LexiconNetworks\\Library_Management_System\\backend\\node_modules\\router\\lib\\route.js:157:13)\n    at Route.dispatch (D:\\About_LexiconNetworks\\Library_Management_System\\backend\\node_modules\\router\\lib\\route.js:117:3)\n    at handle (D:\\About_LexiconNetworks\\Library_Management_System\\backend\\node_modules\\router\\index.js:435:11)\n    at Layer.handleRequest (D:\\About_LexiconNetworks\\Library_Management_System\\backend\\node_modules\\router\\lib\\layer.js:152:17)","timestamp":"2026-05-26T05:51:47.158Z"}
{"level":"info","message":"GENERATING JWT TOKEN FOR USER ID 63","timestamp":"2026-05-26T05:51:59.950Z"}
{"level":"info","message":"JWT TOKEN GENERATED FOR USER ID 63","timestamp":"2026-05-26T05:51:59.953Z"}
{"level":"info","message":"LOGIN SUCCESS:userOfDemo@yopmail.com","timestamp":"2026-05-26T05:51:59.954Z"}
{"level":"info","message":"VERIFYING JWT TOKEN","timestamp":"2026-05-26T05:52:16.806Z"}
{"level":"info","message":"JWT TOKEN VERIFIED FOR USER ID 63","timestamp":"2026-05-26T05:52:16.808Z"}
{"level":"info","message":"USER AUTHENTICATED: 63","timestamp":"2026-05-26T05:52:16.809Z"}
{"level":"info","message":"USER ROLE: 2","timestamp":"2026-05-26T05:52:16.810Z"}
{"level":"info","message":"ALLOWED ROLES: 1","timestamp":"2026-05-26T05:52:16.811Z"}
{"level":"warn","message":"ACCESS DENIED - ROLE 2","timestamp":"2026-05-26T05:52:16.812Z"}
{"level":"info","message":"Server running on port 3000","timestamp":"2026-05-26T12:23:25.078Z"}
{"level":"info","message":"Server running on port 3000","timestamp":"2026-05-27T05:27:17.608Z"}
{"level":"info","message":"Server running on port 3000","timestamp":"2026-05-27T06:53:38.768Z"}
{"level":"info","message":"Server running on port 3000","timestamp":"2026-05-27T06:53:43.564Z"}
{"level":"info","message":"Server running on port 3000","timestamp":"2026-05-27T09:30:22.111Z"}
{"level":"info","message":"Server running on port 3000","timestamp":"2026-05-27T09:31:53.210Z"}
{"level":"info","message":"Server running on port 3000","timestamp":"2026-05-27T09:32:07.636Z"}
{"level":"info","message":"Server running on port 3000","timestamp":"2026-05-27T09:32:27.978Z"}
{"level":"info","message":"GENERATING JWT TOKEN FOR USER ID 2","timestamp":"2026-05-27T11:47:29.942Z"}
{"level":"info","message":"JWT TOKEN GENERATED FOR USER ID 2","timestamp":"2026-05-27T11:47:29.960Z"}
{"level":"info","message":"LOGIN SUCCESS:admin@gmail.com","timestamp":"2026-05-27T11:47:29.963Z"}
{"level":"info","message":"VERIFYING JWT TOKEN","timestamp":"2026-05-27T11:49:11.651Z"}
{"level":"info","message":"JWT TOKEN VERIFIED FOR USER ID 2","timestamp":"2026-05-27T11:49:11.666Z"}
{"level":"info","message":"USER AUTHENTICATED: 2","timestamp":"2026-05-27T11:49:11.667Z"}
{"level":"info","message":"USER ROLE: 1","timestamp":"2026-05-27T11:49:11.668Z"}
{"level":"info","message":"ALLOWED ROLES: 1","timestamp":"2026-05-27T11:49:11.669Z"}
{"level":"info","message":"USER AUTHORIZED SUCCESSFULLY","timestamp":"2026-05-27T11:49:11.672Z"}
{"0":{"instancePath":"","keyword":"required","message":"must have required property 'first_name'","params":{"missingProperty":"first_name"},"schemaPath":"#/required"},"1":{"instancePath":"","keyword":"required","message":"must have required property 'last_name'","params":{"missingProperty":"last_name"},"schemaPath":"#/required"},"2":{"instancePath":"","keyword":"required","message":"must have required property 'email'","params":{"missingProperty":"email"},"schemaPath":"#/required"},"3":{"instancePath":"","keyword":"required","message":"must have required property 'password'","params":{"missingProperty":"password"},"schemaPath":"#/required"},"4":{"instancePath":"","keyword":"required","message":"must have required property 'phone'","params":{"missingProperty":"phone"},"schemaPath":"#/required"},"5":{"instancePath":"","keyword":"required","message":"must have required property 'role_id'","params":{"missingProperty":"role_id"},"schemaPath":"#/required"},"level":"warn","message":"AJV VALIDATION FAILED","timestamp":"2026-05-27T11:49:11.674Z"}
{"level":"info","message":"VERIFYING JWT TOKEN","timestamp":"2026-05-27T11:49:25.879Z"}
{"level":"info","message":"JWT TOKEN VERIFIED FOR USER ID 2","timestamp":"2026-05-27T11:49:25.880Z"}
{"level":"info","message":"USER AUTHENTICATED: 2","timestamp":"2026-05-27T11:49:25.881Z"}
{"level":"info","message":"USER ROLE: 1","timestamp":"2026-05-27T11:49:25.881Z"}
{"level":"info","message":"ALLOWED ROLES: 1","timestamp":"2026-05-27T11:49:25.881Z"}
{"level":"info","message":"USER AUTHORIZED SUCCESSFULLY","timestamp":"2026-05-27T11:49:25.882Z"}
{"0":{"instancePath":"/password","keyword":"pattern","message":"must match pattern \"^(?=.*[A-Z])(?=.*\\d)(?=.*[@$!%*?&])[A-Za-z\\d@$!%*?&]{6,10}$\"","params":{"pattern":"^(?=.*[A-Z])(?=.*\\d)(?=.*[@$!%*?&])[A-Za-z\\d@$!%*?&]{6,10}$"},"schemaPath":"#/properties/password/pattern"},"level":"warn","message":"AJV VALIDATION FAILED","timestamp":"2026-05-27T11:49:25.883Z"}
{"level":"info","message":"Server running on port 3000","timestamp":"2026-05-27T11:52:08.848Z"}
{"level":"info","message":"Server running on port 3000","timestamp":"2026-05-27T11:52:28.293Z"}
{"level":"info","message":"Server running on port 3000","timestamp":"2026-05-27T11:52:57.969Z"}
{"level":"info","message":"Server running on port 3000","timestamp":"2026-05-27T11:53:20.617Z"}
{"level":"info","message":"Server running on port 3000","timestamp":"2026-05-27T11:53:37.927Z"}
{"level":"info","message":"VERIFYING JWT TOKEN","timestamp":"2026-05-27T11:53:40.834Z"}
{"level":"info","message":"JWT TOKEN VERIFIED FOR USER ID 2","timestamp":"2026-05-27T11:53:40.841Z"}
{"level":"info","message":"USER AUTHENTICATED: 2","timestamp":"2026-05-27T11:53:40.842Z"}
{"level":"info","message":"USER ROLE: 1","timestamp":"2026-05-27T11:53:40.843Z"}
{"level":"info","message":"ALLOWED ROLES: 1","timestamp":"2026-05-27T11:53:40.844Z"}
{"level":"info","message":"USER AUTHORIZED SUCCESSFULLY","timestamp":"2026-05-27T11:53:40.844Z"}
{"0":{"instancePath":"/password","keyword":"errorMessage","message":"PASSWORD_MUST_HAVE_UPPERCASE_NUMBER_SPECIALCHAR_6_TO_10_LENGTH","params":{"errors":[{"emUsed":true,"instancePath":"/password","keyword":"pattern","message":"must match pattern \"^(?=.*[A-Z])(?=.*\\d)(?=.*[@$!%*?&])[A-Za-z\\d@$!%*?&]{6,10}$\"","params":{"pattern":"^(?=.*[A-Z])(?=.*\\d)(?=.*[@$!%*?&])[A-Za-z\\d@$!%*?&]{6,10}$"},"schemaPath":"#/properties/password/pattern"}]},"schemaPath":"#/properties/password/errorMessage"},"level":"warn","message":"AJV VALIDATION FAILED","timestamp":"2026-05-27T11:53:40.848Z"}
{"level":"info","message":"VERIFYING JWT TOKEN","timestamp":"2026-05-27T11:54:01.970Z"}
{"level":"info","message":"JWT TOKEN VERIFIED FOR USER ID 2","timestamp":"2026-05-27T11:54:01.973Z"}
{"level":"info","message":"USER AUTHENTICATED: 2","timestamp":"2026-05-27T11:54:01.975Z"}
{"level":"info","message":"USER ROLE: 1","timestamp":"2026-05-27T11:54:01.975Z"}
{"level":"info","message":"ALLOWED ROLES: 1","timestamp":"2026-05-27T11:54:01.976Z"}
{"level":"info","message":"USER AUTHORIZED SUCCESSFULLY","timestamp":"2026-05-27T11:54:01.976Z"}
{"level":"info","message":"CREATE USER REQUEST","timestamp":"2026-05-27T11:54:01.979Z"}
{"code":"ER_DUP_ENTRY","errno":1062,"level":"error","message":"CREATE USER ERROR Duplicate entry '9321000755' for key 'users.phone'","sql":"INSERT INTO users(email,password_hash,first_name,last_name,phone,role_id,is_active,is_verified,is_deleted,verification_token)\n       VALUES(?,?,?,?,?,?,?,?,?,?)","sqlMessage":"Duplicate entry '9321000755' for key 'users.phone'","sqlState":"23000","stack":"Error: Duplicate entry '9321000755' for key 'users.phone'\n    at postUser (file:///D:/About_LexiconNetworks/Library_Management_System/backend/src/controllers/user.controller.js:187:31)","timestamp":"2026-05-27T11:54:02.493Z"}
{"level":"info","message":"VERIFYING JWT TOKEN","timestamp":"2026-05-27T11:54:10.207Z"}
{"level":"info","message":"JWT TOKEN VERIFIED FOR USER ID 2","timestamp":"2026-05-27T11:54:10.209Z"}
{"level":"info","message":"USER AUTHENTICATED: 2","timestamp":"2026-05-27T11:54:10.210Z"}
{"level":"info","message":"USER ROLE: 1","timestamp":"2026-05-27T11:54:10.210Z"}
{"level":"info","message":"ALLOWED ROLES: 1","timestamp":"2026-05-27T11:54:10.211Z"}
{"level":"info","message":"USER AUTHORIZED SUCCESSFULLY","timestamp":"2026-05-27T11:54:10.211Z"}
{"level":"info","message":"CREATE USER REQUEST","timestamp":"2026-05-27T11:54:10.212Z"}
{"level":"info","message":"EMAIL SENT : <d2e4e666-26fb-5ed7-98ee-4efd927a4390@gmail.com>","timestamp":"2026-05-27T11:54:13.544Z"}
{"level":"info","message":"USER REGISTERED : sarita@yopmail.com","timestamp":"2026-05-27T11:54:13.545Z"}
{"level":"info","message":"VERIFY EMAIL HIT","timestamp":"2026-05-27T11:54:30.744Z","token":"c524087ba2c61c5c273a","uid":"66"}
{"level":"info","message":"EMAIL VERIFIED SUCCESS: 66","timestamp":"2026-05-27T11:54:30.953Z"}
{"level":"info","message":"VERIFY EMAIL HIT","timestamp":"2026-05-27T11:54:34.210Z","token":"c524087ba2c61c5c273a","uid":"66"}
{"level":"error","message":"VERIFY EMAIL ERROR USER_ALREADY_VERIFIED","stack":"Error: USER_ALREADY_VERIFIED\n    at verifyEmail (file:///D:/About_LexiconNetworks/Library_Management_System/backend/src/controllers/auth.controller.js:119:13)\n    at process.processTicksAndRejections (node:internal/process/task_queues:103:5)","timestamp":"2026-05-27T11:54:34.218Z"}
{"level":"warn","message":"AUTH HEADER MISSING","timestamp":"2026-05-27T11:54:47.175Z"}
{"level":"info","message":"VERIFYING JWT TOKEN","timestamp":"2026-05-27T11:55:02.998Z"}
{"level":"info","message":"JWT TOKEN VERIFIED FOR USER ID 2","timestamp":"2026-05-27T11:55:02.999Z"}
{"level":"info","message":"USER AUTHENTICATED: 2","timestamp":"2026-05-27T11:55:02.999Z"}
{"level":"info","message":"USER ROLE: 1","timestamp":"2026-05-27T11:55:02.999Z"}
{"level":"info","message":"ALLOWED ROLES: 1","timestamp":"2026-05-27T11:55:03.000Z"}
{"level":"info","message":"USER AUTHORIZED SUCCESSFULLY","timestamp":"2026-05-27T11:55:03.000Z"}
{"level":"error","message":"LOGIN ERROR USER_NOT_FOUND","stack":"Error: USER_NOT_FOUND\n    at login (file:///D:/About_LexiconNetworks/Library_Management_System/backend/src/controllers/auth.controller.js:35:22)\n    at process.processTicksAndRejections (node:internal/process/task_queues:103:5)","timestamp":"2026-05-27T12:03:15.029Z"}
{"level":"info","message":"GENERATING JWT TOKEN FOR USER ID 1","timestamp":"2026-05-27T12:03:28.194Z"}
{"level":"info","message":"JWT TOKEN GENERATED FOR USER ID 1","timestamp":"2026-05-27T12:03:28.197Z"}
{"level":"info","message":"LOGIN SUCCESS:admin@yopmail.com","timestamp":"2026-05-27T12:03:28.199Z"}
{"level":"info","message":"VERIFYING JWT TOKEN","timestamp":"2026-05-27T12:04:42.939Z"}
{"level":"info","message":"JWT TOKEN VERIFIED FOR USER ID 2","timestamp":"2026-05-27T12:04:42.943Z"}
{"level":"info","message":"USER AUTHENTICATED: 2","timestamp":"2026-05-27T12:04:42.944Z"}
{"level":"info","message":"USER ROLE: 1","timestamp":"2026-05-27T12:04:42.944Z"}
{"level":"info","message":"ALLOWED ROLES: 1","timestamp":"2026-05-27T12:04:42.945Z"}
{"level":"info","message":"USER AUTHORIZED SUCCESSFULLY","timestamp":"2026-05-27T12:04:42.946Z"}
{"level":"info","message":"VERIFYING JWT TOKEN","timestamp":"2026-05-27T12:07:20.546Z"}
{"level":"info","message":"JWT TOKEN VERIFIED FOR USER ID 2","timestamp":"2026-05-27T12:07:20.548Z"}
{"level":"info","message":"USER AUTHENTICATED: 2","timestamp":"2026-05-27T12:07:20.549Z"}
{"level":"info","message":"USER ROLE: 1","timestamp":"2026-05-27T12:07:20.550Z"}
{"level":"info","message":"ALLOWED ROLES: 1","timestamp":"2026-05-27T12:07:20.551Z"}
{"level":"info","message":"USER AUTHORIZED SUCCESSFULLY","timestamp":"2026-05-27T12:07:20.551Z"}
{"level":"info","message":"CREATE USER REQUEST","timestamp":"2026-05-27T12:07:20.552Z"}
{"level":"info","message":"EMAIL SENT : <b7975410-9536-be83-c1d0-a994be8cb11a@gmail.com>","timestamp":"2026-05-27T12:07:23.970Z"}
{"level":"info","message":"USER REGISTERED : sarita@yopmail.com","timestamp":"2026-05-27T12:07:23.971Z"}
{"level":"info","message":"VERIFY EMAIL HIT","timestamp":"2026-05-27T12:07:34.420Z","token":"0ac9050872e7b563b050","uid":"2"}
{"level":"info","message":"EMAIL VERIFIED SUCCESS: 2","timestamp":"2026-05-27T12:07:34.619Z"}
{"level":"info","message":"VERIFYING JWT TOKEN","timestamp":"2026-05-27T12:07:46.088Z"}
{"level":"info","message":"JWT TOKEN VERIFIED FOR USER ID 2","timestamp":"2026-05-27T12:07:46.090Z"}
{"level":"info","message":"USER AUTHENTICATED: 2","timestamp":"2026-05-27T12:07:46.090Z"}
{"level":"info","message":"USER ROLE: 1","timestamp":"2026-05-27T12:07:46.091Z"}
{"level":"info","message":"ALLOWED ROLES: 1","timestamp":"2026-05-27T12:07:46.091Z"}
{"level":"info","message":"USER AUTHORIZED SUCCESSFULLY","timestamp":"2026-05-27T12:07:46.091Z"}
{"level":"info","message":"GENERATING JWT TOKEN FOR USER ID 2","timestamp":"2026-05-27T12:08:22.606Z"}
{"level":"info","message":"JWT TOKEN GENERATED FOR USER ID 2","timestamp":"2026-05-27T12:08:22.608Z"}
{"level":"info","message":"LOGIN SUCCESS:sarita@yopmail.com","timestamp":"2026-05-27T12:08:22.609Z"}
{"level":"info","message":"VERIFYING JWT TOKEN","timestamp":"2026-05-27T12:09:14.139Z"}
{"level":"info","message":"JWT TOKEN VERIFIED FOR USER ID 2","timestamp":"2026-05-27T12:09:14.141Z"}
{"level":"info","message":"USER AUTHENTICATED: 2","timestamp":"2026-05-27T12:09:14.141Z"}
{"level":"info","message":"USER ROLE: 2","timestamp":"2026-05-27T12:09:14.141Z"}
{"level":"info","message":"ALLOWED ROLES: 1","timestamp":"2026-05-27T12:09:14.142Z"}
{"level":"warn","message":"ACCESS DENIED - ROLE 2","timestamp":"2026-05-27T12:09:14.142Z"}
{"level":"info","message":"Server running on port 3000","timestamp":"2026-05-27T12:09:31.746Z"}
{"level":"info","message":"Server running on port 3000","timestamp":"2026-05-27T12:09:32.956Z"}
{"level":"info","message":"Server running on port 3000","timestamp":"2026-05-27T12:09:39.151Z"}
{"level":"info","message":"VERIFYING JWT TOKEN","timestamp":"2026-05-27T12:09:40.147Z"}
{"level":"info","message":"JWT TOKEN VERIFIED FOR USER ID 2","timestamp":"2026-05-27T12:09:40.152Z"}
{"level":"info","message":"USER AUTHENTICATED: 2","timestamp":"2026-05-27T12:09:40.153Z"}
{"level":"warn","message":"AUTH HEADER MISSING","timestamp":"2026-05-27T12:10:15.359Z"}
{"level":"info","message":"VERIFYING JWT TOKEN","timestamp":"2026-05-27T12:10:23.909Z"}
{"level":"info","message":"JWT TOKEN VERIFIED FOR USER ID 2","timestamp":"2026-05-27T12:10:23.911Z"}
{"level":"info","message":"USER AUTHENTICATED: 2","timestamp":"2026-05-27T12:10:23.912Z"}
{"level":"info","message":"USER ROLE: 2","timestamp":"2026-05-27T12:10:23.913Z"}
{"level":"info","message":"ALLOWED ROLES: 1","timestamp":"2026-05-27T12:10:23.914Z"}
{"level":"warn","message":"ACCESS DENIED - ROLE 2","timestamp":"2026-05-27T12:10:23.915Z"}
{"level":"info","message":"VERIFYING JWT TOKEN","timestamp":"2026-05-27T12:10:37.403Z"}
{"level":"info","message":"JWT TOKEN VERIFIED FOR USER ID 2","timestamp":"2026-05-27T12:10:37.406Z"}
{"level":"info","message":"USER AUTHENTICATED: 2","timestamp":"2026-05-27T12:10:37.407Z"}
{"level":"info","message":"USER ROLE: 1","timestamp":"2026-05-27T12:10:37.408Z"}
{"level":"info","message":"ALLOWED ROLES: 1","timestamp":"2026-05-27T12:10:37.408Z"}
{"level":"info","message":"USER AUTHORIZED SUCCESSFULLY","timestamp":"2026-05-27T12:10:37.413Z"}
{"level":"info","message":"VERIFYING JWT TOKEN","timestamp":"2026-05-27T12:11:15.594Z"}
{"level":"info","message":"JWT TOKEN VERIFIED FOR USER ID 2","timestamp":"2026-05-27T12:11:15.595Z"}
{"level":"info","message":"USER AUTHENTICATED: 2","timestamp":"2026-05-27T12:11:15.596Z"}
{"level":"info","message":"VERIFYING JWT TOKEN","timestamp":"2026-05-27T12:11:22.628Z"}
{"level":"info","message":"JWT TOKEN VERIFIED FOR USER ID 2","timestamp":"2026-05-27T12:11:22.630Z"}
{"level":"info","message":"USER AUTHENTICATED: 2","timestamp":"2026-05-27T12:11:22.631Z"}
{"level":"warn","message":"AUTH HEADER MISSING","timestamp":"2026-05-27T12:12:55.139Z"}
{"level":"info","message":"VERIFYING JWT TOKEN","timestamp":"2026-05-27T12:13:11.777Z"}
{"level":"info","message":"JWT TOKEN VERIFIED FOR USER ID 2","timestamp":"2026-05-27T12:13:11.780Z"}
{"level":"info","message":"USER AUTHENTICATED: 2","timestamp":"2026-05-27T12:13:11.780Z"}
{"level":"info","message":"USER ROLE: 1","timestamp":"2026-05-27T12:13:11.781Z"}
{"level":"info","message":"ALLOWED ROLES: 1","timestamp":"2026-05-27T12:13:11.782Z"}
{"level":"info","message":"USER AUTHORIZED SUCCESSFULLY","timestamp":"2026-05-27T12:13:11.786Z"}
{"level":"warn","message":"AUTH HEADER MISSING","timestamp":"2026-05-27T12:13:18.721Z"}
{"level":"info","message":"VERIFYING JWT TOKEN","timestamp":"2026-05-27T12:13:26.948Z"}
{"level":"info","message":"JWT TOKEN VERIFIED FOR USER ID 2","timestamp":"2026-05-27T12:13:26.951Z"}
{"level":"info","message":"USER AUTHENTICATED: 2","timestamp":"2026-05-27T12:13:26.953Z"}
{"level":"info","message":"VERIFYING JWT TOKEN","timestamp":"2026-05-27T12:13:31.951Z"}
{"level":"info","message":"JWT TOKEN VERIFIED FOR USER ID 2","timestamp":"2026-05-27T12:13:31.953Z"}
{"level":"info","message":"USER AUTHENTICATED: 2","timestamp":"2026-05-27T12:13:31.954Z"}
{"level":"info","message":"VERIFYING JWT TOKEN","timestamp":"2026-05-27T12:13:42.846Z"}
{"level":"info","message":"JWT TOKEN VERIFIED FOR USER ID 2","timestamp":"2026-05-27T12:13:42.848Z"}
{"level":"info","message":"USER AUTHENTICATED: 2","timestamp":"2026-05-27T12:13:42.849Z"}
{"level":"info","message":"Server running on port 3000","timestamp":"2026-05-27T12:15:52.587Z"}
{"level":"info","message":"Server running on port 3000","timestamp":"2026-05-27T12:15:54.757Z"}
{"level":"warn","message":"AUTH HEADER MISSING","timestamp":"2026-05-27T12:15:56.202Z"}
{"level":"info","message":"VERIFYING JWT TOKEN","timestamp":"2026-05-27T12:16:17.599Z"}
{"level":"info","message":"JWT TOKEN VERIFIED FOR USER ID 2","timestamp":"2026-05-27T12:16:17.607Z"}
{"level":"info","message":"USER AUTHENTICATED: 2","timestamp":"2026-05-27T12:16:17.607Z"}
{"level":"info","message":"USER ROLE: 2","timestamp":"2026-05-27T12:16:17.609Z"}
{"level":"info","message":"ALLOWED ROLES: 2","timestamp":"2026-05-27T12:16:17.611Z"}
{"level":"info","message":"USER AUTHORIZED SUCCESSFULLY","timestamp":"2026-05-27T12:16:17.612Z"}
{"level":"info","message":"VERIFYING JWT TOKEN","timestamp":"2026-05-27T12:16:40.702Z"}
{"level":"info","message":"JWT TOKEN VERIFIED FOR USER ID 2","timestamp":"2026-05-27T12:16:40.705Z"}
{"level":"info","message":"USER AUTHENTICATED: 2","timestamp":"2026-05-27T12:16:40.706Z"}
{"level":"info","message":"USER ROLE: 2","timestamp":"2026-05-27T12:16:40.706Z"}
{"level":"info","message":"ALLOWED ROLES: 1","timestamp":"2026-05-27T12:16:40.707Z"}
{"level":"warn","message":"ACCESS DENIED - ROLE 2","timestamp":"2026-05-27T12:16:40.708Z"}
{"level":"info","message":"VERIFYING JWT TOKEN","timestamp":"2026-05-27T12:16:52.141Z"}
{"level":"info","message":"JWT TOKEN VERIFIED FOR USER ID 2","timestamp":"2026-05-27T12:16:52.145Z"}
{"level":"info","message":"USER AUTHENTICATED: 2","timestamp":"2026-05-27T12:16:52.146Z"}
{"level":"info","message":"USER ROLE: 1","timestamp":"2026-05-27T12:16:52.148Z"}
{"level":"info","message":"ALLOWED ROLES: 1","timestamp":"2026-05-27T12:16:52.149Z"}
{"level":"info","message":"USER AUTHORIZED SUCCESSFULLY","timestamp":"2026-05-27T12:16:52.150Z"}
{"level":"info","message":"VERIFYING JWT TOKEN","timestamp":"2026-05-27T12:17:54.798Z"}
{"level":"info","message":"JWT TOKEN VERIFIED FOR USER ID 2","timestamp":"2026-05-27T12:17:54.800Z"}
{"level":"info","message":"USER AUTHENTICATED: 2","timestamp":"2026-05-27T12:17:54.801Z"}
{"level":"info","message":"USER ROLE: 1","timestamp":"2026-05-27T12:17:54.802Z"}
{"level":"info","message":"ALLOWED ROLES: 1","timestamp":"2026-05-27T12:17:54.803Z"}
{"level":"info","message":"USER AUTHORIZED SUCCESSFULLY","timestamp":"2026-05-27T12:17:54.803Z"}
{"level":"error","message":"APPROVE REQUEST ERROR REQUEST_NOT_FOUND","stack":"Error: REQUEST_NOT_FOUND\n    at approveRequest (file:///D:/About_LexiconNetworks/Library_Management_System/backend/src/controllers/book.request.controller.js:399:13)\n    at process.processTicksAndRejections (node:internal/process/task_queues:103:5)","timestamp":"2026-05-27T12:17:54.840Z"}
{"level":"info","message":"VERIFYING JWT TOKEN","timestamp":"2026-05-27T12:18:13.682Z"}
{"level":"info","message":"JWT TOKEN VERIFIED FOR USER ID 2","timestamp":"2026-05-27T12:18:13.683Z"}
{"level":"info","message":"USER AUTHENTICATED: 2","timestamp":"2026-05-27T12:18:13.683Z"}
{"level":"info","message":"USER ROLE: 1","timestamp":"2026-05-27T12:18:13.683Z"}
{"level":"info","message":"ALLOWED ROLES: 1","timestamp":"2026-05-27T12:18:13.684Z"}
{"level":"info","message":"USER AUTHORIZED SUCCESSFULLY","timestamp":"2026-05-27T12:18:13.684Z"}
{"level":"info","message":"EMAIL SENT : <f568c4e4-6350-fec4-6814-d0ffb27970ea@gmail.com>","timestamp":"2026-05-27T12:18:17.247Z"}
{"level":"info","message":"VERIFYING JWT TOKEN","timestamp":"2026-05-27T12:19:10.808Z"}
{"level":"info","message":"JWT TOKEN VERIFIED FOR USER ID 2","timestamp":"2026-05-27T12:19:10.811Z"}
{"level":"info","message":"USER AUTHENTICATED: 2","timestamp":"2026-05-27T12:19:10.812Z"}
{"level":"info","message":"USER ROLE: 1","timestamp":"2026-05-27T12:19:10.813Z"}
{"level":"info","message":"ALLOWED ROLES: 1","timestamp":"2026-05-27T12:19:10.814Z"}
{"level":"info","message":"USER AUTHORIZED SUCCESSFULLY","timestamp":"2026-05-27T12:19:10.815Z"}
{"level":"info","message":"GET ALL ISSUES API","timestamp":"2026-05-27T12:19:10.817Z"}
{"level":"info","message":"VERIFYING JWT TOKEN","timestamp":"2026-05-27T12:19:28.176Z"}
{"level":"info","message":"JWT TOKEN VERIFIED FOR USER ID 2","timestamp":"2026-05-27T12:19:28.177Z"}
{"level":"info","message":"USER AUTHENTICATED: 2","timestamp":"2026-05-27T12:19:28.178Z"}
{"level":"info","message":"USER ROLE: 2","timestamp":"2026-05-27T12:19:28.178Z"}
{"level":"info","message":"ALLOWED ROLES: 1","timestamp":"2026-05-27T12:19:28.179Z"}
{"level":"warn","message":"ACCESS DENIED - ROLE 2","timestamp":"2026-05-27T12:19:28.179Z"}
{"level":"info","message":"VERIFYING JWT TOKEN","timestamp":"2026-05-27T12:20:20.202Z"}
{"level":"info","message":"JWT TOKEN VERIFIED FOR USER ID 2","timestamp":"2026-05-27T12:20:20.203Z"}
{"level":"info","message":"USER AUTHENTICATED: 2","timestamp":"2026-05-27T12:20:20.204Z"}
{"level":"info","message":"USER ROLE: 2","timestamp":"2026-05-27T12:20:20.204Z"}
{"level":"info","message":"ALLOWED ROLES: 1","timestamp":"2026-05-27T12:20:20.204Z"}
{"level":"warn","message":"ACCESS DENIED - ROLE 2","timestamp":"2026-05-27T12:20:20.205Z"}
{"level":"info","message":"VERIFYING JWT TOKEN","timestamp":"2026-05-27T12:20:25.921Z"}
{"level":"info","message":"JWT TOKEN VERIFIED FOR USER ID 2","timestamp":"2026-05-27T12:20:25.923Z"}
{"level":"info","message":"USER AUTHENTICATED: 2","timestamp":"2026-05-27T12:20:25.924Z"}
{"level":"info","message":"USER ROLE: 2","timestamp":"2026-05-27T12:20:25.925Z"}
{"level":"info","message":"ALLOWED ROLES: 1","timestamp":"2026-05-27T12:20:25.926Z"}
{"level":"warn","message":"ACCESS DENIED - ROLE 2","timestamp":"2026-05-27T12:20:25.927Z"}
{"level":"info","message":"Server running on port 3000","timestamp":"2026-05-27T12:20:41.667Z"}
{"level":"info","message":"VERIFYING JWT TOKEN","timestamp":"2026-05-27T12:20:45.335Z"}
{"level":"info","message":"JWT TOKEN VERIFIED FOR USER ID 2","timestamp":"2026-05-27T12:20:45.339Z"}
{"level":"info","message":"USER AUTHENTICATED: 2","timestamp":"2026-05-27T12:20:45.341Z"}
{"level":"info","message":"USER ROLE: 2","timestamp":"2026-05-27T12:20:45.342Z"}
{"level":"info","message":"ALLOWED ROLES: 1","timestamp":"2026-05-27T12:20:45.343Z"}
{"level":"warn","message":"ACCESS DENIED - ROLE 2","timestamp":"2026-05-27T12:20:45.344Z"}
{"level":"info","message":"VERIFYING JWT TOKEN","timestamp":"2026-05-27T12:21:01.213Z"}
{"level":"info","message":"JWT TOKEN VERIFIED FOR USER ID 2","timestamp":"2026-05-27T12:21:01.216Z"}
{"level":"info","message":"USER AUTHENTICATED: 2","timestamp":"2026-05-27T12:21:01.217Z"}
{"level":"info","message":"USER ROLE: 2","timestamp":"2026-05-27T12:21:01.218Z"}
{"level":"info","message":"ALLOWED ROLES: 1","timestamp":"2026-05-27T12:21:01.219Z"}
{"level":"warn","message":"ACCESS DENIED - ROLE 2","timestamp":"2026-05-27T12:21:01.219Z"}
{"level":"info","message":"VERIFYING JWT TOKEN","timestamp":"2026-05-27T12:23:10.308Z"}
{"level":"info","message":"JWT TOKEN VERIFIED FOR USER ID 2","timestamp":"2026-05-27T12:23:10.310Z"}
{"level":"info","message":"USER AUTHENTICATED: 2","timestamp":"2026-05-27T12:23:10.311Z"}
{"level":"info","message":"USER ROLE: 2","timestamp":"2026-05-27T12:23:10.311Z"}
{"level":"info","message":"ALLOWED ROLES: 1","timestamp":"2026-05-27T12:23:10.312Z"}
{"level":"warn","message":"ACCESS DENIED - ROLE 2","timestamp":"2026-05-27T12:23:10.312Z"}
{"level":"info","message":"Server running on port 3000","timestamp":"2026-05-27T12:23:33.519Z"}
{"level":"info","message":"Server running on port 3000","timestamp":"2026-05-27T12:23:35.841Z"}
{"level":"info","message":"Server running on port 3000","timestamp":"2026-05-27T12:23:36.801Z"}
{"level":"info","message":"VERIFYING JWT TOKEN","timestamp":"2026-05-27T12:23:39.463Z"}
{"level":"info","message":"JWT TOKEN VERIFIED FOR USER ID 2","timestamp":"2026-05-27T12:23:39.467Z"}
{"level":"info","message":"USER AUTHENTICATED: 2","timestamp":"2026-05-27T12:23:39.470Z"}
{"level":"info","message":"USER ROLE: 2","timestamp":"2026-05-27T12:23:39.471Z"}
{"level":"info","message":"ALLOWED ROLES: 1","timestamp":"2026-05-27T12:23:39.472Z"}
{"level":"warn","message":"ACCESS DENIED - ROLE 2","timestamp":"2026-05-27T12:23:39.474Z"}
{"level":"info","message":"Server running on port 3000","timestamp":"2026-05-27T12:23:53.620Z"}
{"level":"info","message":"Server running on port 3000","timestamp":"2026-05-27T12:24:00.004Z"}
{"level":"info","message":"VERIFYING JWT TOKEN","timestamp":"2026-05-27T12:24:02.332Z"}
{"level":"info","message":"JWT TOKEN VERIFIED FOR USER ID 2","timestamp":"2026-05-27T12:24:02.334Z"}
{"level":"info","message":"USER AUTHENTICATED: 2","timestamp":"2026-05-27T12:24:02.335Z"}
{"level":"info","message":"USER ROLE: 2","timestamp":"2026-05-27T12:24:02.335Z"}
{"level":"info","message":"ALLOWED ROLES: 1","timestamp":"2026-05-27T12:24:02.335Z"}
{"level":"warn","message":"ACCESS DENIED - ROLE 2","timestamp":"2026-05-27T12:24:02.336Z"}
{"level":"info","message":"Server running on port 3000","timestamp":"2026-05-27T12:24:33.273Z"}
{"level":"info","message":"VERIFYING JWT TOKEN","timestamp":"2026-05-27T12:24:37.374Z"}
{"level":"info","message":"JWT TOKEN VERIFIED FOR USER ID 2","timestamp":"2026-05-27T12:24:37.381Z"}
{"level":"info","message":"USER AUTHENTICATED: 2","timestamp":"2026-05-27T12:24:37.383Z"}
{"level":"info","message":"USER ROLE: 2","timestamp":"2026-05-27T12:24:37.386Z"}
{"level":"info","message":"ALLOWED ROLES: 1","timestamp":"2026-05-27T12:24:37.387Z"}
{"level":"warn","message":"ACCESS DENIED - ROLE 2","timestamp":"2026-05-27T12:24:37.391Z"}
{"level":"info","message":"Server running on port 3000","timestamp":"2026-05-27T12:24:49.099Z"}
{"level":"info","message":"VERIFYING JWT TOKEN","timestamp":"2026-05-27T12:24:49.886Z"}
{"level":"info","message":"JWT TOKEN VERIFIED FOR USER ID 2","timestamp":"2026-05-27T12:24:49.892Z"}
{"level":"info","message":"USER AUTHENTICATED: 2","timestamp":"2026-05-27T12:24:49.893Z"}
{"level":"info","message":"USER ROLE: 2","timestamp":"2026-05-27T12:24:49.896Z"}
{"level":"info","message":"ALLOWED ROLES: 1","timestamp":"2026-05-27T12:24:49.900Z"}
{"level":"warn","message":"ACCESS DENIED - ROLE 2","timestamp":"2026-05-27T12:24:49.901Z"}
{"level":"info","message":"Server running on port 3000","timestamp":"2026-05-27T12:26:10.231Z"}
{"level":"info","message":"Server running on port 3000","timestamp":"2026-05-27T12:26:14.335Z"}
{"level":"info","message":"Server running on port 3000","timestamp":"2026-05-27T12:26:19.696Z"}
{"level":"info","message":"Server running on port 3000","timestamp":"2026-05-27T12:26:21.424Z"}
{"level":"info","message":"Server running on port 3000","timestamp":"2026-05-27T12:26:24.152Z"}
{"level":"info","message":"Server running on port 3000","timestamp":"2026-05-27T12:26:36.614Z"}
{"level":"info","message":"VERIFYING JWT TOKEN","timestamp":"2026-05-27T12:26:38.997Z"}
{"level":"info","message":"JWT TOKEN VERIFIED FOR USER ID 2","timestamp":"2026-05-27T12:26:39.001Z"}
{"level":"info","message":"USER AUTHENTICATED: 2","timestamp":"2026-05-27T12:26:39.001Z"}
{"level":"info","message":"USER ROLE: 2","timestamp":"2026-05-27T12:26:39.003Z"}
{"level":"info","message":"ALLOWED ROLES: 1","timestamp":"2026-05-27T12:26:39.004Z"}
{"level":"warn","message":"ACCESS DENIED - ROLE 2","timestamp":"2026-05-27T12:26:39.004Z"}
{"level":"info","message":"Server running on port 3000","timestamp":"2026-05-27T12:26:52.988Z"}
{"level":"info","message":"Server running on port 3000","timestamp":"2026-05-27T12:26:56.343Z"}
{"level":"info","message":"VERIFYING JWT TOKEN","timestamp":"2026-05-27T12:26:58.759Z"}
{"level":"info","message":"JWT TOKEN VERIFIED FOR USER ID 2","timestamp":"2026-05-27T12:26:58.761Z"}
{"level":"info","message":"USER AUTHENTICATED: 2","timestamp":"2026-05-27T12:26:58.762Z"}
{"level":"info","message":"USER ROLE: 2","timestamp":"2026-05-27T12:26:58.764Z"}
{"level":"info","message":"ALLOWED ROLES: 1","timestamp":"2026-05-27T12:26:58.769Z"}
{"level":"warn","message":"ACCESS DENIED - ROLE 2","timestamp":"2026-05-27T12:26:58.770Z"}
{"level":"info","message":"Server running on port 3000","timestamp":"2026-05-27T12:27:45.447Z"}
{"level":"info","message":"Server running on port 3000","timestamp":"2026-05-27T12:27:52.577Z"}
{"level":"info","message":"Server running on port 3000","timestamp":"2026-05-27T12:27:55.999Z"}
{"level":"info","message":"VERIFYING JWT TOKEN","timestamp":"2026-05-27T12:27:57.458Z"}
{"level":"info","message":"JWT TOKEN VERIFIED FOR USER ID 2","timestamp":"2026-05-27T12:27:57.461Z"}
{"level":"info","message":"USER AUTHENTICATED: 2","timestamp":"2026-05-27T12:27:57.463Z"}
{"level":"info","message":"USER ROLE: 2","timestamp":"2026-05-27T12:27:57.465Z"}
{"level":"info","message":"ALLOWED ROLES: 1","timestamp":"2026-05-27T12:27:57.466Z"}
{"level":"warn","message":"ACCESS DENIED - ROLE 2","timestamp":"2026-05-27T12:27:57.467Z"}
{"level":"info","message":"Server running on port 3000","timestamp":"2026-05-27T12:29:07.262Z"}
{"level":"info","message":"VERIFYING JWT TOKEN","timestamp":"2026-05-27T12:29:16.084Z"}
{"level":"info","message":"JWT TOKEN VERIFIED FOR USER ID 2","timestamp":"2026-05-27T12:29:16.091Z"}
{"level":"info","message":"USER AUTHENTICATED: 2","timestamp":"2026-05-27T12:29:16.093Z"}
{"level":"info","message":"USER ROLE: 2","timestamp":"2026-05-27T12:29:16.095Z"}
{"level":"info","message":"ALLOWED ROLES: 1","timestamp":"2026-05-27T12:29:16.097Z"}
{"level":"warn","message":"ACCESS DENIED - ROLE 2","timestamp":"2026-05-27T12:29:16.098Z"}
{"level":"info","message":"Server running on port 3000","timestamp":"2026-05-27T12:29:51.268Z"}
{"level":"info","message":"Server running on port 3000","timestamp":"2026-05-27T12:29:54.379Z"}
{"level":"info","message":"VERIFYING JWT TOKEN","timestamp":"2026-05-27T12:29:57.854Z"}
{"level":"info","message":"JWT TOKEN VERIFIED FOR USER ID 2","timestamp":"2026-05-27T12:29:57.859Z"}
{"level":"info","message":"USER AUTHENTICATED: 2","timestamp":"2026-05-27T12:29:57.862Z"}
{"level":"info","message":"USER ROLE: 2","timestamp":"2026-05-27T12:29:57.866Z"}
{"level":"info","message":"ALLOWED ROLES: 1","timestamp":"2026-05-27T12:29:57.867Z"}
{"level":"warn","message":"ACCESS DENIED - ROLE 2","timestamp":"2026-05-27T12:29:57.868Z"}
{"level":"info","message":"Server running on port 3000","timestamp":"2026-05-27T12:30:46.291Z"}
{"level":"info","message":"Server running on port 3000","timestamp":"2026-05-27T12:30:48.492Z"}
{"level":"info","message":"VERIFYING JWT TOKEN","timestamp":"2026-05-27T12:30:50.176Z"}
{"level":"info","message":"JWT TOKEN VERIFIED FOR USER ID 2","timestamp":"2026-05-27T12:30:50.178Z"}
{"level":"info","message":"USER AUTHENTICATED: 2","timestamp":"2026-05-27T12:30:50.180Z"}
{"level":"info","message":"USER ROLE: 2","timestamp":"2026-05-27T12:30:50.182Z"}
{"level":"info","message":"ALLOWED ROLES: 1","timestamp":"2026-05-27T12:30:50.185Z"}
{"level":"warn","message":"ACCESS DENIED - ROLE 2","timestamp":"2026-05-27T12:30:50.185Z"}
{"level":"info","message":"Server running on port 3000","timestamp":"2026-05-27T12:32:22.066Z"}
{"level":"info","message":"VERIFYING JWT TOKEN","timestamp":"2026-05-27T12:32:27.037Z"}
{"level":"info","message":"JWT TOKEN VERIFIED FOR USER ID 2","timestamp":"2026-05-27T12:32:27.043Z"}
{"level":"info","message":"USER AUTHENTICATED: 2","timestamp":"2026-05-27T12:32:27.054Z"}
{"level":"info","message":"USER ROLE: 2","timestamp":"2026-05-27T12:32:27.056Z"}
{"level":"info","message":"ALLOWED ROLES: 1","timestamp":"2026-05-27T12:32:27.057Z"}
{"level":"warn","message":"ACCESS DENIED - ROLE 2","timestamp":"2026-05-27T12:32:27.057Z"}
{"level":"info","message":"Server running on port 3000","timestamp":"2026-05-27T12:33:24.355Z"}
{"level":"info","message":"Server running on port 3000","timestamp":"2026-05-27T12:33:26.619Z"}
{"level":"info","message":"VERIFYING JWT TOKEN","timestamp":"2026-05-27T12:33:30.032Z"}
{"level":"info","message":"JWT TOKEN VERIFIED FOR USER ID 2","timestamp":"2026-05-27T12:33:30.038Z"}
{"level":"info","message":"USER AUTHENTICATED: 2","timestamp":"2026-05-27T12:33:30.041Z"}
{"level":"info","message":"USER ROLE: 2","timestamp":"2026-05-27T12:33:30.044Z"}
{"level":"info","message":"ALLOWED ROLES: 1","timestamp":"2026-05-27T12:33:30.045Z"}
{"level":"warn","message":"ACCESS DENIED - ROLE 2","timestamp":"2026-05-27T12:33:30.047Z"}
{"level":"info","message":"Server running on port 3000","timestamp":"2026-05-27T12:36:01.374Z"}
{"level":"info","message":"Server running on port 3000","timestamp":"2026-05-27T12:36:03.418Z"}
{"level":"info","message":"Server running on port 3000","timestamp":"2026-05-27T12:36:07.642Z"}
{"level":"info","message":"Server running on port 3000","timestamp":"2026-05-27T12:36:23.568Z"}
{"level":"info","message":"VERIFYING JWT TOKEN","timestamp":"2026-05-27T12:36:24.817Z"}
{"level":"info","message":"JWT TOKEN VERIFIED FOR USER ID 2","timestamp":"2026-05-27T12:36:24.820Z"}
{"level":"info","message":"USER AUTHENTICATED: 2","timestamp":"2026-05-27T12:36:24.822Z"}
{"level":"info","message":"USER ROLE: 2","timestamp":"2026-05-27T12:36:24.825Z"}
{"level":"info","message":"ALLOWED ROLES: 2","timestamp":"2026-05-27T12:36:24.826Z"}
{"level":"info","message":"USER AUTHORIZED SUCCESSFULLY","timestamp":"2026-05-27T12:36:24.826Z"}
{"level":"info","message":"Server running on port 3000","timestamp":"2026-05-27T12:36:31.880Z"}
{"level":"info","message":"VERIFYING JWT TOKEN","timestamp":"2026-05-27T12:37:07.645Z"}
{"level":"info","message":"JWT TOKEN VERIFIED FOR USER ID 2","timestamp":"2026-05-27T12:37:07.651Z"}
{"level":"info","message":"USER AUTHENTICATED: 2","timestamp":"2026-05-27T12:37:07.655Z"}
{"level":"info","message":"USER ROLE: 2","timestamp":"2026-05-27T12:37:07.659Z"}
{"level":"info","message":"ALLOWED ROLES: 2","timestamp":"2026-05-27T12:37:07.660Z"}
{"level":"info","message":"USER AUTHORIZED SUCCESSFULLY","timestamp":"2026-05-27T12:37:07.661Z"}
{"level":"error","message":"REQUEST BOOK ERROR BOOK_ALREADY_ISSUED","stack":"Error: BOOK_ALREADY_ISSUED\n    at requestBook (file:///D:/About_LexiconNetworks/Library_Management_System/backend/src/controllers/book.request.controller.js:137:13)\n    at process.processTicksAndRejections (node:internal/process/task_queues:103:5)","timestamp":"2026-05-27T12:37:07.700Z"}
{"level":"info","message":"VERIFYING JWT TOKEN","timestamp":"2026-05-27T12:37:56.590Z"}
{"level":"info","message":"JWT TOKEN VERIFIED FOR USER ID 2","timestamp":"2026-05-27T12:37:56.593Z"}
{"level":"info","message":"USER AUTHENTICATED: 2","timestamp":"2026-05-27T12:37:56.596Z"}
{"level":"info","message":"USER ROLE: 1","timestamp":"2026-05-27T12:37:56.602Z"}
{"level":"info","message":"ALLOWED ROLES: 1","timestamp":"2026-05-27T12:37:56.604Z"}
{"level":"info","message":"USER AUTHORIZED SUCCESSFULLY","timestamp":"2026-05-27T12:37:56.605Z"}
{"level":"info","message":"VERIFYING JWT TOKEN","timestamp":"2026-05-27T12:38:08.722Z"}
{"level":"info","message":"JWT TOKEN VERIFIED FOR USER ID 2","timestamp":"2026-05-27T12:38:08.725Z"}
{"level":"info","message":"USER AUTHENTICATED: 2","timestamp":"2026-05-27T12:38:08.726Z"}
{"level":"info","message":"USER ROLE: 2","timestamp":"2026-05-27T12:38:08.737Z"}
{"level":"info","message":"ALLOWED ROLES: 2","timestamp":"2026-05-27T12:38:08.738Z"}
{"level":"info","message":"USER AUTHORIZED SUCCESSFULLY","timestamp":"2026-05-27T12:38:08.740Z"}
{"level":"warn","message":"AUTH HEADER MISSING","timestamp":"2026-05-27T12:38:32.838Z"}
{"level":"info","message":"VERIFYING JWT TOKEN","timestamp":"2026-05-27T12:38:54.603Z"}
{"level":"info","message":"JWT TOKEN VERIFIED FOR USER ID 2","timestamp":"2026-05-27T12:38:54.605Z"}
{"level":"info","message":"USER AUTHENTICATED: 2","timestamp":"2026-05-27T12:38:54.606Z"}
{"level":"info","message":"USER ROLE: 1","timestamp":"2026-05-27T12:38:54.608Z"}
{"level":"info","message":"ALLOWED ROLES: 1","timestamp":"2026-05-27T12:38:54.608Z"}
{"level":"info","message":"USER AUTHORIZED SUCCESSFULLY","timestamp":"2026-05-27T12:38:54.608Z"}
{"level":"info","message":"EMAIL SENT : <5b60d339-0ca1-77ca-9840-9779e5a28f8f@gmail.com>","timestamp":"2026-05-27T12:38:57.443Z"}
{"level":"info","message":"VERIFYING JWT TOKEN","timestamp":"2026-05-27T12:39:05.511Z"}
{"level":"info","message":"JWT TOKEN VERIFIED FOR USER ID 2","timestamp":"2026-05-27T12:39:05.512Z"}
{"level":"info","message":"USER AUTHENTICATED: 2","timestamp":"2026-05-27T12:39:05.515Z"}
{"level":"info","message":"USER ROLE: 2","timestamp":"2026-05-27T12:39:05.519Z"}
{"level":"info","message":"ALLOWED ROLES: 1","timestamp":"2026-05-27T12:39:05.520Z"}
{"level":"warn","message":"ACCESS DENIED - ROLE 2","timestamp":"2026-05-27T12:39:05.521Z"}
{"level":"info","message":"VERIFYING JWT TOKEN","timestamp":"2026-05-27T12:39:15.212Z"}
{"level":"info","message":"JWT TOKEN VERIFIED FOR USER ID 2","timestamp":"2026-05-27T12:39:15.214Z"}
{"level":"info","message":"USER AUTHENTICATED: 2","timestamp":"2026-05-27T12:39:15.215Z"}
{"level":"info","message":"USER ROLE: 2","timestamp":"2026-05-27T12:39:15.217Z"}
{"level":"info","message":"ALLOWED ROLES: 2","timestamp":"2026-05-27T12:39:15.217Z"}
{"level":"info","message":"USER AUTHORIZED SUCCESSFULLY","timestamp":"2026-05-27T12:39:15.218Z"}
{"level":"info","message":"VERIFYING JWT TOKEN","timestamp":"2026-05-27T12:39:50.816Z"}
{"level":"info","message":"JWT TOKEN VERIFIED FOR USER ID 2","timestamp":"2026-05-27T12:39:50.818Z"}
{"level":"info","message":"USER AUTHENTICATED: 2","timestamp":"2026-05-27T12:39:50.819Z"}
{"level":"info","message":"USER ROLE: 1","timestamp":"2026-05-27T12:39:50.821Z"}
{"level":"info","message":"ALLOWED ROLES: 1","timestamp":"2026-05-27T12:39:50.821Z"}
{"level":"info","message":"USER AUTHORIZED SUCCESSFULLY","timestamp":"2026-05-27T12:39:50.822Z"}
{"level":"info","message":"VERIFYING JWT TOKEN","timestamp":"2026-05-27T12:40:01.082Z"}
{"level":"info","message":"JWT TOKEN VERIFIED FOR USER ID 2","timestamp":"2026-05-27T12:40:01.084Z"}
{"level":"info","message":"USER AUTHENTICATED: 2","timestamp":"2026-05-27T12:40:01.085Z"}
{"level":"info","message":"USER ROLE: 2","timestamp":"2026-05-27T12:40:01.086Z"}
{"level":"info","message":"ALLOWED ROLES: 2","timestamp":"2026-05-27T12:40:01.087Z"}
{"level":"info","message":"USER AUTHORIZED SUCCESSFULLY","timestamp":"2026-05-27T12:40:01.087Z"}
{"level":"info","message":"EMAIL SENT : <f0d41947-3da4-9a78-f7db-ee7045e75172@gmail.com>","timestamp":"2026-05-27T12:48:30.268Z"}
{"level":"info","message":"RESET EMAIL SENT : sarita@yopmail.com","timestamp":"2026-05-27T12:48:30.272Z"}
{"level":"info","message":"EMAIL SENT : <5116b8b1-d913-23c8-052d-4698b7db50f6@gmail.com>","timestamp":"2026-05-27T12:49:29.670Z"}
{"level":"info","message":"PASSWORD RESET SUCCESS : sarita@yopmail.com","timestamp":"2026-05-27T12:49:29.671Z"}
{"level":"error","message":"LOGIN ERROR INVALID_PASSWORD","stack":"Error: INVALID_PASSWORD\n    at login (file:///D:/About_LexiconNetworks/Library_Management_System/backend/src/controllers/auth.controller.js:42:25)","timestamp":"2026-05-27T12:49:53.931Z"}
{"level":"info","message":"EMAIL SENT : <be216b73-5046-f45f-23fa-24ca621a9916@gmail.com>","timestamp":"2026-05-27T12:50:14.716Z"}
{"level":"info","message":"RESET EMAIL SENT : sarita@yopmail.com","timestamp":"2026-05-27T12:50:14.717Z"}
{"level":"error","message":"RESET PASSWORD ERROR NEW_PASSWORD_MUST_BE_DIFFERENT","stack":"Error: NEW_PASSWORD_MUST_BE_DIFFERENT\n    at resetPassword (file:///D:/About_LexiconNetworks/Library_Management_System/backend/src/controllers/auth.controller.js:339:13)","timestamp":"2026-05-27T12:50:26.884Z"}
{"level":"error","message":"RESET PASSWORD ERROR INVALID_TOKEN","stack":"Error: INVALID_TOKEN\n    at resetPassword (file:///D:/About_LexiconNetworks/Library_Management_System/backend/src/controllers/auth.controller.js:331:13)","timestamp":"2026-05-27T12:50:36.487Z"}
{"level":"info","message":"VERIFYING JWT TOKEN","timestamp":"2026-05-27T12:57:41.603Z"}
{"level":"info","message":"JWT TOKEN VERIFIED FOR USER ID 2","timestamp":"2026-05-27T12:57:41.606Z"}
{"level":"info","message":"USER AUTHENTICATED: 2","timestamp":"2026-05-27T12:57:41.607Z"}
{"level":"info","message":"USER ROLE: 1","timestamp":"2026-05-27T12:57:41.608Z"}
{"level":"info","message":"ALLOWED ROLES: 1","timestamp":"2026-05-27T12:57:41.609Z"}
{"level":"info","message":"USER AUTHORIZED SUCCESSFULLY","timestamp":"2026-05-27T12:57:41.609Z"}
{"level":"info","message":"VERIFYING JWT TOKEN","timestamp":"2026-05-27T12:57:55.907Z"}
{"level":"info","message":"JWT TOKEN VERIFIED FOR USER ID 2","timestamp":"2026-05-27T12:57:55.908Z"}
{"level":"info","message":"USER AUTHENTICATED: 2","timestamp":"2026-05-27T12:57:55.909Z"}
{"level":"info","message":"USER ROLE: 1","timestamp":"2026-05-27T12:57:55.911Z"}
{"level":"info","message":"ALLOWED ROLES: 1","timestamp":"2026-05-27T12:57:55.912Z"}
{"level":"info","message":"USER AUTHORIZED SUCCESSFULLY","timestamp":"2026-05-27T12:57:55.913Z"}
{"level":"info","message":"VERIFYING JWT TOKEN","timestamp":"2026-05-27T12:58:17.380Z"}
{"level":"info","message":"JWT TOKEN VERIFIED FOR USER ID 2","timestamp":"2026-05-27T12:58:17.381Z"}
{"level":"info","message":"USER AUTHENTICATED: 2","timestamp":"2026-05-27T12:58:17.382Z"}
{"level":"info","message":"USER ROLE: 1","timestamp":"2026-05-27T12:58:17.383Z"}
{"level":"info","message":"ALLOWED ROLES: 1","timestamp":"2026-05-27T12:58:17.384Z"}
{"level":"info","message":"USER AUTHORIZED SUCCESSFULLY","timestamp":"2026-05-27T12:58:17.384Z"}
{"0":{"instancePath":"","keyword":"errorMessage","message":"AT_LEAST_ONE_FIELD_REQUIRED","params":{"errors":[{"emUsed":true,"instancePath":"","keyword":"minProperties","message":"must NOT have fewer than 1 properties","params":{"limit":1},"schemaPath":"#/minProperties"}]},"schemaPath":"#/errorMessage"},"level":"warn","message":"AJV VALIDATION FAILED","timestamp":"2026-05-27T12:58:17.388Z"}
{"level":"info","message":"VERIFYING JWT TOKEN","timestamp":"2026-05-27T12:58:35.749Z"}
{"level":"info","message":"JWT TOKEN VERIFIED FOR USER ID 2","timestamp":"2026-05-27T12:58:35.751Z"}
{"level":"info","message":"USER AUTHENTICATED: 2","timestamp":"2026-05-27T12:58:35.752Z"}
{"level":"info","message":"USER ROLE: 1","timestamp":"2026-05-27T12:58:35.753Z"}
{"level":"info","message":"ALLOWED ROLES: 1","timestamp":"2026-05-27T12:58:35.753Z"}
{"level":"info","message":"USER AUTHORIZED SUCCESSFULLY","timestamp":"2026-05-27T12:58:35.753Z"}
{"level":"error","message":"UPDATE ROLE ERROR ROLE_NOT_FOUND","stack":"Error: ROLE_NOT_FOUND\n    at updateRole (file:///D:/About_LexiconNetworks/Library_Management_System/backend/src/controllers/role.controller.js:164:13)\n    at process.processTicksAndRejections (node:internal/process/task_queues:103:5)","timestamp":"2026-05-27T12:58:35.757Z"}
{"level":"info","message":"VERIFYING JWT TOKEN","timestamp":"2026-05-27T12:59:02.058Z"}
{"level":"info","message":"JWT TOKEN VERIFIED FOR USER ID 2","timestamp":"2026-05-27T12:59:02.059Z"}
{"level":"info","message":"USER AUTHENTICATED: 2","timestamp":"2026-05-27T12:59:02.061Z"}
{"level":"info","message":"USER ROLE: 1","timestamp":"2026-05-27T12:59:02.062Z"}
{"level":"info","message":"ALLOWED ROLES: 1","timestamp":"2026-05-27T12:59:02.063Z"}
{"level":"info","message":"USER AUTHORIZED SUCCESSFULLY","timestamp":"2026-05-27T12:59:02.063Z"}
{"level":"warn","message":"AUTH HEADER MISSING","timestamp":"2026-05-27T12:59:12.263Z"}
{"level":"info","message":"VERIFYING JWT TOKEN","timestamp":"2026-05-27T12:59:22.230Z"}
{"level":"info","message":"JWT TOKEN VERIFIED FOR USER ID 2","timestamp":"2026-05-27T12:59:22.232Z"}
{"level":"info","message":"USER AUTHENTICATED: 2","timestamp":"2026-05-27T12:59:22.233Z"}
{"level":"info","message":"USER ROLE: 1","timestamp":"2026-05-27T12:59:22.235Z"}
{"level":"info","message":"ALLOWED ROLES: 1","timestamp":"2026-05-27T12:59:22.235Z"}
{"level":"info","message":"USER AUTHORIZED SUCCESSFULLY","timestamp":"2026-05-27T12:59:22.235Z"}
{"level":"info","message":"Server running on port 3000","timestamp":"2026-05-27T13:48:03.754Z"}
{"level":"info","message":"Server running on port 3000","timestamp":"2026-05-27T13:48:46.553Z"}
{"level":"info","message":"VERIFYING JWT TOKEN","timestamp":"2026-05-27T13:50:40.239Z"}
{"level":"info","message":"JWT TOKEN VERIFIED FOR USER ID 2","timestamp":"2026-05-27T13:50:40.244Z"}
{"level":"info","message":"USER AUTHENTICATED: 2","timestamp":"2026-05-27T13:50:40.246Z"}
{"level":"info","message":"USER ROLE: 2","timestamp":"2026-05-27T13:50:40.247Z"}
{"level":"info","message":"ALLOWED ROLES: 2","timestamp":"2026-05-27T13:50:40.248Z"}
{"level":"info","message":"USER AUTHORIZED SUCCESSFULLY","timestamp":"2026-05-27T13:50:40.249Z"}
{"level":"info","message":"Server running on port 3000","timestamp":"2026-05-28T03:40:39.620Z"}
{"level":"info","message":"GENERATING JWT TOKEN FOR USER ID 2","timestamp":"2026-05-28T05:47:43.043Z"}
{"level":"info","message":"JWT TOKEN GENERATED FOR USER ID 2","timestamp":"2026-05-28T05:47:43.134Z"}
{"level":"info","message":"LOGIN SUCCESS:sarita@yopmail.com","timestamp":"2026-05-28T05:47:43.142Z"}
{"level":"info","message":"VERIFYING JWT TOKEN","timestamp":"2026-05-28T05:47:57.837Z"}
{"level":"info","message":"JWT TOKEN VERIFIED FOR USER ID 2","timestamp":"2026-05-28T05:47:57.868Z"}
{"level":"info","message":"USER AUTHENTICATED: 2","timestamp":"2026-05-28T05:47:57.898Z"}
{"level":"info","message":"USER ROLE: 2","timestamp":"2026-05-28T05:47:57.903Z"}
{"level":"info","message":"ALLOWED ROLES: 2","timestamp":"2026-05-28T05:47:57.904Z"}
{"level":"info","message":"USER AUTHORIZED SUCCESSFULLY","timestamp":"2026-05-28T05:47:57.914Z"}
{"level":"info","message":"VERIFYING JWT TOKEN","timestamp":"2026-05-28T05:48:55.846Z"}
{"level":"info","message":"JWT TOKEN VERIFIED FOR USER ID 2","timestamp":"2026-05-28T05:48:55.848Z"}
{"level":"info","message":"USER AUTHENTICATED: 2","timestamp":"2026-05-28T05:48:55.850Z"}
{"level":"info","message":"USER ROLE: 2","timestamp":"2026-05-28T05:48:55.853Z"}
{"level":"info","message":"ALLOWED ROLES: 2","timestamp":"2026-05-28T05:48:55.854Z"}
{"level":"info","message":"USER AUTHORIZED SUCCESSFULLY","timestamp":"2026-05-28T05:48:55.854Z"}
{"level":"info","message":"VERIFYING JWT TOKEN","timestamp":"2026-05-28T05:49:07.713Z"}
{"level":"info","message":"JWT TOKEN VERIFIED FOR USER ID 2","timestamp":"2026-05-28T05:49:07.715Z"}
{"level":"info","message":"USER AUTHENTICATED: 2","timestamp":"2026-05-28T05:49:07.716Z"}
{"level":"info","message":"USER ROLE: 2","timestamp":"2026-05-28T05:49:07.718Z"}
{"level":"info","message":"ALLOWED ROLES: 2","timestamp":"2026-05-28T05:49:07.719Z"}
{"level":"info","message":"USER AUTHORIZED SUCCESSFULLY","timestamp":"2026-05-28T05:49:07.719Z"}
{"level":"info","message":"GENERATING JWT TOKEN FOR USER ID 1","timestamp":"2026-05-28T05:50:30.358Z"}
{"level":"info","message":"JWT TOKEN GENERATED FOR USER ID 1","timestamp":"2026-05-28T05:50:30.361Z"}
{"level":"info","message":"LOGIN SUCCESS:admin@yopmail.com","timestamp":"2026-05-28T05:50:30.362Z"}
{"level":"info","message":"VERIFYING JWT TOKEN","timestamp":"2026-05-28T05:50:48.272Z"}
{"level":"info","message":"JWT TOKEN VERIFIED FOR USER ID 1","timestamp":"2026-05-28T05:50:48.275Z"}
{"level":"info","message":"USER AUTHENTICATED: 1","timestamp":"2026-05-28T05:50:48.277Z"}
{"level":"info","message":"USER ROLE: 1","timestamp":"2026-05-28T05:50:48.278Z"}
{"level":"info","message":"ALLOWED ROLES: 1","timestamp":"2026-05-28T05:50:48.279Z"}
{"level":"info","message":"USER AUTHORIZED SUCCESSFULLY","timestamp":"2026-05-28T05:50:48.279Z"}
{"level":"info","message":"Server running on port 3000","timestamp":"2026-05-28T06:14:05.688Z"}
{"level":"info","message":"Server running on port 3000","timestamp":"2026-05-28T06:16:00.827Z"}
{"level":"info","message":"Server running on port 3000","timestamp":"2026-05-28T06:17:49.007Z"}
{"level":"info","message":"Server running on port 3000","timestamp":"2026-05-28T06:19:51.601Z"}
{"level":"info","message":"Server running on port 3000","timestamp":"2026-05-28T06:19:55.494Z"}
{"level":"info","message":"Server running on port 3000","timestamp":"2026-05-28T06:19:56.875Z"}
{"level":"info","message":"Server running on port 3000","timestamp":"2026-05-28T07:43:59.172Z"}
{"level":"info","message":"GENERATING JWT TOKEN FOR USER ID 2","timestamp":"2026-05-28T07:44:03.918Z"}
{"level":"info","message":"JWT TOKEN GENERATED FOR USER ID 2","timestamp":"2026-05-28T07:44:03.922Z"}
{"level":"info","message":"LOGIN SUCCESS:sarita@yopmail.com","timestamp":"2026-05-28T07:44:03.924Z"}
{"level":"info","message":"VERIFYING JWT TOKEN","timestamp":"2026-05-28T07:44:16.485Z"}
{"level":"info","message":"JWT TOKEN VERIFIED FOR USER ID 2","timestamp":"2026-05-28T07:44:16.495Z"}
{"level":"info","message":"USER AUTHENTICATED: 2","timestamp":"2026-05-28T07:44:16.497Z"}
{"level":"info","message":"GET ALL ISSUES API","timestamp":"2026-05-28T07:44:16.498Z"}
{"level":"info","message":"GENERATING JWT TOKEN FOR USER ID 1","timestamp":"2026-05-28T07:44:40.288Z"}
{"level":"info","message":"JWT TOKEN GENERATED FOR USER ID 1","timestamp":"2026-05-28T07:44:40.290Z"}
{"level":"info","message":"LOGIN SUCCESS:admin@yopmail.com","timestamp":"2026-05-28T07:44:40.290Z"}
{"level":"info","message":"VERIFYING JWT TOKEN","timestamp":"2026-05-28T07:44:52.153Z"}
{"level":"info","message":"JWT TOKEN VERIFIED FOR USER ID 1","timestamp":"2026-05-28T07:44:52.155Z"}
{"level":"info","message":"USER AUTHENTICATED: 1","timestamp":"2026-05-28T07:44:52.156Z"}
{"level":"info","message":"GET ALL ISSUES API","timestamp":"2026-05-28T07:44:52.156Z"}
{"level":"info","message":"VERIFYING JWT TOKEN","timestamp":"2026-05-28T07:45:04.144Z"}
{"level":"info","message":"JWT TOKEN VERIFIED FOR USER ID 1","timestamp":"2026-05-28T07:45:04.144Z"}
{"level":"info","message":"USER AUTHENTICATED: 1","timestamp":"2026-05-28T07:45:04.145Z"}
{"level":"info","message":"USER ROLE: 1","timestamp":"2026-05-28T07:45:04.163Z"}
{"level":"info","message":"ALLOWED ROLES: 1","timestamp":"2026-05-28T07:45:04.163Z"}
{"level":"info","message":"USER AUTHORIZED SUCCESSFULLY","timestamp":"2026-05-28T07:45:04.163Z"}
{"level":"info","message":"VERIFYING JWT TOKEN","timestamp":"2026-05-28T09:13:31.822Z"}
{"level":"info","message":"JWT TOKEN VERIFIED FOR USER ID 2","timestamp":"2026-05-28T09:13:31.869Z"}
{"level":"info","message":"USER AUTHENTICATED: 2","timestamp":"2026-05-28T09:13:31.905Z"}
{"level":"info","message":"USER ROLE: 1","timestamp":"2026-05-28T09:13:31.916Z"}
{"level":"info","message":"ALLOWED ROLES: 1","timestamp":"2026-05-28T09:13:31.918Z"}
{"level":"info","message":"USER AUTHORIZED SUCCESSFULLY","timestamp":"2026-05-28T09:13:31.919Z"}
{"code":"ER_DUP_ENTRY","errno":1062,"level":"error","message":"Duplicate entry 'BK1002' for key 'books.book_num'","sql":"INSERT INTO books (title, author, book_num, category, sub_category,total_copies,available_copies,status) VALUES (?, ?, ?, ?, ?, ?, ?, ?)","sqlMessage":"Duplicate entry 'BK1002' for key 'books.book_num'","sqlState":"23000","stack":"Error: Duplicate entry 'BK1002' for key 'books.book_num'\n    at createBook (file:///D:/About_LexiconNetworks/Library_Management_System/backend/src/controllers/book.controller.js:63:31)\n    at Layer.handleRequest (D:\\About_LexiconNetworks\\Library_Management_System\\backend\\node_modules\\router\\lib\\layer.js:152:17)\n    at next (D:\\About_LexiconNetworks\\Library_Management_System\\backend\\node_modules\\router\\lib\\route.js:157:13)\n    at file:///D:/About_LexiconNetworks/Library_Management_System/backend/src/middlewares/schema.validator.middleware.js:70:7\n    at Layer.handleRequest (D:\\About_LexiconNetworks\\Library_Management_System\\backend\\node_modules\\router\\lib\\layer.js:152:17)\n    at next (D:\\About_LexiconNetworks\\Library_Management_System\\backend\\node_modules\\router\\lib\\route.js:157:13)\n    at file:///D:/About_LexiconNetworks/Library_Management_System/backend/src/middlewares/auth.middleware.js:104:7\n    at Layer.handleRequest (D:\\About_LexiconNetworks\\Library_Management_System\\backend\\node_modules\\router\\lib\\layer.js:152:17)\n    at next (D:\\About_LexiconNetworks\\Library_Management_System\\backend\\node_modules\\router\\lib\\route.js:157:13)\n    at verifyJWT (file:///D:/About_LexiconNetworks/Library_Management_System/backend/src/middlewares/auth.middleware.js:59:5)","timestamp":"2026-05-28T09:13:32.042Z"}
{"level":"info","message":"VERIFYING JWT TOKEN","timestamp":"2026-05-28T09:14:24.427Z"}
{"level":"info","message":"JWT TOKEN VERIFIED FOR USER ID 2","timestamp":"2026-05-28T09:14:24.429Z"}
{"level":"info","message":"USER AUTHENTICATED: 2","timestamp":"2026-05-28T09:14:24.430Z"}
{"level":"info","message":"VERIFYING JWT TOKEN","timestamp":"2026-05-28T09:15:14.051Z"}
{"level":"info","message":"JWT TOKEN VERIFIED FOR USER ID 2","timestamp":"2026-05-28T09:15:14.053Z"}
{"level":"info","message":"USER AUTHENTICATED: 2","timestamp":"2026-05-28T09:15:14.054Z"}
{"level":"info","message":"VERIFYING JWT TOKEN","timestamp":"2026-05-28T09:15:30.136Z"}
{"level":"info","message":"JWT TOKEN VERIFIED FOR USER ID 2","timestamp":"2026-05-28T09:15:30.137Z"}
{"level":"info","message":"USER AUTHENTICATED: 2","timestamp":"2026-05-28T09:15:30.138Z"}
{"level":"warn","message":"AUTH HEADER MISSING","timestamp":"2026-05-28T09:16:07.992Z"}
{"level":"info","message":"VERIFYING JWT TOKEN","timestamp":"2026-05-28T09:16:30.496Z"}
{"level":"info","message":"JWT TOKEN VERIFIED FOR USER ID 1","timestamp":"2026-05-28T09:16:30.497Z"}
{"level":"info","message":"USER AUTHENTICATED: 1","timestamp":"2026-05-28T09:16:30.497Z"}
{"level":"info","message":"USER ROLE: 1","timestamp":"2026-05-28T09:16:30.498Z"}
{"level":"info","message":"ALLOWED ROLES: 1","timestamp":"2026-05-28T09:16:30.499Z"}
{"level":"info","message":"USER AUTHORIZED SUCCESSFULLY","timestamp":"2026-05-28T09:16:30.499Z"}
{"level":"info","message":"VERIFYING JWT TOKEN","timestamp":"2026-05-28T09:16:37.955Z"}
{"level":"info","message":"JWT TOKEN VERIFIED FOR USER ID 2","timestamp":"2026-05-28T09:16:37.967Z"}
{"level":"info","message":"USER AUTHENTICATED: 2","timestamp":"2026-05-28T09:16:37.967Z"}
{"level":"info","message":"VERIFYING JWT TOKEN","timestamp":"2026-05-28T09:17:47.184Z"}
{"level":"info","message":"JWT TOKEN VERIFIED FOR USER ID 2","timestamp":"2026-05-28T09:17:47.185Z"}
{"level":"info","message":"USER AUTHENTICATED: 2","timestamp":"2026-05-28T09:17:47.185Z"}
{"level":"info","message":"VERIFYING JWT TOKEN","timestamp":"2026-05-28T09:18:16.502Z"}
{"level":"info","message":"JWT TOKEN VERIFIED FOR USER ID 2","timestamp":"2026-05-28T09:18:16.503Z"}
{"level":"info","message":"USER AUTHENTICATED: 2","timestamp":"2026-05-28T09:18:16.503Z"}
{"level":"info","message":"VERIFYING JWT TOKEN","timestamp":"2026-05-28T09:19:31.799Z"}
{"level":"info","message":"JWT TOKEN VERIFIED FOR USER ID 1","timestamp":"2026-05-28T09:19:31.799Z"}
{"level":"info","message":"USER AUTHENTICATED: 1","timestamp":"2026-05-28T09:19:31.800Z"}
{"level":"info","message":"USER ROLE: 1","timestamp":"2026-05-28T09:19:31.801Z"}
{"level":"info","message":"ALLOWED ROLES: 1","timestamp":"2026-05-28T09:19:31.801Z"}
{"level":"info","message":"USER AUTHORIZED SUCCESSFULLY","timestamp":"2026-05-28T09:19:31.801Z"}
{"level":"info","message":"VERIFYING JWT TOKEN","timestamp":"2026-05-28T09:20:38.493Z"}
{"level":"info","message":"JWT TOKEN VERIFIED FOR USER ID 1","timestamp":"2026-05-28T09:20:38.494Z"}
{"level":"info","message":"USER AUTHENTICATED: 1","timestamp":"2026-05-28T09:20:38.495Z"}
{"level":"info","message":"GET ALL ISSUES API","timestamp":"2026-05-28T09:20:38.495Z"}
{"level":"info","message":"VERIFYING JWT TOKEN","timestamp":"2026-05-28T09:20:48.616Z"}
{"level":"info","message":"JWT TOKEN VERIFIED FOR USER ID 1","timestamp":"2026-05-28T09:20:48.617Z"}
{"level":"info","message":"USER AUTHENTICATED: 1","timestamp":"2026-05-28T09:20:48.618Z"}
{"level":"info","message":"GET ALL ISSUES API","timestamp":"2026-05-28T09:20:48.618Z"}
{"level":"info","message":"GENERATING JWT TOKEN FOR USER ID 2","timestamp":"2026-05-28T09:23:48.879Z"}
{"level":"info","message":"JWT TOKEN GENERATED FOR USER ID 2","timestamp":"2026-05-28T09:23:48.887Z"}
{"level":"info","message":"LOGIN SUCCESS:sarita@yopmail.com","timestamp":"2026-05-28T09:23:48.887Z"}
{"level":"info","message":"VERIFYING JWT TOKEN","timestamp":"2026-05-28T09:33:04.850Z"}
{"level":"info","message":"JWT TOKEN VERIFIED FOR USER ID 1","timestamp":"2026-05-28T09:33:04.851Z"}
{"level":"info","message":"USER AUTHENTICATED: 1","timestamp":"2026-05-28T09:33:04.852Z"}
{"level":"info","message":"VERIFYING JWT TOKEN","timestamp":"2026-05-28T09:34:22.111Z"}
{"level":"info","message":"JWT TOKEN VERIFIED FOR USER ID 1","timestamp":"2026-05-28T09:34:22.112Z"}
{"level":"info","message":"USER AUTHENTICATED: 1","timestamp":"2026-05-28T09:34:22.112Z"}
{"level":"info","message":"USER ROLE: 1","timestamp":"2026-05-28T09:34:22.113Z"}
{"level":"info","message":"ALLOWED ROLES: 1","timestamp":"2026-05-28T09:34:22.113Z"}
{"level":"info","message":"USER AUTHORIZED SUCCESSFULLY","timestamp":"2026-05-28T09:34:22.114Z"}
{"level":"info","message":"VERIFYING JWT TOKEN","timestamp":"2026-05-28T09:35:08.623Z"}
{"level":"info","message":"JWT TOKEN VERIFIED FOR USER ID 2","timestamp":"2026-05-28T09:35:08.624Z"}
{"level":"info","message":"USER AUTHENTICATED: 2","timestamp":"2026-05-28T09:35:08.625Z"}
{"level":"info","message":"USER ROLE: 2","timestamp":"2026-05-28T09:35:08.625Z"}
{"level":"info","message":"ALLOWED ROLES: 1","timestamp":"2026-05-28T09:35:08.626Z"}
{"level":"warn","message":"ACCESS DENIED - ROLE 2","timestamp":"2026-05-28T09:35:08.626Z"}
{"level":"info","message":"Server running on port 3000","timestamp":"2026-05-28T09:35:30.744Z"}
{"level":"info","message":"VERIFYING JWT TOKEN","timestamp":"2026-05-28T09:35:30.878Z"}
{"level":"info","message":"JWT TOKEN VERIFIED FOR USER ID 2","timestamp":"2026-05-28T09:35:30.882Z"}
{"level":"info","message":"USER AUTHENTICATED: 2","timestamp":"2026-05-28T09:35:30.884Z"}
{"level":"info","message":"VERIFYING JWT TOKEN","timestamp":"2026-05-28T09:38:21.452Z"}
{"level":"info","message":"JWT TOKEN VERIFIED FOR USER ID 2","timestamp":"2026-05-28T09:38:21.454Z"}
{"level":"info","message":"USER AUTHENTICATED: 2","timestamp":"2026-05-28T09:38:21.455Z"}
{"level":"info","message":"GET ALL ISSUES API","timestamp":"2026-05-28T09:38:21.456Z"}
{"level":"info","message":"VERIFYING JWT TOKEN","timestamp":"2026-05-28T09:38:34.237Z"}
{"level":"info","message":"JWT TOKEN VERIFIED FOR USER ID 2","timestamp":"2026-05-28T09:38:34.238Z"}
{"level":"info","message":"USER AUTHENTICATED: 2","timestamp":"2026-05-28T09:38:34.239Z"}
{"level":"info","message":"GET ALL ISSUES API","timestamp":"2026-05-28T09:38:34.239Z"}
{"level":"info","message":"VERIFYING JWT TOKEN","timestamp":"2026-05-28T09:38:43.878Z"}
{"level":"info","message":"JWT TOKEN VERIFIED FOR USER ID 2","timestamp":"2026-05-28T09:38:43.879Z"}
{"level":"info","message":"USER AUTHENTICATED: 2","timestamp":"2026-05-28T09:38:43.880Z"}
{"level":"info","message":"GET ALL ISSUES API","timestamp":"2026-05-28T09:38:43.880Z"}
{"level":"info","message":"VERIFYING JWT TOKEN","timestamp":"2026-05-28T09:39:05.184Z"}
{"level":"info","message":"JWT TOKEN VERIFIED FOR USER ID 1","timestamp":"2026-05-28T09:39:05.185Z"}
{"level":"info","message":"USER AUTHENTICATED: 1","timestamp":"2026-05-28T09:39:05.185Z"}
{"level":"info","message":"GET ALL ISSUES API","timestamp":"2026-05-28T09:39:05.186Z"}
{"level":"info","message":"VERIFYING JWT TOKEN","timestamp":"2026-05-28T09:40:27.834Z"}
{"level":"info","message":"JWT TOKEN VERIFIED FOR USER ID 1","timestamp":"2026-05-28T09:40:27.835Z"}
{"level":"info","message":"USER AUTHENTICATED: 1","timestamp":"2026-05-28T09:40:27.836Z"}
{"level":"info","message":"USER ROLE: 1","timestamp":"2026-05-28T09:40:27.837Z"}
{"level":"info","message":"ALLOWED ROLES: 1","timestamp":"2026-05-28T09:40:27.837Z"}
{"level":"info","message":"USER AUTHORIZED SUCCESSFULLY","timestamp":"2026-05-28T09:40:27.837Z"}
{"level":"error","message":"RETURN ISSUE ERROR BOOK_ALREADY_RETURNED","stack":"Error: BOOK_ALREADY_RETURNED\n    at returnIssue (file:///D:/About_LexiconNetworks/Library_Management_System/backend/src/controllers/issued.book.controller.js:306:13)\n    at process.processTicksAndRejections (node:internal/process/task_queues:103:5)","timestamp":"2026-05-28T09:40:27.870Z"}
{"level":"info","message":"GENERATING JWT TOKEN FOR USER ID 1","timestamp":"2026-05-28T09:43:41.367Z"}
{"level":"info","message":"JWT TOKEN GENERATED FOR USER ID 1","timestamp":"2026-05-28T09:43:41.369Z"}
{"level":"info","message":"LOGIN SUCCESS:admin@yopmail.com","timestamp":"2026-05-28T09:43:41.370Z"}
{"level":"warn","message":"AUTH HEADER MISSING","timestamp":"2026-05-28T09:44:34.017Z"}
{"level":"info","message":"VERIFYING JWT TOKEN","timestamp":"2026-05-28T09:44:45.771Z"}
{"level":"info","message":"JWT TOKEN VERIFIED FOR USER ID 1","timestamp":"2026-05-28T09:44:45.772Z"}
{"level":"info","message":"USER AUTHENTICATED: 1","timestamp":"2026-05-28T09:44:45.772Z"}
{"level":"info","message":"USER ROLE: 1","timestamp":"2026-05-28T09:44:45.773Z"}
{"level":"info","message":"ALLOWED ROLES: 1","timestamp":"2026-05-28T09:44:45.773Z"}
{"level":"info","message":"USER AUTHORIZED SUCCESSFULLY","timestamp":"2026-05-28T09:44:45.773Z"}
{"level":"info","message":"CREATE USER REQUEST","timestamp":"2026-05-28T09:44:45.775Z"}
{"level":"info","message":"EMAIL SENT : <efd71fa9-b779-cc46-1004-4ab5514228fe@gmail.com>","timestamp":"2026-05-28T09:44:48.972Z"}
{"level":"info","message":"USER REGISTERED : saurabh@yopmail.com","timestamp":"2026-05-28T09:44:48.973Z"}
{"level":"info","message":"VERIFY EMAIL HIT","timestamp":"2026-05-28T09:45:11.135Z","token":"a1f7e1de085fae2bd4ed","uid":"3"}
{"level":"info","message":"EMAIL VERIFIED SUCCESS: 3","timestamp":"2026-05-28T09:45:11.232Z"}
{"level":"info","message":"EMAIL SENT : <e099a246-7e16-e2eb-d569-bccaf462defc@gmail.com>","timestamp":"2026-05-28T09:45:35.460Z"}
{"level":"info","message":"RESET EMAIL SENT : saurabh@yopmail.com","timestamp":"2026-05-28T09:45:35.460Z"}
{"level":"info","message":"EMAIL SENT : <245e8d8f-1759-b471-e02d-27395e28b832@gmail.com>","timestamp":"2026-05-28T09:46:07.818Z"}
{"level":"info","message":"PASSWORD RESET SUCCESS : saurabh@yopmail.com","timestamp":"2026-05-28T09:46:07.818Z"}
{"0":{"instancePath":"/password","keyword":"errorMessage","message":"PASSWORD_MUST_HAVE_UPPERCASE_NUMBER_SPECIALCHAR_6_TO_10_LENGTH","params":{"errors":[{"emUsed":true,"instancePath":"/password","keyword":"pattern","message":"must match pattern \"^(?=.*[A-Z])(?=.*\\d)(?=.*[@$!%*?&])[A-Za-z\\d@$!%*?&]{6,10}$\"","params":{"pattern":"^(?=.*[A-Z])(?=.*\\d)(?=.*[@$!%*?&])[A-Za-z\\d@$!%*?&]{6,10}$"},"schemaPath":"#/properties/password/pattern"}]},"schemaPath":"#/properties/password/errorMessage"},"level":"warn","message":"AJV VALIDATION FAILED","timestamp":"2026-05-28T09:46:17.796Z"}
{"level":"error","message":"RESET PASSWORD ERROR INVALID_TOKEN","stack":"Error: INVALID_TOKEN\n    at resetPassword (file:///D:/About_LexiconNetworks/Library_Management_System/backend/src/controllers/auth.controller.js:323:13)\n    at process.processTicksAndRejections (node:internal/process/task_queues:103:5)","timestamp":"2026-05-28T09:46:30.503Z"}
{"level":"info","message":"EMAIL SENT : <bace0a8f-552b-5453-b544-386e0f889e47@gmail.com>","timestamp":"2026-05-28T09:46:39.255Z"}
{"level":"info","message":"RESET EMAIL SENT : saurabh@yopmail.com","timestamp":"2026-05-28T09:46:39.255Z"}
{"level":"info","message":"EMAIL SENT : <182e56af-63f2-4429-c002-4532f10d4107@gmail.com>","timestamp":"2026-05-28T09:46:53.898Z"}
{"level":"info","message":"PASSWORD RESET SUCCESS : saurabh@yopmail.com","timestamp":"2026-05-28T09:46:53.899Z"}
{"level":"info","message":"VERIFYING JWT TOKEN","timestamp":"2026-05-28T09:47:07.378Z"}
{"level":"info","message":"JWT TOKEN VERIFIED FOR USER ID 1","timestamp":"2026-05-28T09:47:07.379Z"}
{"level":"info","message":"USER AUTHENTICATED: 1","timestamp":"2026-05-28T09:47:07.380Z"}
{"level":"info","message":"USER ROLE: 1","timestamp":"2026-05-28T09:47:07.381Z"}
{"level":"info","message":"ALLOWED ROLES: 1","timestamp":"2026-05-28T09:47:07.381Z"}
{"level":"info","message":"USER AUTHORIZED SUCCESSFULLY","timestamp":"2026-05-28T09:47:07.381Z"}
{"level":"info","message":"GENERATING JWT TOKEN FOR USER ID 3","timestamp":"2026-05-28T09:47:47.382Z"}
{"level":"info","message":"JWT TOKEN GENERATED FOR USER ID 3","timestamp":"2026-05-28T09:47:47.383Z"}
{"level":"info","message":"LOGIN SUCCESS:saurabh@yopmail.com","timestamp":"2026-05-28T09:47:47.384Z"}
{"level":"info","message":"VERIFYING JWT TOKEN","timestamp":"2026-05-28T09:48:14.602Z"}
{"level":"info","message":"JWT TOKEN VERIFIED FOR USER ID 3","timestamp":"2026-05-28T09:48:14.604Z"}
{"level":"info","message":"USER AUTHENTICATED: 3","timestamp":"2026-05-28T09:48:14.604Z"}
{"level":"warn","message":"AUTH HEADER MISSING","timestamp":"2026-05-28T09:48:57.386Z"}
{"level":"info","message":"VERIFYING JWT TOKEN","timestamp":"2026-05-28T09:49:13.094Z"}
{"level":"info","message":"JWT TOKEN VERIFIED FOR USER ID 1","timestamp":"2026-05-28T09:49:13.095Z"}
{"level":"info","message":"USER AUTHENTICATED: 1","timestamp":"2026-05-28T09:49:13.096Z"}
{"level":"info","message":"VERIFYING JWT TOKEN","timestamp":"2026-05-28T09:49:26.943Z"}
{"level":"info","message":"JWT TOKEN VERIFIED FOR USER ID 1","timestamp":"2026-05-28T09:49:26.944Z"}
{"level":"info","message":"USER AUTHENTICATED: 1","timestamp":"2026-05-28T09:49:26.945Z"}
{"level":"info","message":"VERIFYING JWT TOKEN","timestamp":"2026-05-28T09:50:17.084Z"}
{"level":"info","message":"JWT TOKEN VERIFIED FOR USER ID 3","timestamp":"2026-05-28T09:50:17.085Z"}
{"level":"info","message":"USER AUTHENTICATED: 3","timestamp":"2026-05-28T09:50:17.086Z"}
{"level":"info","message":"USER ROLE: 2","timestamp":"2026-05-28T09:50:17.087Z"}
{"level":"info","message":"ALLOWED ROLES: 2","timestamp":"2026-05-28T09:50:17.087Z"}
{"level":"info","message":"USER AUTHORIZED SUCCESSFULLY","timestamp":"2026-05-28T09:50:17.087Z"}
{"level":"info","message":"VERIFYING JWT TOKEN","timestamp":"2026-05-28T09:50:29.370Z"}
{"level":"info","message":"JWT TOKEN VERIFIED FOR USER ID 1","timestamp":"2026-05-28T09:50:29.371Z"}
{"level":"info","message":"USER AUTHENTICATED: 1","timestamp":"2026-05-28T09:50:29.372Z"}
{"level":"info","message":"VERIFYING JWT TOKEN","timestamp":"2026-05-28T09:50:46.794Z"}
{"level":"info","message":"JWT TOKEN VERIFIED FOR USER ID 3","timestamp":"2026-05-28T09:50:46.795Z"}
{"level":"info","message":"USER AUTHENTICATED: 3","timestamp":"2026-05-28T09:50:46.795Z"}
{"level":"info","message":"VERIFYING JWT TOKEN","timestamp":"2026-05-28T09:51:04.550Z"}
{"level":"info","message":"JWT TOKEN VERIFIED FOR USER ID 3","timestamp":"2026-05-28T09:51:04.552Z"}
{"level":"info","message":"USER AUTHENTICATED: 3","timestamp":"2026-05-28T09:51:04.553Z"}
{"level":"info","message":"Server running on port 3000","timestamp":"2026-05-28T09:52:38.686Z"}
{"level":"info","message":"Server running on port 3000","timestamp":"2026-05-28T09:52:41.194Z"}
{"level":"info","message":"Server running on port 3000","timestamp":"2026-05-28T09:52:42.736Z"}
{"level":"info","message":"VERIFYING JWT TOKEN","timestamp":"2026-05-28T09:52:45.190Z"}
{"level":"info","message":"JWT TOKEN VERIFIED FOR USER ID 3","timestamp":"2026-05-28T09:52:45.193Z"}
{"level":"info","message":"USER AUTHENTICATED: 3","timestamp":"2026-05-28T09:52:45.194Z"}
{"level":"info","message":"Server running on port 3000","timestamp":"2026-05-28T09:54:04.491Z"}
{"level":"info","message":"VERIFYING JWT TOKEN","timestamp":"2026-05-28T09:54:06.706Z"}
{"level":"info","message":"JWT TOKEN VERIFIED FOR USER ID 3","timestamp":"2026-05-28T09:54:06.708Z"}
{"level":"info","message":"USER AUTHENTICATED: 3","timestamp":"2026-05-28T09:54:06.709Z"}
{"level":"info","message":"Server running on port 3000","timestamp":"2026-05-28T09:56:06.717Z"}
{"level":"info","message":"Server running on port 3000","timestamp":"2026-05-28T09:56:12.165Z"}
{"level":"info","message":"Server running on port 3000","timestamp":"2026-05-28T09:56:14.912Z"}
{"level":"info","message":"VERIFYING JWT TOKEN","timestamp":"2026-05-28T09:56:16.841Z"}
{"level":"info","message":"JWT TOKEN VERIFIED FOR USER ID 3","timestamp":"2026-05-28T09:56:16.843Z"}
{"level":"info","message":"USER AUTHENTICATED: 3","timestamp":"2026-05-28T09:56:16.845Z"}
{"level":"info","message":"Server running on port 3000","timestamp":"2026-05-28T09:57:11.348Z"}
{"level":"info","message":"VERIFYING JWT TOKEN","timestamp":"2026-05-28T09:57:12.948Z"}
{"level":"info","message":"JWT TOKEN VERIFIED FOR USER ID 3","timestamp":"2026-05-28T09:57:12.950Z"}
{"level":"info","message":"USER AUTHENTICATED: 3","timestamp":"2026-05-28T09:57:12.951Z"}
{"level":"info","message":"Server running on port 3000","timestamp":"2026-05-28T09:57:21.553Z"}
{"level":"info","message":"VERIFYING JWT TOKEN","timestamp":"2026-05-28T09:57:24.056Z"}
{"level":"info","message":"JWT TOKEN VERIFIED FOR USER ID 3","timestamp":"2026-05-28T09:57:24.060Z"}
{"level":"info","message":"USER AUTHENTICATED: 3","timestamp":"2026-05-28T09:57:24.062Z"}
{"level":"info","message":"VERIFYING JWT TOKEN","timestamp":"2026-05-28T09:57:50.320Z"}
{"level":"info","message":"JWT TOKEN VERIFIED FOR USER ID 3","timestamp":"2026-05-28T09:57:50.321Z"}
{"level":"info","message":"USER AUTHENTICATED: 3","timestamp":"2026-05-28T09:57:50.322Z"}
{"level":"info","message":"Server running on port 3000","timestamp":"2026-05-28T09:58:42.152Z"}
{"level":"info","message":"VERIFYING JWT TOKEN","timestamp":"2026-05-28T09:58:43.266Z"}
{"level":"info","message":"JWT TOKEN VERIFIED FOR USER ID 3","timestamp":"2026-05-28T09:58:43.268Z"}
{"level":"info","message":"USER AUTHENTICATED: 3","timestamp":"2026-05-28T09:58:43.270Z"}
{"level":"info","message":"Server running on port 3000","timestamp":"2026-05-28T09:59:51.693Z"}
{"level":"info","message":"Server running on port 3000","timestamp":"2026-05-28T10:00:10.199Z"}
{"level":"info","message":"VERIFYING JWT TOKEN","timestamp":"2026-05-28T10:00:12.167Z"}
{"level":"info","message":"JWT TOKEN VERIFIED FOR USER ID 3","timestamp":"2026-05-28T10:00:12.170Z"}
{"level":"info","message":"USER AUTHENTICATED: 3","timestamp":"2026-05-28T10:00:12.171Z"}
{"level":"info","message":"VERIFYING JWT TOKEN","timestamp":"2026-05-28T10:01:06.039Z"}
{"level":"info","message":"JWT TOKEN VERIFIED FOR USER ID 3","timestamp":"2026-05-28T10:01:06.040Z"}
{"level":"info","message":"USER AUTHENTICATED: 3","timestamp":"2026-05-28T10:01:06.041Z"}
{"level":"info","message":"VERIFYING JWT TOKEN","timestamp":"2026-05-28T10:01:12.926Z"}
{"level":"info","message":"JWT TOKEN VERIFIED FOR USER ID 1","timestamp":"2026-05-28T10:01:12.927Z"}
{"level":"info","message":"USER AUTHENTICATED: 1","timestamp":"2026-05-28T10:01:12.928Z"}
{"level":"warn","message":"AUTH HEADER MISSING","timestamp":"2026-05-28T10:01:49.268Z"}
{"level":"info","message":"VERIFYING JWT TOKEN","timestamp":"2026-05-28T10:02:06.346Z"}
{"level":"info","message":"JWT TOKEN VERIFIED FOR USER ID 1","timestamp":"2026-05-28T10:02:06.347Z"}
{"level":"info","message":"USER AUTHENTICATED: 1","timestamp":"2026-05-28T10:02:06.348Z"}
{"level":"info","message":"USER ROLE: 1","timestamp":"2026-05-28T10:02:06.348Z"}
{"level":"info","message":"ALLOWED ROLES: 1","timestamp":"2026-05-28T10:02:06.349Z"}
{"level":"info","message":"USER AUTHORIZED SUCCESSFULLY","timestamp":"2026-05-28T10:02:06.349Z"}
{"level":"info","message":"EMAIL SENT : <6b50f023-e7fb-dbc9-b236-0208bd6bb37a@gmail.com>","timestamp":"2026-05-28T10:02:09.382Z"}
{"level":"info","message":"VERIFYING JWT TOKEN","timestamp":"2026-05-28T10:02:16.408Z"}
{"level":"info","message":"JWT TOKEN VERIFIED FOR USER ID 1","timestamp":"2026-05-28T10:02:16.409Z"}
{"level":"info","message":"USER AUTHENTICATED: 1","timestamp":"2026-05-28T10:02:16.409Z"}
{"level":"info","message":"GET ALL ISSUES API","timestamp":"2026-05-28T10:02:16.410Z"}
{"level":"info","message":"VERIFYING JWT TOKEN","timestamp":"2026-05-28T10:02:41.555Z"}
{"level":"info","message":"JWT TOKEN VERIFIED FOR USER ID 3","timestamp":"2026-05-28T10:02:41.556Z"}
{"level":"info","message":"USER AUTHENTICATED: 3","timestamp":"2026-05-28T10:02:41.557Z"}
{"level":"info","message":"GET ALL ISSUES API","timestamp":"2026-05-28T10:02:41.557Z"}
{"level":"info","message":"VERIFYING JWT TOKEN","timestamp":"2026-05-28T10:02:59.572Z"}
{"level":"info","message":"JWT TOKEN VERIFIED FOR USER ID 1","timestamp":"2026-05-28T10:02:59.573Z"}
{"level":"info","message":"USER AUTHENTICATED: 1","timestamp":"2026-05-28T10:02:59.573Z"}
{"level":"info","message":"USER ROLE: 1","timestamp":"2026-05-28T10:02:59.574Z"}
{"level":"info","message":"ALLOWED ROLES: 1","timestamp":"2026-05-28T10:02:59.574Z"}
{"level":"info","message":"USER AUTHORIZED SUCCESSFULLY","timestamp":"2026-05-28T10:02:59.575Z"}
{"level":"info","message":"GENERATING JWT TOKEN FOR USER ID 1","timestamp":"2026-05-28T10:40:47.850Z"}
{"level":"info","message":"JWT TOKEN GENERATED FOR USER ID 1","timestamp":"2026-05-28T10:40:47.854Z"}
{"level":"info","message":"LOGIN SUCCESS:admin@yopmail.com","timestamp":"2026-05-28T10:40:47.854Z"}
{"level":"info","message":"GENERATING JWT TOKEN FOR USER ID 3","timestamp":"2026-05-28T10:51:03.974Z"}
{"level":"info","message":"JWT TOKEN GENERATED FOR USER ID 3","timestamp":"2026-05-28T10:51:03.975Z"}
{"level":"info","message":"LOGIN SUCCESS:saurabh@yopmail.com","timestamp":"2026-05-28T10:51:03.976Z"}
{"level":"info","message":"VERIFYING JWT TOKEN","timestamp":"2026-05-28T10:51:25.627Z"}
{"level":"info","message":"JWT TOKEN VERIFIED FOR USER ID 3","timestamp":"2026-05-28T10:51:25.628Z"}
{"level":"info","message":"USER AUTHENTICATED: 3","timestamp":"2026-05-28T10:51:25.629Z"}
{"level":"info","message":"USER ROLE: 2","timestamp":"2026-05-28T10:51:25.630Z"}
{"level":"info","message":"ALLOWED ROLES: 2","timestamp":"2026-05-28T10:51:25.630Z"}
{"level":"info","message":"USER AUTHORIZED SUCCESSFULLY","timestamp":"2026-05-28T10:51:25.630Z"}
{"level":"info","message":"VERIFYING JWT TOKEN","timestamp":"2026-05-28T10:51:38.155Z"}
{"level":"info","message":"JWT TOKEN VERIFIED FOR USER ID 1","timestamp":"2026-05-28T10:51:38.156Z"}
{"level":"info","message":"USER AUTHENTICATED: 1","timestamp":"2026-05-28T10:51:38.157Z"}
{"level":"info","message":"VERIFYING JWT TOKEN","timestamp":"2026-05-28T10:51:48.134Z"}
{"level":"info","message":"JWT TOKEN VERIFIED FOR USER ID 3","timestamp":"2026-05-28T10:51:48.135Z"}
{"level":"info","message":"USER AUTHENTICATED: 3","timestamp":"2026-05-28T10:51:48.136Z"}
{"level":"info","message":"USER ROLE: 2","timestamp":"2026-05-28T10:51:48.137Z"}
{"level":"info","message":"ALLOWED ROLES: 2","timestamp":"2026-05-28T10:51:48.137Z"}
{"level":"info","message":"USER AUTHORIZED SUCCESSFULLY","timestamp":"2026-05-28T10:51:48.137Z"}
{"level":"info","message":"VERIFYING JWT TOKEN","timestamp":"2026-05-28T10:51:54.609Z"}
{"level":"info","message":"JWT TOKEN VERIFIED FOR USER ID 1","timestamp":"2026-05-28T10:51:54.609Z"}
{"level":"info","message":"USER AUTHENTICATED: 1","timestamp":"2026-05-28T10:51:54.610Z"}
{"level":"info","message":"VERIFYING JWT TOKEN","timestamp":"2026-05-28T10:52:15.181Z"}
{"level":"info","message":"JWT TOKEN VERIFIED FOR USER ID 3","timestamp":"2026-05-28T10:52:15.182Z"}
{"level":"info","message":"USER AUTHENTICATED: 3","timestamp":"2026-05-28T10:52:15.183Z"}
{"level":"info","message":"VERIFYING JWT TOKEN","timestamp":"2026-05-28T10:52:30.932Z"}
{"level":"info","message":"JWT TOKEN VERIFIED FOR USER ID 1","timestamp":"2026-05-28T10:52:30.933Z"}
{"level":"info","message":"USER AUTHENTICATED: 1","timestamp":"2026-05-28T10:52:30.934Z"}
{"level":"info","message":"USER ROLE: 1","timestamp":"2026-05-28T10:52:30.935Z"}
{"level":"info","message":"ALLOWED ROLES: 1","timestamp":"2026-05-28T10:52:30.935Z"}
{"level":"info","message":"USER AUTHORIZED SUCCESSFULLY","timestamp":"2026-05-28T10:52:30.935Z"}
{"level":"info","message":"EMAIL SENT : <0e11aa2a-8970-e481-1384-dd8a5368ef7d@gmail.com>","timestamp":"2026-05-28T10:52:33.938Z"}
{"level":"info","message":"VERIFYING JWT TOKEN","timestamp":"2026-05-28T10:52:41.631Z"}
{"level":"info","message":"JWT TOKEN VERIFIED FOR USER ID 1","timestamp":"2026-05-28T10:52:41.632Z"}
{"level":"info","message":"USER AUTHENTICATED: 1","timestamp":"2026-05-28T10:52:41.633Z"}
{"level":"info","message":"VERIFYING JWT TOKEN","timestamp":"2026-05-28T10:52:52.000Z"}
{"level":"info","message":"JWT TOKEN VERIFIED FOR USER ID 1","timestamp":"2026-05-28T10:52:52.001Z"}
{"level":"info","message":"USER AUTHENTICATED: 1","timestamp":"2026-05-28T10:52:52.002Z"}
{"level":"info","message":"GET ALL ISSUES API","timestamp":"2026-05-28T10:52:52.002Z"}
{"level":"info","message":"VERIFYING JWT TOKEN","timestamp":"2026-05-28T10:53:02.576Z"}
{"level":"info","message":"JWT TOKEN VERIFIED FOR USER ID 3","timestamp":"2026-05-28T10:53:02.577Z"}
{"level":"info","message":"USER AUTHENTICATED: 3","timestamp":"2026-05-28T10:53:02.577Z"}
{"level":"info","message":"GET ALL ISSUES API","timestamp":"2026-05-28T10:53:02.578Z"}
{"level":"info","message":"VERIFYING JWT TOKEN","timestamp":"2026-05-28T10:53:16.197Z"}
{"level":"info","message":"JWT TOKEN VERIFIED FOR USER ID 1","timestamp":"2026-05-28T10:53:16.198Z"}
{"level":"info","message":"USER AUTHENTICATED: 1","timestamp":"2026-05-28T10:53:16.199Z"}
{"level":"info","message":"USER ROLE: 1","timestamp":"2026-05-28T10:53:16.199Z"}
{"level":"info","message":"ALLOWED ROLES: 1","timestamp":"2026-05-28T10:53:16.199Z"}
{"level":"info","message":"USER AUTHORIZED SUCCESSFULLY","timestamp":"2026-05-28T10:53:16.199Z"}
{"level":"info","message":"VERIFYING JWT TOKEN","timestamp":"2026-05-28T10:53:56.361Z"}
{"level":"info","message":"JWT TOKEN VERIFIED FOR USER ID 1","timestamp":"2026-05-28T10:53:56.361Z"}
{"level":"info","message":"USER AUTHENTICATED: 1","timestamp":"2026-05-28T10:53:56.362Z"}
{"level":"info","message":"Server running on port 3000","timestamp":"2026-05-28T12:29:10.430Z"}
{"level":"info","message":"VERIFYING JWT TOKEN","timestamp":"2026-05-28T12:29:10.749Z"}
{"level":"info","message":"JWT TOKEN VERIFIED FOR USER ID 1","timestamp":"2026-05-28T12:29:10.755Z"}
{"level":"info","message":"USER AUTHENTICATED: 1","timestamp":"2026-05-28T12:29:10.759Z"}
{"level":"info","message":"USER ROLE: 1","timestamp":"2026-05-28T12:29:10.763Z"}
{"level":"info","message":"ALLOWED ROLES: 1","timestamp":"2026-05-28T12:29:10.768Z"}
{"level":"info","message":"USER AUTHORIZED SUCCESSFULLY","timestamp":"2026-05-28T12:29:10.769Z"}
{"level":"error","message":"RETURN ISSUE ERROR BOOK_ALREADY_RETURNED","stack":"Error: BOOK_ALREADY_RETURNED\n    at returnIssue (file:///D:/About_LexiconNetworks/Library_Management_System/backend/src/controllers/issued.book.controller.js:301:13)\n    at process.processTicksAndRejections (node:internal/process/task_queues:103:5)","timestamp":"2026-05-28T12:29:10.798Z"}
{"level":"info","message":"Server running on port 3000","timestamp":"2026-05-29T04:40:32.143Z"}
{"level":"info","message":"GENERATING JWT TOKEN FOR USER ID 3","timestamp":"2026-05-29T04:58:30.907Z"}
{"level":"info","message":"JWT TOKEN GENERATED FOR USER ID 3","timestamp":"2026-05-29T04:58:30.917Z"}
{"level":"info","message":"LOGIN SUCCESS:saurabh@yopmail.com","timestamp":"2026-05-29T04:58:30.918Z"}
{"level":"info","message":"VERIFYING JWT TOKEN","timestamp":"2026-05-29T04:59:32.194Z"}
{"level":"info","message":"JWT TOKEN VERIFIED FOR USER ID 3","timestamp":"2026-05-29T04:59:32.222Z"}
{"level":"info","message":"USER AUTHENTICATED: 3","timestamp":"2026-05-29T04:59:32.224Z"}
{"level":"info","message":"VERIFYING JWT TOKEN","timestamp":"2026-05-29T04:59:48.672Z"}
{"level":"info","message":"JWT TOKEN VERIFIED FOR USER ID 3","timestamp":"2026-05-29T04:59:48.673Z"}
{"level":"info","message":"USER AUTHENTICATED: 3","timestamp":"2026-05-29T04:59:48.674Z"}
{"level":"info","message":"GENERATING JWT TOKEN FOR USER ID 1","timestamp":"2026-05-29T05:00:28.218Z"}
{"level":"info","message":"JWT TOKEN GENERATED FOR USER ID 1","timestamp":"2026-05-29T05:00:28.220Z"}
{"level":"info","message":"LOGIN SUCCESS:admin@yopmail.com","timestamp":"2026-05-29T05:00:28.221Z"}
{"level":"info","message":"VERIFYING JWT TOKEN","timestamp":"2026-05-29T05:01:11.251Z"}
{"level":"info","message":"JWT TOKEN VERIFIED FOR USER ID 1","timestamp":"2026-05-29T05:01:11.252Z"}
{"level":"info","message":"USER AUTHENTICATED: 1","timestamp":"2026-05-29T05:01:11.253Z"}
{"level":"info","message":"VERIFYING JWT TOKEN","timestamp":"2026-05-29T05:01:21.339Z"}
{"level":"info","message":"JWT TOKEN VERIFIED FOR USER ID 1","timestamp":"2026-05-29T05:01:21.367Z"}
{"level":"info","message":"USER AUTHENTICATED: 1","timestamp":"2026-05-29T05:01:21.367Z"}
{"level":"info","message":"VERIFYING JWT TOKEN","timestamp":"2026-05-29T05:01:50.885Z"}
{"level":"info","message":"JWT TOKEN VERIFIED FOR USER ID 1","timestamp":"2026-05-29T05:01:50.887Z"}
{"level":"info","message":"USER AUTHENTICATED: 1","timestamp":"2026-05-29T05:01:50.888Z"}
{"level":"info","message":"GET ALL ISSUES API","timestamp":"2026-05-29T05:01:50.889Z"}
{"level":"info","message":"VERIFYING JWT TOKEN","timestamp":"2026-05-29T05:02:00.248Z"}
{"level":"info","message":"JWT TOKEN VERIFIED FOR USER ID 1","timestamp":"2026-05-29T05:02:00.249Z"}
{"level":"info","message":"USER AUTHENTICATED: 1","timestamp":"2026-05-29T05:02:00.250Z"}
{"level":"info","message":"USER ROLE: 1","timestamp":"2026-05-29T05:02:00.252Z"}
{"level":"info","message":"ALLOWED ROLES: 1","timestamp":"2026-05-29T05:02:00.252Z"}
{"level":"info","message":"USER AUTHORIZED SUCCESSFULLY","timestamp":"2026-05-29T05:02:00.252Z"}
{"level":"error","message":"RETURN ISSUE ERROR BOOK_ALREADY_RETURNED","stack":"Error: BOOK_ALREADY_RETURNED\n    at returnIssue (file:///D:/About_LexiconNetworks/Library_Management_System/backend/src/controllers/issued.book.controller.js:301:13)\n    at process.processTicksAndRejections (node:internal/process/task_queues:103:5)","timestamp":"2026-05-29T05:02:00.329Z"}
{"level":"info","message":"VERIFYING JWT TOKEN","timestamp":"2026-05-29T05:08:02.440Z"}
{"level":"info","message":"JWT TOKEN VERIFIED FOR USER ID 3","timestamp":"2026-05-29T05:08:02.441Z"}
{"level":"info","message":"USER AUTHENTICATED: 3","timestamp":"2026-05-29T05:08:02.442Z"}
{"level":"error","message":"NO_RECORDS_FOUND","stack":"Error: NO_RECORDS_FOUND\n    at getAllBooks (file:///D:/About_LexiconNetworks/Library_Management_System/backend/src/controllers/book.controller.js:109:29)\n    at process.processTicksAndRejections (node:internal/process/task_queues:103:5)","timestamp":"2026-05-29T05:08:02.445Z"}
{"level":"info","message":"Server running on port 3000","timestamp":"2026-05-29T05:09:28.714Z"}
{"level":"info","message":"VERIFYING JWT TOKEN","timestamp":"2026-05-29T05:09:31.489Z"}
{"level":"info","message":"JWT TOKEN VERIFIED FOR USER ID 3","timestamp":"2026-05-29T05:09:31.495Z"}
{"level":"info","message":"USER AUTHENTICATED: 3","timestamp":"2026-05-29T05:09:31.497Z"}
{"level":"error","message":"NO_RECORDS_FOUND","stack":"Error: NO_RECORDS_FOUND\n    at getAllBooks (file:///D:/About_LexiconNetworks/Library_Management_System/backend/src/controllers/book.controller.js:109:29)\n    at process.processTicksAndRejections (node:internal/process/task_queues:103:5)","timestamp":"2026-05-29T05:09:31.532Z"}
{"level":"info","message":"VERIFYING JWT TOKEN","timestamp":"2026-05-29T05:09:44.196Z"}
{"level":"info","message":"JWT TOKEN VERIFIED FOR USER ID 3","timestamp":"2026-05-29T05:09:44.197Z"}
{"level":"info","message":"USER AUTHENTICATED: 3","timestamp":"2026-05-29T05:09:44.199Z"}
{"level":"error","message":"INVALID_FILTER_FORMAT","stack":"Error: INVALID_FILTER_FORMAT\n    at buildFilterQuery (file:///D:/About_LexiconNetworks/Library_Management_System/backend/src/utils/query.filter.js:12:13)\n    at getAllBooks (file:///D:/About_LexiconNetworks/Library_Management_System/backend/src/controllers/book.controller.js:100:29)\n    at Layer.handleRequest (D:\\About_LexiconNetworks\\Library_Management_System\\backend\\node_modules\\router\\lib\\layer.js:152:17)\n    at next (D:\\About_LexiconNetworks\\Library_Management_System\\backend\\node_modules\\router\\lib\\route.js:157:13)\n    at verifyJWT (file:///D:/About_LexiconNetworks/Library_Management_System/backend/src/middlewares/auth.middleware.js:59:5)\n    at Layer.handleRequest (D:\\About_LexiconNetworks\\Library_Management_System\\backend\\node_modules\\router\\lib\\layer.js:152:17)\n    at next (D:\\About_LexiconNetworks\\Library_Management_System\\backend\\node_modules\\router\\lib\\route.js:157:13)\n    at Route.dispatch (D:\\About_LexiconNetworks\\Library_Management_System\\backend\\node_modules\\router\\lib\\route.js:117:3)\n    at handle (D:\\About_LexiconNetworks\\Library_Management_System\\backend\\node_modules\\router\\index.js:435:11)\n    at Layer.handleRequest (D:\\About_LexiconNetworks\\Library_Management_System\\backend\\node_modules\\router\\lib\\layer.js:152:17)","timestamp":"2026-05-29T05:09:44.219Z"}
{"level":"info","message":"Server running on port 3000","timestamp":"2026-05-29T05:13:03.832Z"}
{"level":"info","message":"VERIFYING JWT TOKEN","timestamp":"2026-05-29T05:13:06.974Z"}
{"level":"info","message":"JWT TOKEN VERIFIED FOR USER ID 3","timestamp":"2026-05-29T05:13:06.979Z"}
{"level":"info","message":"USER AUTHENTICATED: 3","timestamp":"2026-05-29T05:13:06.981Z"}
{"level":"error","message":"INVALID_FILTER_FORMAT","stack":"Error: INVALID_FILTER_FORMAT\n    at buildFilterQuery (file:///D:/About_LexiconNetworks/Library_Management_System/backend/src/utils/query.filter.js:12:13)\n    at getAllBooks (file:///D:/About_LexiconNetworks/Library_Management_System/backend/src/controllers/book.controller.js:100:29)\n    at Layer.handleRequest (D:\\About_LexiconNetworks\\Library_Management_System\\backend\\node_modules\\router\\lib\\layer.js:152:17)\n    at next (D:\\About_LexiconNetworks\\Library_Management_System\\backend\\node_modules\\router\\lib\\route.js:157:13)\n    at verifyJWT (file:///D:/About_LexiconNetworks/Library_Management_System/backend/src/middlewares/auth.middleware.js:59:5)\n    at Layer.handleRequest (D:\\About_LexiconNetworks\\Library_Management_System\\backend\\node_modules\\router\\lib\\layer.js:152:17)\n    at next (D:\\About_LexiconNetworks\\Library_Management_System\\backend\\node_modules\\router\\lib\\route.js:157:13)\n    at Route.dispatch (D:\\About_LexiconNetworks\\Library_Management_System\\backend\\node_modules\\router\\lib\\route.js:117:3)\n    at handle (D:\\About_LexiconNetworks\\Library_Management_System\\backend\\node_modules\\router\\index.js:435:11)\n    at Layer.handleRequest (D:\\About_LexiconNetworks\\Library_Management_System\\backend\\node_modules\\router\\lib\\layer.js:152:17)","timestamp":"2026-05-29T05:13:06.983Z"}
{"level":"info","message":"VERIFYING JWT TOKEN","timestamp":"2026-05-29T05:13:14.533Z"}
{"level":"info","message":"JWT TOKEN VERIFIED FOR USER ID 3","timestamp":"2026-05-29T05:13:14.538Z"}
{"level":"info","message":"USER AUTHENTICATED: 3","timestamp":"2026-05-29T05:13:14.540Z"}
{"level":"error","message":"INVALID_FILTER_FORMAT","stack":"Error: INVALID_FILTER_FORMAT\n    at buildFilterQuery (file:///D:/About_LexiconNetworks/Library_Management_System/backend/src/utils/query.filter.js:12:13)\n    at getAllBooks (file:///D:/About_LexiconNetworks/Library_Management_System/backend/src/controllers/book.controller.js:100:29)\n    at Layer.handleRequest (D:\\About_LexiconNetworks\\Library_Management_System\\backend\\node_modules\\router\\lib\\layer.js:152:17)\n    at next (D:\\About_LexiconNetworks\\Library_Management_System\\backend\\node_modules\\router\\lib\\route.js:157:13)\n    at verifyJWT (file:///D:/About_LexiconNetworks/Library_Management_System/backend/src/middlewares/auth.middleware.js:59:5)\n    at Layer.handleRequest (D:\\About_LexiconNetworks\\Library_Management_System\\backend\\node_modules\\router\\lib\\layer.js:152:17)\n    at next (D:\\About_LexiconNetworks\\Library_Management_System\\backend\\node_modules\\router\\lib\\route.js:157:13)\n    at Route.dispatch (D:\\About_LexiconNetworks\\Library_Management_System\\backend\\node_modules\\router\\lib\\route.js:117:3)\n    at handle (D:\\About_LexiconNetworks\\Library_Management_System\\backend\\node_modules\\router\\index.js:435:11)\n    at Layer.handleRequest (D:\\About_LexiconNetworks\\Library_Management_System\\backend\\node_modules\\router\\lib\\layer.js:152:17)","timestamp":"2026-05-29T05:13:14.541Z"}
{"level":"info","message":"Server running on port 3000","timestamp":"2026-05-29T05:14:59.255Z"}
{"level":"info","message":"Server running on port 3000","timestamp":"2026-05-29T05:15:17.865Z"}
{"level":"info","message":"VERIFYING JWT TOKEN","timestamp":"2026-05-29T05:15:20.800Z"}
{"level":"info","message":"JWT TOKEN VERIFIED FOR USER ID 3","timestamp":"2026-05-29T05:15:20.807Z"}
{"level":"info","message":"USER AUTHENTICATED: 3","timestamp":"2026-05-29T05:15:20.809Z"}
{"level":"error","message":"INVALID_FILTER_FORMAT","stack":"Error: INVALID_FILTER_FORMAT\n    at buildFilterQuery (file:///D:/About_LexiconNetworks/Library_Management_System/backend/src/utils/query.filter.js:12:13)\n    at getAllBooks (file:///D:/About_LexiconNetworks/Library_Management_System/backend/src/controllers/book.controller.js:100:29)\n    at Layer.handleRequest (D:\\About_LexiconNetworks\\Library_Management_System\\backend\\node_modules\\router\\lib\\layer.js:152:17)\n    at next (D:\\About_LexiconNetworks\\Library_Management_System\\backend\\node_modules\\router\\lib\\route.js:157:13)\n    at verifyJWT (file:///D:/About_LexiconNetworks/Library_Management_System/backend/src/middlewares/auth.middleware.js:59:5)\n    at Layer.handleRequest (D:\\About_LexiconNetworks\\Library_Management_System\\backend\\node_modules\\router\\lib\\layer.js:152:17)\n    at next (D:\\About_LexiconNetworks\\Library_Management_System\\backend\\node_modules\\router\\lib\\route.js:157:13)\n    at Route.dispatch (D:\\About_LexiconNetworks\\Library_Management_System\\backend\\node_modules\\router\\lib\\route.js:117:3)\n    at handle (D:\\About_LexiconNetworks\\Library_Management_System\\backend\\node_modules\\router\\index.js:435:11)\n    at Layer.handleRequest (D:\\About_LexiconNetworks\\Library_Management_System\\backend\\node_modules\\router\\lib\\layer.js:152:17)","timestamp":"2026-05-29T05:15:20.811Z"}
{"level":"info","message":"VERIFYING JWT TOKEN","timestamp":"2026-05-29T05:15:30.858Z"}
{"level":"info","message":"JWT TOKEN VERIFIED FOR USER ID 3","timestamp":"2026-05-29T05:15:30.860Z"}
{"level":"info","message":"USER AUTHENTICATED: 3","timestamp":"2026-05-29T05:15:30.861Z"}
{"level":"error","message":"INVALID_FILTER_FORMAT","stack":"Error: INVALID_FILTER_FORMAT\n    at buildFilterQuery (file:///D:/About_LexiconNetworks/Library_Management_System/backend/src/utils/query.filter.js:12:13)\n    at getAllBooks (file:///D:/About_LexiconNetworks/Library_Management_System/backend/src/controllers/book.controller.js:100:29)\n    at Layer.handleRequest (D:\\About_LexiconNetworks\\Library_Management_System\\backend\\node_modules\\router\\lib\\layer.js:152:17)\n    at next (D:\\About_LexiconNetworks\\Library_Management_System\\backend\\node_modules\\router\\lib\\route.js:157:13)\n    at verifyJWT (file:///D:/About_LexiconNetworks/Library_Management_System/backend/src/middlewares/auth.middleware.js:59:5)\n    at Layer.handleRequest (D:\\About_LexiconNetworks\\Library_Management_System\\backend\\node_modules\\router\\lib\\layer.js:152:17)\n    at next (D:\\About_LexiconNetworks\\Library_Management_System\\backend\\node_modules\\router\\lib\\route.js:157:13)\n    at Route.dispatch (D:\\About_LexiconNetworks\\Library_Management_System\\backend\\node_modules\\router\\lib\\route.js:117:3)\n    at handle (D:\\About_LexiconNetworks\\Library_Management_System\\backend\\node_modules\\router\\index.js:435:11)\n    at Layer.handleRequest (D:\\About_LexiconNetworks\\Library_Management_System\\backend\\node_modules\\router\\lib\\layer.js:152:17)","timestamp":"2026-05-29T05:15:30.862Z"}
{"level":"info","message":"Server running on port 3000","timestamp":"2026-05-29T05:15:46.712Z"}
{"level":"info","message":"VERIFYING JWT TOKEN","timestamp":"2026-05-29T05:15:51.720Z"}
{"level":"info","message":"JWT TOKEN VERIFIED FOR USER ID 3","timestamp":"2026-05-29T05:15:51.724Z"}
{"level":"info","message":"USER AUTHENTICATED: 3","timestamp":"2026-05-29T05:15:51.726Z"}
{"level":"error","message":"INVALID_FILTER_FORMAT","stack":"Error: INVALID_FILTER_FORMAT\n    at buildFilterQuery (file:///D:/About_LexiconNetworks/Library_Management_System/backend/src/utils/query.filter.js:12:19)\n    at getAllBooks (file:///D:/About_LexiconNetworks/Library_Management_System/backend/src/controllers/book.controller.js:100:29)\n    at Layer.handleRequest (D:\\About_LexiconNetworks\\Library_Management_System\\backend\\node_modules\\router\\lib\\layer.js:152:17)\n    at next (D:\\About_LexiconNetworks\\Library_Management_System\\backend\\node_modules\\router\\lib\\route.js:157:13)\n    at verifyJWT (file:///D:/About_LexiconNetworks/Library_Management_System/backend/src/middlewares/auth.middleware.js:59:5)\n    at Layer.handleRequest (D:\\About_LexiconNetworks\\Library_Management_System\\backend\\node_modules\\router\\lib\\layer.js:152:17)\n    at next (D:\\About_LexiconNetworks\\Library_Management_System\\backend\\node_modules\\router\\lib\\route.js:157:13)\n    at Route.dispatch (D:\\About_LexiconNetworks\\Library_Management_System\\backend\\node_modules\\router\\lib\\route.js:117:3)\n    at handle (D:\\About_LexiconNetworks\\Library_Management_System\\backend\\node_modules\\router\\index.js:435:11)\n    at Layer.handleRequest (D:\\About_LexiconNetworks\\Library_Management_System\\backend\\node_modules\\router\\lib\\layer.js:152:17)","statusCode":400,"timestamp":"2026-05-29T05:15:51.727Z"}
{"level":"info","message":"Server running on port 3000","timestamp":"2026-05-29T05:15:58.448Z"}
{"level":"info","message":"Server running on port 3000","timestamp":"2026-05-29T05:16:07.266Z"}
{"level":"info","message":"Server running on port 3000","timestamp":"2026-05-29T05:16:19.482Z"}
{"level":"info","message":"VERIFYING JWT TOKEN","timestamp":"2026-05-29T05:17:24.486Z"}
{"level":"info","message":"JWT TOKEN VERIFIED FOR USER ID 1","timestamp":"2026-05-29T05:17:24.493Z"}
{"level":"info","message":"USER AUTHENTICATED: 1","timestamp":"2026-05-29T05:17:24.495Z"}
{"level":"info","message":"USER ROLE: 1","timestamp":"2026-05-29T05:17:24.497Z"}
{"level":"info","message":"ALLOWED ROLES: 1","timestamp":"2026-05-29T05:17:24.498Z"}
{"level":"info","message":"USER AUTHORIZED SUCCESSFULLY","timestamp":"2026-05-29T05:17:24.499Z"}
{"level":"info","message":"Server running on port 3000","timestamp":"2026-05-29T05:34:09.424Z"}
{"level":"info","message":"Server running on port 3000","timestamp":"2026-05-29T07:01:10.936Z"}
{"level":"info","message":"Server running on port 3000","timestamp":"2026-05-29T07:07:07.236Z"}
{"level":"info","message":"Server running on port 3000","timestamp":"2026-05-29T07:41:49.892Z"}
{"level":"info","message":"VERIFYING JWT TOKEN","timestamp":"2026-05-29T07:42:44.300Z"}
{"level":"info","message":"JWT TOKEN VERIFIED FOR USER ID 1","timestamp":"2026-05-29T07:42:44.328Z"}
{"level":"info","message":"USER AUTHENTICATED: 1","timestamp":"2026-05-29T07:42:44.329Z"}
{"level":"error","message":"ROLE AUTHORIZATION ERROR userRole is not defined","stack":"ReferenceError: userRole is not defined\n    at file:///D:/About_LexiconNetworks/Library_Management_System/backend/src/middlewares/auth.middleware.js:78:27\n    at Layer.handleRequest (D:\\About_LexiconNetworks\\Library_Management_System\\backend\\node_modules\\router\\lib\\layer.js:152:17)\n    at next (D:\\About_LexiconNetworks\\Library_Management_System\\backend\\node_modules\\router\\lib\\route.js:157:13)\n    at verifyJWT (file:///D:/About_LexiconNetworks/Library_Management_System/backend/src/middlewares/auth.middleware.js:59:5)\n    at Layer.handleRequest (D:\\About_LexiconNetworks\\Library_Management_System\\backend\\node_modules\\router\\lib\\layer.js:152:17)\n    at next (D:\\About_LexiconNetworks\\Library_Management_System\\backend\\node_modules\\router\\lib\\route.js:157:13)\n    at Route.dispatch (D:\\About_LexiconNetworks\\Library_Management_System\\backend\\node_modules\\router\\lib\\route.js:117:3)\n    at handle (D:\\About_LexiconNetworks\\Library_Management_System\\backend\\node_modules\\router\\index.js:435:11)\n    at Layer.handleRequest (D:\\About_LexiconNetworks\\Library_Management_System\\backend\\node_modules\\router\\lib\\layer.js:152:17)\n    at D:\\About_LexiconNetworks\\Library_Management_System\\backend\\node_modules\\router\\index.js:295:15","timestamp":"2026-05-29T07:42:44.330Z"}
{"level":"info","message":"Server running on port 3000","timestamp":"2026-05-29T07:46:57.477Z"}
{"level":"info","message":"Server running on port 3000","timestamp":"2026-05-29T07:47:05.536Z"}
{"level":"info","message":"Server running on port 3000","timestamp":"2026-05-29T07:47:09.244Z"}
{"level":"info","message":"Server running on port 3000","timestamp":"2026-05-29T07:47:12.115Z"}
{"level":"info","message":"Server running on port 3000","timestamp":"2026-05-29T07:47:19.881Z"}
{"level":"info","message":"Server running on port 3000","timestamp":"2026-05-29T07:47:28.921Z"}
{"level":"info","message":"Server running on port 3000","timestamp":"2026-05-29T07:48:08.402Z"}
{"level":"info","message":"Server running on port 3000","timestamp":"2026-05-29T07:48:13.584Z"}
{"level":"info","message":"Server running on port 3000","timestamp":"2026-05-29T07:48:17.250Z"}
{"level":"info","message":"Server running on port 3000","timestamp":"2026-05-29T07:48:19.260Z"}
{"level":"info","message":"VERIFYING JWT TOKEN","timestamp":"2026-05-29T07:48:46.416Z"}
{"level":"info","message":"JWT TOKEN VERIFIED FOR USER ID 1","timestamp":"2026-05-29T07:48:46.421Z"}
{"level":"info","message":"USER AUTHENTICATED: 1","timestamp":"2026-05-29T07:48:46.422Z"}
{"level":"error","message":"ROLE AUTHORIZATION ERROR userRole is not defined","stack":"ReferenceError: userRole is not defined\n    at file:///D:/About_LexiconNetworks/Library_Management_System/backend/src/middlewares/auth.middleware.js:78:27\n    at Layer.handleRequest (D:\\About_LexiconNetworks\\Library_Management_System\\backend\\node_modules\\router\\lib\\layer.js:152:17)\n    at next (D:\\About_LexiconNetworks\\Library_Management_System\\backend\\node_modules\\router\\lib\\route.js:157:13)\n    at verifyJWT (file:///D:/About_LexiconNetworks/Library_Management_System/backend/src/middlewares/auth.middleware.js:59:5)\n    at Layer.handleRequest (D:\\About_LexiconNetworks\\Library_Management_System\\backend\\node_modules\\router\\lib\\layer.js:152:17)\n    at next (D:\\About_LexiconNetworks\\Library_Management_System\\backend\\node_modules\\router\\lib\\route.js:157:13)\n    at Route.dispatch (D:\\About_LexiconNetworks\\Library_Management_System\\backend\\node_modules\\router\\lib\\route.js:117:3)\n    at handle (D:\\About_LexiconNetworks\\Library_Management_System\\backend\\node_modules\\router\\index.js:435:11)\n    at Layer.handleRequest (D:\\About_LexiconNetworks\\Library_Management_System\\backend\\node_modules\\router\\lib\\layer.js:152:17)\n    at D:\\About_LexiconNetworks\\Library_Management_System\\backend\\node_modules\\router\\index.js:295:15","timestamp":"2026-05-29T07:48:46.423Z"}
{"level":"info","message":"Server running on port 3000","timestamp":"2026-05-29T07:49:54.130Z"}
{"level":"info","message":"Server running on port 3000","timestamp":"2026-05-29T07:50:14.829Z"}
{"level":"info","message":"Server running on port 3000","timestamp":"2026-05-29T07:50:17.606Z"}
{"level":"info","message":"VERIFYING JWT TOKEN","timestamp":"2026-05-29T07:50:23.157Z"}
{"level":"info","message":"JWT TOKEN VERIFIED FOR USER ID 1","timestamp":"2026-05-29T07:50:23.161Z"}
{"level":"info","message":"USER AUTHENTICATED: 1","timestamp":"2026-05-29T07:50:23.161Z"}
{"level":"info","message":"GENERATING JWT TOKEN FOR USER ID 1","timestamp":"2026-05-29T07:50:36.291Z"}
{"level":"info","message":"JWT TOKEN GENERATED FOR USER ID 1","timestamp":"2026-05-29T07:50:36.293Z"}
{"level":"info","message":"LOGIN SUCCESS:admin@yopmail.com","timestamp":"2026-05-29T07:50:36.294Z"}
{"level":"info","message":"VERIFYING JWT TOKEN","timestamp":"2026-05-29T07:50:51.995Z"}
{"level":"info","message":"JWT TOKEN VERIFIED FOR USER ID 1","timestamp":"2026-05-29T07:50:51.997Z"}
{"level":"info","message":"USER AUTHENTICATED: 1","timestamp":"2026-05-29T07:50:51.997Z"}
{"level":"info","message":"Server running on port 3000","timestamp":"2026-05-29T07:51:14.252Z"}
{"level":"info","message":"VERIFYING JWT TOKEN","timestamp":"2026-05-29T07:51:16.294Z"}
{"level":"info","message":"JWT TOKEN VERIFIED FOR USER ID 1","timestamp":"2026-05-29T07:51:16.296Z"}
{"level":"info","message":"USER AUTHENTICATED: 1","timestamp":"2026-05-29T07:51:16.297Z"}
{"level":"info","message":"Server running on port 3000","timestamp":"2026-05-29T07:52:44.072Z"}
{"level":"info","message":"VERIFYING JWT TOKEN","timestamp":"2026-05-29T07:52:44.966Z"}
{"level":"info","message":"JWT TOKEN VERIFIED FOR USER ID 1","timestamp":"2026-05-29T07:52:44.969Z"}
{"level":"info","message":"USER AUTHENTICATED: 1","timestamp":"2026-05-29T07:52:44.970Z"}
{"level":"info","message":"VERIFYING JWT TOKEN","timestamp":"2026-05-29T07:52:50.862Z"}
{"level":"info","message":"JWT TOKEN VERIFIED FOR USER ID 1","timestamp":"2026-05-29T07:52:50.863Z"}
{"level":"info","message":"USER AUTHENTICATED: 1","timestamp":"2026-05-29T07:52:50.864Z"}
{"level":"info","message":"Server running on port 3000","timestamp":"2026-05-29T07:53:15.838Z"}
{"level":"info","message":"VERIFYING JWT TOKEN","timestamp":"2026-05-29T07:53:18.350Z"}
{"level":"info","message":"JWT TOKEN VERIFIED FOR USER ID 1","timestamp":"2026-05-29T07:53:18.353Z"}
{"level":"info","message":"USER AUTHENTICATED: 1","timestamp":"2026-05-29T07:53:18.354Z"}
{"level":"info","message":"GENERATING JWT TOKEN FOR USER ID 1","timestamp":"2026-05-29T07:53:55.693Z"}
{"level":"info","message":"JWT TOKEN GENERATED FOR USER ID 1","timestamp":"2026-05-29T07:53:55.696Z"}
{"level":"info","message":"LOGIN SUCCESS:admin@yopmail.com","timestamp":"2026-05-29T07:53:55.697Z"}
{"level":"info","message":"VERIFYING JWT TOKEN","timestamp":"2026-05-29T07:54:06.820Z"}
{"level":"info","message":"JWT TOKEN VERIFIED FOR USER ID 1","timestamp":"2026-05-29T07:54:06.821Z"}
{"level":"info","message":"USER AUTHENTICATED: 1","timestamp":"2026-05-29T07:54:06.822Z"}
{"level":"info","message":"Server running on port 3000","timestamp":"2026-05-29T07:54:45.474Z"}
{"level":"info","message":"Server running on port 3000","timestamp":"2026-05-29T07:55:01.619Z"}
{"level":"info","message":"VERIFYING JWT TOKEN","timestamp":"2026-05-29T07:55:03.039Z"}
{"level":"info","message":"JWT TOKEN VERIFIED FOR USER ID 1","timestamp":"2026-05-29T07:55:03.043Z"}
{"level":"info","message":"USER AUTHENTICATED: 1","timestamp":"2026-05-29T07:55:03.046Z"}
{"level":"info","message":"Server running on port 3000","timestamp":"2026-05-29T07:55:17.169Z"}
{"level":"info","message":"Server running on port 3000","timestamp":"2026-05-29T07:55:28.885Z"}
{"level":"info","message":"Server running on port 3000","timestamp":"2026-05-29T07:55:36.986Z"}
{"level":"info","message":"Server running on port 3000","timestamp":"2026-05-29T07:55:58.046Z"}
{"level":"info","message":"VERIFYING JWT TOKEN","timestamp":"2026-05-29T08:04:29.961Z"}
{"level":"info","message":"JWT TOKEN VERIFIED FOR USER ID 1","timestamp":"2026-05-29T08:04:29.966Z"}
{"level":"info","message":"USER AUTHENTICATED: 1","timestamp":"2026-05-29T08:04:29.967Z"}
{"level":"info","message":"VERIFYING JWT TOKEN","timestamp":"2026-05-29T08:04:43.860Z"}
{"level":"info","message":"JWT TOKEN VERIFIED FOR USER ID 1","timestamp":"2026-05-29T08:04:43.861Z"}
{"level":"info","message":"USER AUTHENTICATED: 1","timestamp":"2026-05-29T08:04:43.863Z"}
{"level":"info","message":"Server running on port 3000","timestamp":"2026-05-29T08:09:20.508Z"}
{"level":"info","message":"Server running on port 3000","timestamp":"2026-05-29T08:09:25.462Z"}
{"level":"info","message":"Server running on port 3000","timestamp":"2026-05-29T08:09:29.496Z"}
{"level":"info","message":"Server running on port 3000","timestamp":"2026-05-29T08:11:50.424Z"}
{"level":"info","message":"Server running on port 3000","timestamp":"2026-05-29T08:12:18.264Z"}
{"level":"info","message":"Server running on port 3000","timestamp":"2026-05-29T08:12:23.717Z"}
{"level":"info","message":"Server running on port 3000","timestamp":"2026-05-29T08:12:26.904Z"}
{"level":"info","message":"Server running on port 3000","timestamp":"2026-05-29T08:12:29.431Z"}
{"level":"info","message":"Server running on port 3000","timestamp":"2026-05-29T08:13:33.285Z"}
{"level":"info","message":"Server running on port 3000","timestamp":"2026-05-29T08:15:13.833Z"}
{"level":"info","message":"Server running on port 3000","timestamp":"2026-05-29T08:15:50.871Z"}
{"level":"info","message":"Server running on port 3000","timestamp":"2026-05-29T08:25:51.574Z"}
{"level":"info","message":"Server running on port 3000","timestamp":"2026-05-29T08:26:22.218Z"}
{"level":"info","message":"Server running on port 3000","timestamp":"2026-05-29T08:26:28.558Z"}
{"level":"info","message":"Server running on port 3000","timestamp":"2026-05-29T08:26:40.990Z"}
{"level":"info","message":"Server running on port 3000","timestamp":"2026-05-29T08:26:48.001Z"}
{"level":"info","message":"Server running on port 3000","timestamp":"2026-05-29T08:26:49.450Z"}
{"level":"info","message":"Server running on port 3000","timestamp":"2026-05-29T08:27:32.482Z"}
{"level":"info","message":"Server running on port 3000","timestamp":"2026-05-29T08:28:40.178Z"}
{"level":"info","message":"Server running on port 3000","timestamp":"2026-05-29T08:28:56.650Z"}
{"level":"info","message":"Server running on port 3000","timestamp":"2026-05-29T08:29:02.312Z"}
{"level":"info","message":"Server running on port 3000","timestamp":"2026-05-29T08:29:06.450Z"}
{"level":"info","message":"Server running on port 3000","timestamp":"2026-05-29T08:29:10.232Z"}
{"level":"info","message":"Server running on port 3000","timestamp":"2026-05-29T08:29:11.403Z"}
{"level":"info","message":"Server running on port 3000","timestamp":"2026-05-29T08:29:15.425Z"}
{"level":"info","message":"VERIFYING JWT TOKEN","timestamp":"2026-05-29T08:31:46.928Z"}
{"level":"info","message":"JWT TOKEN VERIFIED FOR USER ID 1","timestamp":"2026-05-29T08:31:46.934Z"}
{"level":"info","message":"USER AUTHENTICATED: 1","timestamp":"2026-05-29T08:31:46.936Z"}
{"level":"info","message":"CREATE USER REQUEST","timestamp":"2026-05-29T08:31:46.939Z"}
{"level":"info","message":"EMAIL SENT : <661d3c3a-3687-e209-25e6-ce15fe868012@gmail.com>","timestamp":"2026-05-29T08:31:50.233Z"}
{"level":"info","message":"USER REGISTERED : yash@yopmail.com","timestamp":"2026-05-29T08:31:50.234Z"}
{"level":"info","message":"Server running on port 3000","timestamp":"2026-05-29T08:33:37.826Z"}
{"level":"info","message":"VERIFYING JWT TOKEN","timestamp":"2026-05-29T08:33:49.542Z"}
{"level":"info","message":"JWT TOKEN VERIFIED FOR USER ID 1","timestamp":"2026-05-29T08:33:49.549Z"}
{"level":"info","message":"USER AUTHENTICATED: 1","timestamp":"2026-05-29T08:33:49.552Z"}
{"level":"info","message":"CREATE USER REQUEST","timestamp":"2026-05-29T08:33:49.555Z"}
{"level":"info","message":"EMAIL SENT : <d15c0296-4067-9abf-b54c-419ab7f78fa2@gmail.com>","timestamp":"2026-05-29T08:33:52.048Z"}
{"level":"info","message":"USER REGISTERED : yash1@yopmail.com","timestamp":"2026-05-29T08:33:52.049Z"}
{"level":"info","message":"Server running on port 3000","timestamp":"2026-05-29T08:37:55.246Z"}
{"level":"info","message":"Server running on port 3000","timestamp":"2026-05-29T08:37:57.617Z"}
{"level":"info","message":"VERIFYING JWT TOKEN","timestamp":"2026-05-29T08:38:06.612Z"}
{"level":"info","message":"JWT TOKEN VERIFIED FOR USER ID 1","timestamp":"2026-05-29T08:38:06.617Z"}
{"level":"info","message":"USER AUTHENTICATED: 1","timestamp":"2026-05-29T08:38:06.619Z"}
{"level":"info","message":"CREATE USER REQUEST","timestamp":"2026-05-29T08:38:06.622Z"}
{"level":"info","message":"EMAIL SENT : <ac16cf77-aa4d-f8fd-99dc-2b8931ee22c0@gmail.com>","timestamp":"2026-05-29T08:38:09.676Z"}
{"level":"info","message":"USER REGISTERED : yash2@yopmail.com","timestamp":"2026-05-29T08:38:09.676Z"}
{"level":"error","message":"FORGOT PASSWORD ERROR USER_NOT_VERIFIED","stack":"Error: USER_NOT_VERIFIED\n    at forgotPassword (file:///D:/About_LexiconNetworks/Library_Management_System/backend/src/controllers/auth.controller.js:230:13)\n    at process.processTicksAndRejections (node:internal/process/task_queues:103:5)","timestamp":"2026-05-29T08:38:33.934Z"}
{"level":"info","message":"VERIFY EMAIL HIT","timestamp":"2026-05-29T08:38:40.826Z","token":"3cce24b25b0a2cf9cae1","uid":"6"}
{"level":"info","message":"EMAIL VERIFIED SUCCESS: 6","timestamp":"2026-05-29T08:38:40.915Z"}
{"level":"info","message":"EMAIL SENT : <a3d5c30c-0863-9eb7-a78b-c5a9eedf0561@gmail.com>","timestamp":"2026-05-29T08:38:50.249Z"}
{"level":"info","message":"RESET EMAIL SENT : yash2@yopmail.com","timestamp":"2026-05-29T08:38:50.250Z"}
{"level":"error","message":"EMAIL SEND ERROR UNKNOWN_EMAIL_TYPE: password_success","stack":"Error: UNKNOWN_EMAIL_TYPE: password_success\n    at sendEmail (file:///D:/About_LexiconNetworks/Library_Management_System/backend/src/services/email.service.js:83:13)\n    at resetPassword (file:///D:/About_LexiconNetworks/Library_Management_System/backend/src/controllers/auth.controller.js:358:11)\n    at process.processTicksAndRejections (node:internal/process/task_queues:103:5)","timestamp":"2026-05-29T08:40:05.325Z"}
{"level":"error","message":"RESET PASSWORD ERROR UNKNOWN_EMAIL_TYPE: password_success","stack":"Error: UNKNOWN_EMAIL_TYPE: password_success\n    at sendEmail (file:///D:/About_LexiconNetworks/Library_Management_System/backend/src/services/email.service.js:83:13)\n    at resetPassword (file:///D:/About_LexiconNetworks/Library_Management_System/backend/src/controllers/auth.controller.js:358:11)\n    at process.processTicksAndRejections (node:internal/process/task_queues:103:5)","timestamp":"2026-05-29T08:40:05.326Z"}
{"level":"info","message":"Server running on port 3000","timestamp":"2026-05-29T08:41:16.981Z"}
{"level":"info","message":"Server running on port 3000","timestamp":"2026-05-29T08:41:20.039Z"}
{"level":"info","message":"Server running on port 3000","timestamp":"2026-05-29T08:41:36.172Z"}
{"level":"info","message":"Server running on port 3000","timestamp":"2026-05-29T08:41:38.729Z"}
{"level":"error","message":"RESET PASSWORD ERROR INVALID_TOKEN","stack":"Error: INVALID_TOKEN\n    at resetPassword (file:///D:/About_LexiconNetworks/Library_Management_System/backend/src/controllers/auth.controller.js:325:13)\n    at process.processTicksAndRejections (node:internal/process/task_queues:103:5)","timestamp":"2026-05-29T08:41:41.687Z"}
{"level":"info","message":"EMAIL SENT : <d36a621b-3295-b68c-af69-89d4f2f1309e@gmail.com>","timestamp":"2026-05-29T08:41:51.889Z"}
{"level":"info","message":"RESET EMAIL SENT : yash2@yopmail.com","timestamp":"2026-05-29T08:41:51.890Z"}
{"level":"error","message":"RESET PASSWORD ERROR NEW_PASSWORD_MUST_BE_DIFFERENT","stack":"Error: NEW_PASSWORD_MUST_BE_DIFFERENT\n    at resetPassword (file:///D:/About_LexiconNetworks/Library_Management_System/backend/src/controllers/auth.controller.js:341:13)","timestamp":"2026-05-29T08:42:18.760Z"}
{"level":"info","message":"EMAIL SENT : <8c0c3251-028b-f7ba-7042-2ac76b2f30af@gmail.com>","timestamp":"2026-05-29T08:42:27.091Z"}
{"level":"info","message":"PASSWORD RESET SUCCESS : yash2@yopmail.com","timestamp":"2026-05-29T08:42:27.092Z"}
{"level":"info","message":"EMAIL SENT : <d9db3b3d-a97f-7648-a39d-cc18053932b6@gmail.com>","timestamp":"2026-05-29T08:59:03.821Z"}
{"level":"info","message":"RESET EMAIL SENT : yash2@yopmail.com","timestamp":"2026-05-29T08:59:03.822Z"}
{"level":"error","message":"RESET PASSWORD ERROR NEW_PASSWORD_MUST_BE_DIFFERENT","stack":"Error: NEW_PASSWORD_MUST_BE_DIFFERENT\n    at resetPassword (file:///D:/About_LexiconNetworks/Library_Management_System/backend/src/controllers/auth.controller.js:341:13)","timestamp":"2026-05-29T08:59:22.780Z"}
{"level":"info","message":"EMAIL SENT : <c5ad5f09-ded8-2b46-e28b-0be716818eec@gmail.com>","timestamp":"2026-05-29T08:59:31.539Z"}
{"level":"info","message":"PASSWORD RESET SUCCESS : yash2@yopmail.com","timestamp":"2026-05-29T08:59:31.539Z"}
{"level":"info","message":"GENERATING JWT TOKEN FOR USER ID 3","timestamp":"2026-05-29T08:59:51.812Z"}
{"level":"info","message":"JWT TOKEN GENERATED FOR USER ID 3","timestamp":"2026-05-29T08:59:51.816Z"}
{"level":"info","message":"LOGIN SUCCESS:saurabh@yopmail.com","timestamp":"2026-05-29T08:59:51.817Z"}
{"level":"info","message":"VERIFYING JWT TOKEN","timestamp":"2026-05-29T09:00:10.778Z"}
{"level":"info","message":"JWT TOKEN VERIFIED FOR USER ID 3","timestamp":"2026-05-29T09:00:10.780Z"}
{"level":"info","message":"USER AUTHENTICATED: 3","timestamp":"2026-05-29T09:00:10.781Z"}
{"level":"info","message":"GENERATING JWT TOKEN FOR USER ID 1","timestamp":"2026-05-29T09:00:31.742Z"}
{"level":"info","message":"JWT TOKEN GENERATED FOR USER ID 1","timestamp":"2026-05-29T09:00:31.744Z"}
{"level":"info","message":"LOGIN SUCCESS:admin@yopmail.com","timestamp":"2026-05-29T09:00:31.745Z"}
{"level":"info","message":"VERIFYING JWT TOKEN","timestamp":"2026-05-29T09:00:43.360Z"}
{"level":"info","message":"JWT TOKEN VERIFIED FOR USER ID 1","timestamp":"2026-05-29T09:00:43.361Z"}
{"level":"info","message":"USER AUTHENTICATED: 1","timestamp":"2026-05-29T09:00:43.362Z"}
{"level":"error","message":"APPROVE REQUEST ERROR REQUEST_NOT_PENDING","stack":"Error: REQUEST_NOT_PENDING\n    at approveRequest (file:///D:/About_LexiconNetworks/Library_Management_System/backend/src/controllers/book_request.controller.js:425:13)\n    at process.processTicksAndRejections (node:internal/process/task_queues:103:5)","timestamp":"2026-05-29T09:00:43.377Z"}
{"level":"info","message":"VERIFYING JWT TOKEN","timestamp":"2026-05-29T09:00:53.271Z"}
{"level":"info","message":"JWT TOKEN VERIFIED FOR USER ID 1","timestamp":"2026-05-29T09:00:53.271Z"}
{"level":"info","message":"USER AUTHENTICATED: 1","timestamp":"2026-05-29T09:00:53.272Z"}
{"level":"info","message":"EMAIL SENT : <02837c44-ae3d-1114-9897-d8462ff0adc2@gmail.com>","timestamp":"2026-05-29T09:00:56.431Z"}
{"level":"info","message":"VERIFYING JWT TOKEN","timestamp":"2026-05-29T09:01:32.794Z"}
{"level":"info","message":"JWT TOKEN VERIFIED FOR USER ID 1","timestamp":"2026-05-29T09:01:32.795Z"}
{"level":"info","message":"USER AUTHENTICATED: 1","timestamp":"2026-05-29T09:01:32.795Z"}
{"level":"info","message":"VERIFYING JWT TOKEN","timestamp":"2026-05-29T09:01:50.981Z"}
{"level":"info","message":"JWT TOKEN VERIFIED FOR USER ID 1","timestamp":"2026-05-29T09:01:50.982Z"}
{"level":"info","message":"USER AUTHENTICATED: 1","timestamp":"2026-05-29T09:01:50.983Z"}
{"level":"error","message":"REJECT REQUEST ERROR Cannot read properties of undefined (reading 'reason')","stack":"TypeError: Cannot read properties of undefined (reading 'reason')\n    at rejectRequest (file:///D:/About_LexiconNetworks/Library_Management_System/backend/src/controllers/book_request.controller.js:565:13)\n    at Layer.handleRequest (D:\\About_LexiconNetworks\\Library_Management_System\\backend\\node_modules\\router\\lib\\layer.js:152:17)\n    at next (D:\\About_LexiconNetworks\\Library_Management_System\\backend\\node_modules\\router\\lib\\route.js:157:13)\n    at file:///D:/About_LexiconNetworks/Library_Management_System/backend/src/middlewares/schema_validator.middleware.js:70:7\n    at Layer.handleRequest (D:\\About_LexiconNetworks\\Library_Management_System\\backend\\node_modules\\router\\lib\\layer.js:152:17)\n    at next (D:\\About_LexiconNetworks\\Library_Management_System\\backend\\node_modules\\router\\lib\\route.js:157:13)\n    at file:///D:/About_LexiconNetworks/Library_Management_System/backend/src/middlewares/schema_validator.middleware.js:70:7\n    at Layer.handleRequest (D:\\About_LexiconNetworks\\Library_Management_System\\backend\\node_modules\\router\\lib\\layer.js:152:17)\n    at next (D:\\About_LexiconNetworks\\Library_Management_System\\backend\\node_modules\\router\\lib\\route.js:157:13)\n    at file:///D:/About_LexiconNetworks/Library_Management_System/backend/src/middlewares/auth.middleware.js:87:7","timestamp":"2026-05-29T09:01:50.984Z"}
{"level":"info","message":"GENERATING JWT TOKEN FOR USER ID 1","timestamp":"2026-05-29T09:02:00.106Z"}
{"level":"info","message":"JWT TOKEN GENERATED FOR USER ID 1","timestamp":"2026-05-29T09:02:00.107Z"}
{"level":"info","message":"LOGIN SUCCESS:admin@yopmail.com","timestamp":"2026-05-29T09:02:00.107Z"}
{"level":"info","message":"VERIFYING JWT TOKEN","timestamp":"2026-05-29T09:02:09.919Z"}
{"level":"info","message":"JWT TOKEN VERIFIED FOR USER ID 1","timestamp":"2026-05-29T09:02:09.920Z"}
{"level":"info","message":"USER AUTHENTICATED: 1","timestamp":"2026-05-29T09:02:09.921Z"}
{"level":"error","message":"REJECT REQUEST ERROR Cannot read properties of undefined (reading 'reason')","stack":"TypeError: Cannot read properties of undefined (reading 'reason')\n    at rejectRequest (file:///D:/About_LexiconNetworks/Library_Management_System/backend/src/controllers/book_request.controller.js:565:13)\n    at Layer.handleRequest (D:\\About_LexiconNetworks\\Library_Management_System\\backend\\node_modules\\router\\lib\\layer.js:152:17)\n    at next (D:\\About_LexiconNetworks\\Library_Management_System\\backend\\node_modules\\router\\lib\\route.js:157:13)\n    at file:///D:/About_LexiconNetworks/Library_Management_System/backend/src/middlewares/schema_validator.middleware.js:70:7\n    at Layer.handleRequest (D:\\About_LexiconNetworks\\Library_Management_System\\backend\\node_modules\\router\\lib\\layer.js:152:17)\n    at next (D:\\About_LexiconNetworks\\Library_Management_System\\backend\\node_modules\\router\\lib\\route.js:157:13)\n    at file:///D:/About_LexiconNetworks/Library_Management_System/backend/src/middlewares/schema_validator.middleware.js:70:7\n    at Layer.handleRequest (D:\\About_LexiconNetworks\\Library_Management_System\\backend\\node_modules\\router\\lib\\layer.js:152:17)\n    at next (D:\\About_LexiconNetworks\\Library_Management_System\\backend\\node_modules\\router\\lib\\route.js:157:13)\n    at file:///D:/About_LexiconNetworks/Library_Management_System/backend/src/middlewares/auth.middleware.js:87:7","timestamp":"2026-05-29T09:02:09.922Z"}
{"level":"info","message":"VERIFYING JWT TOKEN","timestamp":"2026-05-29T09:02:55.684Z"}
{"level":"info","message":"JWT TOKEN VERIFIED FOR USER ID 1","timestamp":"2026-05-29T09:02:55.685Z"}
{"level":"info","message":"USER AUTHENTICATED: 1","timestamp":"2026-05-29T09:02:55.686Z"}
{"level":"info","message":"EMAIL SENT : <970c5915-f0a3-7002-a0a5-1075835440ad@gmail.com>","timestamp":"2026-05-29T09:02:58.251Z"}
{"level":"info","message":"Server running on port 3000","timestamp":"2026-05-29T09:03:54.844Z"}
{"level":"info","message":"Server running on port 3000","timestamp":"2026-05-29T09:05:02.613Z"}
{"level":"info","message":"Server running on port 3000","timestamp":"2026-05-29T09:05:04.354Z"}
{"level":"info","message":"Server running on port 3000","timestamp":"2026-05-29T09:05:11.705Z"}
{"level":"info","message":"Server running on port 3000","timestamp":"2026-05-29T09:05:15.091Z"}
{"level":"info","message":"Server running on port 3000","timestamp":"2026-05-29T09:05:25.064Z"}
{"level":"info","message":"Server running on port 3000","timestamp":"2026-05-29T09:05:31.011Z"}
{"level":"info","message":"Server running on port 3000","timestamp":"2026-05-29T09:05:32.523Z"}
{"level":"info","message":"Server running on port 3000","timestamp":"2026-05-29T09:05:37.441Z"}
{"level":"info","message":"Server running on port 3000","timestamp":"2026-05-29T09:05:40.798Z"}
{"level":"info","message":"Server running on port 3000","timestamp":"2026-05-29T09:06:18.223Z"}
{"level":"info","message":"Server running on port 3000","timestamp":"2026-05-29T09:06:49.627Z"}
{"level":"info","message":"Server running on port 3000","timestamp":"2026-05-29T09:07:01.372Z"}
{"level":"info","message":"Server running on port 3000","timestamp":"2026-05-29T09:07:17.331Z"}
{"level":"info","message":"Server running on port 3000","timestamp":"2026-05-29T09:08:37.467Z"}
{"level":"info","message":"Server running on port 3000","timestamp":"2026-05-29T09:08:57.060Z"}
{"level":"info","message":"Server running on port 3000","timestamp":"2026-05-29T09:09:36.176Z"}
{"level":"info","message":"Server running on port 3000","timestamp":"2026-05-29T09:09:37.252Z"}
{"level":"info","message":"Server running on port 3000","timestamp":"2026-05-29T09:10:10.434Z"}
{"level":"info","message":"Server running on port 3000","timestamp":"2026-05-29T09:10:31.628Z"}
{"level":"info","message":"Server running on port 3000","timestamp":"2026-05-29T09:39:22.022Z"}
{"level":"info","message":"Server running on port 3000","timestamp":"2026-05-29T09:39:31.743Z"}
{"level":"info","message":"Server running on port 3000","timestamp":"2026-05-29T09:39:38.988Z"}
{"level":"info","message":"Server running on port 3000","timestamp":"2026-05-29T09:39:41.326Z"}
{"level":"info","message":"Server running on port 3000","timestamp":"2026-05-29T09:48:39.895Z"}
{"level":"info","message":"Server running on port 3000","timestamp":"2026-05-29T09:48:43.769Z"}
{"level":"info","message":"Server running on port 3000","timestamp":"2026-05-29T09:48:48.336Z"}
{"level":"info","message":"Server running on port 3000","timestamp":"2026-05-29T09:49:22.363Z"}
{"level":"info","message":"Server running on port 3000","timestamp":"2026-05-29T09:49:30.624Z"}
{"level":"info","message":"Server running on port 3000","timestamp":"2026-05-29T09:49:31.768Z"}
{"level":"info","message":"Server running on port 3000","timestamp":"2026-05-29T10:11:52.464Z"}
{"level":"info","message":"Server running on port 3000","timestamp":"2026-05-29T10:17:41.664Z"}
{"level":"info","message":"Server running on port 3000","timestamp":"2026-05-29T10:17:42.767Z"}
{"level":"info","message":"Server running on port 3000","timestamp":"2026-05-29T10:18:08.617Z"}
{"level":"info","message":"Server running on port 3000","timestamp":"2026-05-29T10:18:14.985Z"}
{"level":"info","message":"Server running on port 3000","timestamp":"2026-05-29T10:18:44.163Z"}
{"level":"info","message":"Server running on port 3000","timestamp":"2026-05-29T10:18:45.539Z"}
{"level":"info","message":"Server running on port 3000","timestamp":"2026-05-29T10:20:06.610Z"}
{"level":"info","message":"Server running on port 3000","timestamp":"2026-05-29T10:20:17.094Z"}
{"level":"info","message":"Server running on port 3000","timestamp":"2026-05-29T13:16:54.568Z"}
{"level":"info","message":"Server running on port 3000","timestamp":"2026-05-29T13:17:07.333Z"}
{"level":"info","message":"Server running on port 3000","timestamp":"2026-05-29T13:20:00.963Z"}
